test,kind,game_id,game_b,lag_s
a1_receipt,real,cfb_20261003_mtu_ku,,0.09
a2_venue,real,cfb_20261003_mtu_ku,,0.06
a1_receipt,placebo,cfb_20261003_mtu_ku,cfb_20261003_navy_afa,-0.99
a2_venue,placebo,cfb_20261003_mtu_ku,cfb_20261003_navy_afa,-0.51
a1_receipt,real,cfb_20261003_navy_afa,,0.1
a2_venue,real,cfb_20261003_navy_afa,,0.07
a1_receipt,placebo,cfb_20261003_navy_afa,cfb_20261003_nd_unc,-0.16
a2_venue,placebo,cfb_20261003_navy_afa,cfb_20261003_nd_unc,-0.16
a1_receipt,real,cfb_20261003_nd_unc,,0.18
a2_venue,real,cfb_20261003_nd_unc,,0.14
a1_receipt,placebo,cfb_20261003_nd_unc,cfb_20261003_wvu_isu,-0.53
a2_venue,placebo,cfb_20261003_nd_unc,cfb_20261003_wvu_isu,-0.55
a1_receipt,real,cfb_20261003_wvu_isu,,0.11
a2_venue,real,cfb_20261003_wvu_isu,,0.08
a1_receipt,placebo,cfb_20261003_wvu_isu,cfb_20261003_prin_clmb,0.9
a2_venue,placebo,cfb_20261003_wvu_isu,cfb_20261003_prin_clmb,0.98
a1_receipt,real,cfb_20261003_prin_clmb,,0.17
a2_venue,real,cfb_20261003_prin_clmb,,0.13
a1_receipt,placebo,cfb_20261003_prin_clmb,cfb_20261003_for_leh,0.71
a2_venue,placebo,cfb_20261003_prin_clmb,cfb_20261003_for_leh,0.69
a1_receipt,real,cfb_20261003_for_leh,,0.09
a2_venue,real,cfb_20261003_for_leh,,0.07
a1_receipt,placebo,cfb_20261003_for_leh,cfb_20261003_syr_conn,0.75
a2_venue,placebo,cfb_20261003_for_leh,cfb_20261003_syr_conn,0.73
a1_receipt,real,cfb_20261003_syr_conn,,0.09
a2_venue,real,cfb_20261003_syr_conn,,0.1
a1_receipt,placebo,cfb_20261003_syr_conn,cfb_20261003_brwn_uri,-0.56
a2_venue,placebo,cfb_20261003_syr_conn,cfb_20261003_brwn_uri,-0.58
a1_receipt,real,cfb_20261003_brwn_uri,,0.1
a2_venue,real,cfb_20261003_brwn_uri,,0.07
a1_receipt,placebo,cfb_20261003_brwn_uri,cfb_20261003_mhu_liu,0.95
a2_venue,placebo,cfb_20261003_brwn_uri,cfb_20261003_mhu_liu,0.07
a1_receipt,real,cfb_20261003_mhu_liu,,0.09
a2_venue,real,cfb_20261003_mhu_liu,,0.07
a1_receipt,placebo,cfb_20261003_mhu_liu,cfb_20261003_mich_minn,1.0
a2_venue,placebo,cfb_20261003_mhu_liu,cfb_20261003_mich_minn,-0.54
a1_receipt,real,cfb_20261003_mich_minn,,0.08
a2_venue,real,cfb_20261003_mich_minn,,0.87
a1_receipt,placebo,cfb_20261003_mich_minn,cfb_20261003_mrmk_yale,-0.29
a2_venue,placebo,cfb_20261003_mich_minn,cfb_20261003_mrmk_yale,-0.28
a1_receipt,real,cfb_20261003_mrmk_yale,,0.09
a2_venue,real,cfb_20261003_mrmk_yale,,0.07
a1_receipt,placebo,cfb_20261003_mrmk_yale,cfb_20261003_ucf_hou,0.22
a2_venue,placebo,cfb_20261003_mrmk_yale,cfb_20261003_ucf_hou,0.37
a1_receipt,real,cfb_20261003_ucf_hou,,0.09
a2_venue,real,cfb_20261003_ucf_hou,,0.08
a1_receipt,placebo,cfb_20261003_ucf_hou,cfb_20261003_ust_pre,0.1
a2_venue,placebo,cfb_20261003_ucf_hou,cfb_20261003_ust_pre,0.42
a1_receipt,real,cfb_20261003_ust_pre,,0.09
a2_venue,real,cfb_20261003_ust_pre,,0.07
a1_receipt,placebo,cfb_20261003_ust_pre,cfb_20261003_ala_msst,0.68
a2_venue,placebo,cfb_20261003_ust_pre,cfb_20261003_ala_msst,0.41
a1_receipt,real,cfb_20261003_ala_msst,,0.26
a2_venue,real,cfb_20261003_ala_msst,,0.26
a1_receipt,placebo,cfb_20261003_ala_msst,cfb_20261003_bc_smu,-0.69
a2_venue,placebo,cfb_20261003_ala_msst,cfb_20261003_bc_smu,-0.96
a1_receipt,real,cfb_20261003_bc_smu,,0.27
a2_venue,real,cfb_20261003_bc_smu,,0.07
a1_receipt,placebo,cfb_20261003_bc_smu,cfb_20261003_msu_wis,0.8
a2_venue,placebo,cfb_20261003_bc_smu,cfb_20261003_msu_wis,0.81
a1_receipt,real,cfb_20261003_msu_wis,,0.83
a2_venue,real,cfb_20261003_msu_wis,,0.81
a1_receipt,placebo,cfb_20261003_msu_wis,cfb_20261003_cor_gtwn,-1.0
a2_venue,placebo,cfb_20261003_msu_wis,cfb_20261003_cor_gtwn,-1.0
a1_receipt,real,cfb_20261003_cor_gtwn,,0.09
a2_venue,real,cfb_20261003_cor_gtwn,,0.07
a1_receipt,placebo,cfb_20261003_cor_gtwn,cfb_20261003_rich_laf,-0.23
a2_venue,placebo,cfb_20261003_cor_gtwn,cfb_20261003_rich_laf,0.62
a1_receipt,real,cfb_20261003_rich_laf,,0.09
a2_venue,real,cfb_20261003_rich_laf,,0.07
a1_receipt,placebo,cfb_20261003_rich_laf,cfb_20261003_wmu_buff,-0.67
a2_venue,placebo,cfb_20261003_rich_laf,cfb_20261003_wmu_buff,-0.38
a1_receipt,real,cfb_20261003_wmu_buff,,0.22
a2_venue,real,cfb_20261003_wmu_buff,,0.07
a1_receipt,placebo,cfb_20261003_wmu_buff,cfb_20261003_day_drke,-0.75
a2_venue,placebo,cfb_20261003_wmu_buff,cfb_20261003_day_drke,-0.02
a1_receipt,real,cfb_20261003_day_drke,,0.09
a2_venue,real,cfb_20261003_day_drke,,0.07
a1_receipt,placebo,cfb_20261003_day_drke,cfb_20261003_valp_more,-0.59
a2_venue,placebo,cfb_20261003_day_drke,cfb_20261003_valp_more,0.53
a1_receipt,real,cfb_20261003_valp_more,,0.09
a2_venue,real,cfb_20261003_valp_more,,0.07
a1_receipt,placebo,cfb_20261003_valp_more,cfb_20261003_elon_unh,-0.22
a2_venue,placebo,cfb_20261003_valp_more,cfb_20261003_elon_unh,0.94
a1_receipt,real,cfb_20261003_elon_unh,,0.09
a2_venue,real,cfb_20261003_elon_unh,,0.07
a1_receipt,placebo,cfb_20261003_elon_unh,cfb_20261003_mrst_stet,0.86
a2_venue,placebo,cfb_20261003_elon_unh,cfb_20261003_mrst_stet,0.68
a1_receipt,real,cfb_20261003_mrst_stet,,0.09
a2_venue,real,cfb_20261003_mrst_stet,,0.07
a1_receipt,placebo,cfb_20261003_mrst_stet,cfb_20261003_morg_vill,0.77
a2_venue,placebo,cfb_20261003_mrst_stet,cfb_20261003_morg_vill,-0.12
a1_receipt,real,cfb_20261003_morg_vill,,0.09
a2_venue,real,cfb_20261003_morg_vill,,0.07
a1_receipt,placebo,cfb_20261003_morg_vill,cfb_20261003_tows_monm,0.9
a2_venue,placebo,cfb_20261003_morg_vill,cfb_20261003_tows_monm,-0.05
a1_receipt,real,cfb_20261003_tows_monm,,0.09
a2_venue,real,cfb_20261003_tows_monm,,0.07
a1_receipt,placebo,cfb_20261003_tows_monm,cfb_20261003_penn_dart,-0.06
a2_venue,placebo,cfb_20261003_tows_monm,cfb_20261003_penn_dart,-0.25
a1_receipt,real,cfb_20261003_penn_dart,,0.09
a2_venue,real,cfb_20261003_penn_dart,,0.07
a1_receipt,placebo,cfb_20261003_penn_dart,cfb_20261003_mer_vmi,0.34
a2_venue,placebo,cfb_20261003_penn_dart,cfb_20261003_mer_vmi,0.31
a1_receipt,real,cfb_20261003_mer_vmi,,0.64
a2_venue,real,cfb_20261003_mer_vmi,,0.61
a1_receipt,placebo,cfb_20261003_mer_vmi,cfb_20261003_tol_ball,0.57
a2_venue,placebo,cfb_20261003_mer_vmi,cfb_20261003_tol_ball,-0.7
a1_receipt,real,cfb_20261003_tol_ball,,0.08
a2_venue,real,cfb_20261003_tol_ball,,0.06
a1_receipt,placebo,cfb_20261003_tol_ball,cfb_20261003_norf_rmu,0.65
a2_venue,placebo,cfb_20261003_tol_ball,cfb_20261003_norf_rmu,0.63
a1_receipt,real,cfb_20261003_norf_rmu,,0.09
a2_venue,real,cfb_20261003_norf_rmu,,0.07
a1_receipt,placebo,cfb_20261003_norf_rmu,cfb_20261003_wof_fur,-0.63
a2_venue,placebo,cfb_20261003_norf_rmu,cfb_20261003_wof_fur,0.68
a1_receipt,real,cfb_20261003_wof_fur,,0.09
a2_venue,real,cfb_20261003_wof_fur,,0.07
a1_receipt,placebo,cfb_20261003_wof_fur,cfb_20261003_cit_scst,0.45
a2_venue,placebo,cfb_20261003_wof_fur,cfb_20261003_cit_scst,-0.99
a1_receipt,real,cfb_20261003_cit_scst,,0.09
a2_venue,real,cfb_20261003_cit_scst,,0.07
a1_receipt,real,cfb_20261003_pv_mvsu,,0.09
a2_venue,real,cfb_20261003_pv_mvsu,,0.07
a1_receipt,placebo,cfb_20261003_pv_mvsu,cfb_20261003_inst_sdak,-0.58
a2_venue,placebo,cfb_20261003_pv_mvsu,cfb_20261003_inst_sdak,-0.73
a1_receipt,real,cfb_20261003_inst_sdak,,0.09
a2_venue,real,cfb_20261003_inst_sdak,,0.06
a1_receipt,placebo,cfb_20261003_inst_sdak,cfb_20261003_alcn_gram,0.4
a2_venue,placebo,cfb_20261003_inst_sdak,cfb_20261003_alcn_gram,-0.35
a1_receipt,real,cfb_20261003_alcn_gram,,0.09
a2_venue,real,cfb_20261003_alcn_gram,,0.07
a1_receipt,placebo,cfb_20261003_alcn_gram,cfb_20261003_how_hamp,0.82
a2_venue,placebo,cfb_20261003_alcn_gram,cfb_20261003_how_hamp,-0.91
a1_receipt,real,cfb_20261003_how_hamp,,0.09
a2_venue,real,cfb_20261003_how_hamp,,0.07
a1_receipt,placebo,cfb_20261003_how_hamp,cfb_20261003_shu_me,0.91
a2_venue,placebo,cfb_20261003_how_hamp,cfb_20261003_shu_me,-0.35
a1_receipt,real,cfb_20261003_shu_me,,0.09
a2_venue,real,cfb_20261003_shu_me,,0.06
a1_receipt,placebo,cfb_20261003_shu_me,cfb_20261003_chat_etsu,-0.82
a2_venue,placebo,cfb_20261003_shu_me,cfb_20261003_chat_etsu,-0.84
a1_receipt,real,cfb_20261003_chat_etsu,,0.09
a2_venue,real,cfb_20261003_chat_etsu,,0.06
a1_receipt,placebo,cfb_20261003_chat_etsu,cfb_20261003_cal_unlv,-0.13
a2_venue,placebo,cfb_20261003_chat_etsu,cfb_20261003_cal_unlv,-0.39
a1_receipt,real,cfb_20261003_cal_unlv,,0.31
a2_venue,real,cfb_20261003_cal_unlv,,0.06
a1_receipt,placebo,cfb_20261003_cal_unlv,cfb_20261003_osu_iowa,-0.8
a2_venue,placebo,cfb_20261003_cal_unlv,cfb_20261003_osu_iowa,-0.18
a1_receipt,real,cfb_20261003_osu_iowa,,0.29
a2_venue,real,cfb_20261003_osu_iowa,,-0.65
a1_receipt,placebo,cfb_20261003_osu_iowa,cfb_20261003_ohio_kent,-0.06
a2_venue,placebo,cfb_20261003_osu_iowa,cfb_20261003_ohio_kent,-0.69
a1_receipt,real,cfb_20261003_ohio_kent,,0.09
a2_venue,real,cfb_20261003_ohio_kent,,0.07
a1_receipt,placebo,cfb_20261003_ohio_kent,cfb_20261003_odu_gast,0.14
a2_venue,placebo,cfb_20261003_ohio_kent,cfb_20261003_odu_gast,0.0
a1_receipt,real,cfb_20261003_odu_gast,,0.09
a2_venue,real,cfb_20261003_odu_gast,,0.07
a1_receipt,placebo,cfb_20261003_odu_gast,cfb_20261003_bgsu_moh,0.98
a2_venue,placebo,cfb_20261003_odu_gast,cfb_20261003_bgsu_moh,-0.73
a1_receipt,real,cfb_20261003_bgsu_moh,,0.09
a2_venue,real,cfb_20261003_bgsu_moh,,0.07
a1_receipt,placebo,cfb_20261003_bgsu_moh,cfb_20261003_aub_tenn,-0.51
a2_venue,placebo,cfb_20261003_bgsu_moh,cfb_20261003_aub_tenn,0.78
a1_receipt,real,cfb_20261003_aub_tenn,,0.12
a2_venue,real,cfb_20261003_aub_tenn,,0.33
a1_receipt,placebo,cfb_20261003_aub_tenn,cfb_20261003_lou_ncst,0.93
a2_venue,placebo,cfb_20261003_aub_tenn,cfb_20261003_lou_ncst,0.91
a1_receipt,real,cfb_20261003_lou_ncst,,0.12
a2_venue,real,cfb_20261003_lou_ncst,,0.1
a1_receipt,placebo,cfb_20261003_lou_ncst,cfb_20261003_wyo_ndsu,0.8
a2_venue,placebo,cfb_20261003_lou_ncst,cfb_20261003_wyo_ndsu,-0.33
a1_receipt,real,cfb_20261003_wyo_ndsu,,0.18
a2_venue,real,cfb_20261003_wyo_ndsu,,0.07
a1_receipt,placebo,cfb_20261003_wyo_ndsu,cfb_20261003_akr_cmu,-0.33
a2_venue,placebo,cfb_20261003_wyo_ndsu,cfb_20261003_akr_cmu,-0.35
a1_receipt,real,cfb_20261003_akr_cmu,,0.08
a2_venue,real,cfb_20261003_akr_cmu,,0.07
a1_receipt,placebo,cfb_20261003_akr_cmu,cfb_20261003_hc_wm,0.01
a2_venue,placebo,cfb_20261003_akr_cmu,cfb_20261003_hc_wm,-0.38
a1_receipt,real,cfb_20261003_hc_wm,,0.1
a2_venue,real,cfb_20261003_hc_wm,,0.07
a1_receipt,placebo,cfb_20261003_hc_wm,cfb_20261003_dsu_alby,0.88
a2_venue,placebo,cfb_20261003_hc_wm,cfb_20261003_dsu_alby,0.86
a1_receipt,real,cfb_20261003_dsu_alby,,0.08
a2_venue,real,cfb_20261003_dsu_alby,,0.06
a1_receipt,placebo,cfb_20261003_dsu_alby,cfb_20261003_emu_mass,-0.69
a2_venue,placebo,cfb_20261003_dsu_alby,cfb_20261003_emu_mass,0.4
a1_receipt,real,cfb_20261003_emu_mass,,0.11
a2_venue,real,cfb_20261003_emu_mass,,0.07
a1_receipt,placebo,cfb_20261003_emu_mass,cfb_20261003_fla_mizz,1.0
a2_venue,placebo,cfb_20261003_emu_mass,cfb_20261003_fla_mizz,-0.75
a1_receipt,real,cfb_20261003_fla_mizz,,0.3
a2_venue,real,cfb_20261003_fla_mizz,,0.3
a1_receipt,placebo,cfb_20261003_fla_mizz,cfb_20261003_uva_fsu,0.64
a2_venue,placebo,cfb_20261003_fla_mizz,cfb_20261003_uva_fsu,0.56
a1_receipt,real,cfb_20261003_uva_fsu,,0.12
a2_venue,real,cfb_20261003_uva_fsu,,0.07
a1_receipt,placebo,cfb_20261003_uva_fsu,cfb_20261003_mrsh_jmu,-0.36
a2_venue,placebo,cfb_20261003_uva_fsu,cfb_20261003_mrsh_jmu,-0.15
a1_receipt,real,cfb_20261003_mrsh_jmu,,0.59
a2_venue,real,cfb_20261003_mrsh_jmu,,0.07
a1_receipt,placebo,cfb_20261003_mrsh_jmu,cfb_20261003_md_neb,0.39
a2_venue,placebo,cfb_20261003_mrsh_jmu,cfb_20261003_md_neb,0.28
a1_receipt,real,cfb_20261003_md_neb,,0.1
a2_venue,real,cfb_20261003_md_neb,,0.07
a1_receipt,placebo,cfb_20261003_md_neb,cfb_20261003_alst_cook,0.51
a2_venue,placebo,cfb_20261003_md_neb,cfb_20261003_alst_cook,-0.61
a1_receipt,real,cfb_20261003_alst_cook,,0.09
a2_venue,real,cfb_20261003_alst_cook,,0.07
a1_receipt,placebo,cfb_20261003_alst_cook,cfb_20261003_unco_mont,-0.04
a2_venue,placebo,cfb_20261003_alst_cook,cfb_20261003_unco_mont,0.79
a1_receipt,real,cfb_20261003_unco_mont,,0.13
a2_venue,real,cfb_20261003_unco_mont,,0.06
a1_receipt,placebo,cfb_20261003_unco_mont,cfb_20261003_tnst_wiu,0.88
a2_venue,placebo,cfb_20261003_unco_mont,cfb_20261003_tnst_wiu,-0.66
a1_receipt,real,cfb_20261003_tnst_wiu,,0.09
a2_venue,real,cfb_20261003_tnst_wiu,,0.07
a1_receipt,placebo,cfb_20261003_tnst_wiu,cfb_20261003_uk_scar,-0.67
a2_venue,placebo,cfb_20261003_tnst_wiu,cfb_20261003_uk_scar,0.37
a1_receipt,real,cfb_20261003_uk_scar,,0.06
a2_venue,real,cfb_20261003_uk_scar,,-0.93
a1_receipt,placebo,cfb_20261003_uk_scar,cfb_20261003_pur_ill,-0.05
a2_venue,placebo,cfb_20261003_uk_scar,cfb_20261003_pur_ill,-0.43
a1_receipt,real,cfb_20261003_pur_ill,,0.09
a2_venue,real,cfb_20261003_pur_ill,,0.07
a1_receipt,real,cfb_20261003_aamu_jkst,,0.09
a2_venue,real,cfb_20261003_aamu_jkst,,0.07
a1_receipt,placebo,cfb_20261003_aamu_jkst,cfb_20261003_ysu_siu,-0.97
a2_venue,placebo,cfb_20261003_aamu_jkst,cfb_20261003_ysu_siu,-0.99
a1_receipt,real,cfb_20261003_ysu_siu,,0.09
a2_venue,real,cfb_20261003_ysu_siu,,0.07
a1_receipt,real,cfb_20261003_camp_nccu,,0.09
a2_venue,real,cfb_20261003_camp_nccu,,0.06
a1_receipt,placebo,cfb_20261003_camp_nccu,cfb_20261003_iw_sfa,0.83
a2_venue,placebo,cfb_20261003_camp_nccu,cfb_20261003_iw_sfa,-0.88
a1_receipt,real,cfb_20261003_iw_sfa,,0.09
a2_venue,real,cfb_20261003_iw_sfa,,0.07
a1_receipt,placebo,cfb_20261003_iw_sfa,cfb_20261003_webb_chso,-0.18
a2_venue,placebo,cfb_20261003_iw_sfa,cfb_20261003_webb_chso,-0.2
a1_receipt,real,cfb_20261003_webb_chso,,0.09
a2_venue,real,cfb_20261003_webb_chso,,0.06
a1_receipt,placebo,cfb_20261003_webb_chso,cfb_20261003_orst_csu,-0.8
a2_venue,placebo,cfb_20261003_webb_chso,cfb_20261003_orst_csu,0.7
a1_receipt,real,cfb_20261003_orst_csu,,0.12
a2_venue,real,cfb_20261003_orst_csu,,0.05
a1_receipt,placebo,cfb_20261003_orst_csu,cfb_20261003_tntc_wcu,0.62
a2_venue,placebo,cfb_20261003_orst_csu,cfb_20261003_tntc_wcu,-0.17
a1_receipt,real,cfb_20261003_tntc_wcu,,0.09
a2_venue,real,cfb_20261003_tntc_wcu,,0.07
a1_receipt,placebo,cfb_20261003_tntc_wcu,cfb_20261003_ncat_bry,0.96
a2_venue,placebo,cfb_20261003_tntc_wcu,cfb_20261003_ncat_bry,-0.9
a1_receipt,real,cfb_20261003_ncat_bry,,0.09
a2_venue,real,cfb_20261003_ncat_bry,,0.07
a1_receipt,placebo,cfb_20261003_ncat_bry,cfb_20261003_una_eky,0.79
a2_venue,placebo,cfb_20261003_ncat_bry,cfb_20261003_una_eky,-0.94
a1_receipt,real,cfb_20261003_una_eky,,0.09
a2_venue,real,cfb_20261003_una_eky,,0.06
a1_receipt,real,cfb_20261003_gaso_ccar,,0.08
a2_venue,real,cfb_20261003_gaso_ccar,,0.06
a1_receipt,placebo,cfb_20261003_gaso_ccar,cfb_20261003_ark_txam,0.66
a2_venue,placebo,cfb_20261003_gaso_ccar,cfb_20261003_ark_txam,0.84
a1_receipt,real,cfb_20261003_ark_txam,,-0.18
a2_venue,real,cfb_20261003_ark_txam,,-0.21
a1_receipt,placebo,cfb_20261003_ark_txam,cfb_20261003_utsa_rice,-0.91
a2_venue,placebo,cfb_20261003_ark_txam,cfb_20261003_utsa_rice,-0.92
a1_receipt,real,cfb_20261003_utsa_rice,,0.09
a2_venue,real,cfb_20261003_utsa_rice,,0.07
a1_receipt,placebo,cfb_20261003_utsa_rice,cfb_20261003_utrgv_etam,-0.55
a2_venue,placebo,cfb_20261003_utsa_rice,cfb_20261003_utrgv_etam,-0.23
a1_receipt,real,cfb_20261003_utrgv_etam,,0.09
a2_venue,real,cfb_20261003_utrgv_etam,,0.06
a1_receipt,placebo,cfb_20261003_utrgv_etam,cfb_20261003_sdst_ilst,0.51
a2_venue,placebo,cfb_20261003_utrgv_etam,cfb_20261003_sdst_ilst,0.54
a1_receipt,real,cfb_20261003_sdst_ilst,,0.09
a2_venue,real,cfb_20261003_sdst_ilst,,0.06
a1_receipt,placebo,cfb_20261003_sdst_ilst,cfb_20261003_colg_harv,-0.36
a2_venue,placebo,cfb_20261003_sdst_ilst,cfb_20261003_colg_harv,-0.39
a1_receipt,real,cfb_20261003_colg_harv,,0.63
a2_venue,real,cfb_20261003_colg_harv,,0.65
a1_receipt,placebo,cfb_20261003_colg_harv,cfb_20261003_arpb_sou,0.31
a2_venue,placebo,cfb_20261003_colg_harv,cfb_20261003_arpb_sou,0.15
a1_receipt,real,cfb_20261003_arpb_sou,,0.09
a2_venue,real,cfb_20261003_arpb_sou,,0.07
a1_receipt,placebo,cfb_20261003_arpb_sou,cfb_20261003_nich_hcu,-0.82
a2_venue,placebo,cfb_20261003_arpb_sou,cfb_20261003_nich_hcu,-0.42
a1_receipt,real,cfb_20261003_nich_hcu,,0.09
a2_venue,real,cfb_20261003_nich_hcu,,0.06
a1_receipt,placebo,cfb_20261003_nich_hcu,cfb_20261003_ulm_usa,0.22
a2_venue,placebo,cfb_20261003_nich_hcu,cfb_20261003_ulm_usa,0.8
a1_receipt,real,cfb_20261003_ulm_usa,,0.09
a2_venue,real,cfb_20261003_ulm_usa,,0.07
a1_receipt,placebo,cfb_20261003_ulm_usa,cfb_20261003_byu_tcu,-0.5
a2_venue,placebo,cfb_20261003_ulm_usa,cfb_20261003_byu_tcu,-0.56
a1_receipt,real,cfb_20261003_byu_tcu,,0.09
a2_venue,real,cfb_20261003_byu_tcu,,0.08
a1_receipt,placebo,cfb_20261003_byu_tcu,cfb_20261003_tem_usf,0.35
a2_venue,placebo,cfb_20261003_byu_tcu,cfb_20261003_tem_usf,0.08
a1_receipt,real,cfb_20261003_tem_usf,,0.09
a2_venue,real,cfb_20261003_tem_usf,,0.07
a1_receipt,placebo,cfb_20261003_tem_usf,cfb_20261003_usu_bsu,0.54
a2_venue,placebo,cfb_20261003_tem_usf,cfb_20261003_usu_bsu,0.52
a1_receipt,real,cfb_20261003_usu_bsu,,0.24
a2_venue,real,cfb_20261003_usu_bsu,,0.03
a1_receipt,placebo,cfb_20261003_usu_bsu,cfb_20261003_ttu_colo,-0.96
a2_venue,placebo,cfb_20261003_usu_bsu,cfb_20261003_ttu_colo,-0.24
a1_receipt,real,cfb_20261003_ttu_colo,,0.3
a2_venue,real,cfb_20261003_ttu_colo,,0.29
a1_receipt,placebo,cfb_20261003_ttu_colo,cfb_20261003_mia_clem,-0.08
a2_venue,placebo,cfb_20261003_ttu_colo,cfb_20261003_mia_clem,-0.1
a1_receipt,real,cfb_20261003_mia_clem,,0.12
a2_venue,real,cfb_20261003_mia_clem,,0.07
a1_receipt,placebo,cfb_20261003_mia_clem,cfb_20261003_army_lt,-0.67
a2_venue,placebo,cfb_20261003_mia_clem,cfb_20261003_army_lt,-0.68
a1_receipt,real,cfb_20261003_army_lt,,0.08
a2_venue,real,cfb_20261003_army_lt,,0.07
a1_receipt,placebo,cfb_20261003_army_lt,cfb_20261003_wash_usc,0.89
a2_venue,placebo,cfb_20261003_army_lt,cfb_20261003_wash_usc,0.79
a1_receipt,real,cfb_20261003_wash_usc,,0.12
a2_venue,real,cfb_20261003_wash_usc,,0.25
a1_receipt,placebo,cfb_20261003_wash_usc,cfb_20261004_web_cp,-0.16
a2_venue,placebo,cfb_20261003_wash_usc,cfb_20261004_web_cp,-0.43
a1_receipt,real,cfb_20261004_web_cp,,0.09
a2_venue,real,cfb_20261004_web_cp,,0.07
a1_receipt,placebo,cfb_20261004_web_cp,cfb_20261004_uwfl_ac,0.08
a2_venue,placebo,cfb_20261004_web_cp,cfb_20261004_uwfl_ac,0.92
a1_receipt,real,cfb_20261004_uwfl_ac,,0.09
a2_venue,real,cfb_20261004_uwfl_ac,,0.07
a1_receipt,placebo,cfb_20261004_uwfl_ac,cfb_20261004_nau_idst,0.89
a2_venue,placebo,cfb_20261004_uwfl_ac,cfb_20261004_nau_idst,-0.03
a1_receipt,real,cfb_20261004_nau_idst,,0.09
a2_venue,real,cfb_20261004_nau_idst,,0.07
a1_receipt,placebo,cfb_20261004_nau_idst,cfb_20261004_suu_utu,-0.57
a2_venue,placebo,cfb_20261004_nau_idst,cfb_20261004_suu_utu,0.57
a1_receipt,real,cfb_20261004_suu_utu,,0.08
a2_venue,real,cfb_20261004_suu_utu,,0.06
a1_receipt,placebo,cfb_20261004_suu_utu,cfb_20261004_arst_ull,-0.6
a2_venue,placebo,cfb_20261004_suu_utu,cfb_20261004_arst_ull,0.44
a1_receipt,real,cfb_20261004_arst_ull,,0.08
a2_venue,real,cfb_20261004_arst_ull,,0.07
