cme_game,kalshi_game,xcorr_lag_s
nfl_20260110_la_car,nfl_20260111_buf_jac,-6
nfl_20260110_la_car,nfl_20260111_gb_chi,11
nfl_20260110_la_car,nfl_20260111_sf_phi,15
nfl_20260110_la_car,nfl_20260113_hou_pit,12
nfl_20260110_la_car,nfl_20260117_buf_den,9
nfl_20260110_la_car,nfl_20260118_hou_ne,-10
nfl_20260110_la_car,nfl_20260118_la_chi,7
nfl_20260110_la_car,nfl_20260118_sf_sea,7
nfl_20260111_buf_jac,nfl_20260110_la_car,-14
nfl_20260111_buf_jac,nfl_20260111_gb_chi,13
nfl_20260111_buf_jac,nfl_20260111_sf_phi,8
nfl_20260111_buf_jac,nfl_20260112_lac_ne,-2
nfl_20260111_buf_jac,nfl_20260113_hou_pit,15
nfl_20260111_buf_jac,nfl_20260117_buf_den,9
nfl_20260111_buf_jac,nfl_20260118_hou_ne,-4
nfl_20260111_buf_jac,nfl_20260118_la_chi,0
nfl_20260111_buf_jac,nfl_20260118_sf_sea,-6
nfl_20260111_gb_chi,nfl_20260110_la_car,-5
nfl_20260111_gb_chi,nfl_20260111_buf_jac,6
nfl_20260111_gb_chi,nfl_20260111_sf_phi,-12
nfl_20260111_gb_chi,nfl_20260112_lac_ne,3
nfl_20260111_gb_chi,nfl_20260113_hou_pit,3
nfl_20260111_gb_chi,nfl_20260117_buf_den,-2
nfl_20260111_gb_chi,nfl_20260118_hou_ne,15
nfl_20260111_gb_chi,nfl_20260118_la_chi,6
nfl_20260111_gb_chi,nfl_20260118_sf_sea,-9
nfl_20260111_sf_phi,nfl_20260110_la_car,6
nfl_20260111_sf_phi,nfl_20260111_buf_jac,-11
nfl_20260111_sf_phi,nfl_20260111_gb_chi,-6
nfl_20260111_sf_phi,nfl_20260112_lac_ne,5
nfl_20260111_sf_phi,nfl_20260113_hou_pit,-7
nfl_20260111_sf_phi,nfl_20260117_buf_den,7
nfl_20260111_sf_phi,nfl_20260118_hou_ne,7
nfl_20260111_sf_phi,nfl_20260118_la_chi,3
nfl_20260111_sf_phi,nfl_20260118_sf_sea,-14
nfl_20260112_lac_ne,nfl_20260111_buf_jac,-9
nfl_20260112_lac_ne,nfl_20260111_gb_chi,-2
nfl_20260112_lac_ne,nfl_20260111_sf_phi,-12
nfl_20260112_lac_ne,nfl_20260113_hou_pit,-15
nfl_20260112_lac_ne,nfl_20260117_buf_den,-6
nfl_20260112_lac_ne,nfl_20260118_hou_ne,-4
nfl_20260112_lac_ne,nfl_20260118_la_chi,-6
nfl_20260112_lac_ne,nfl_20260118_sf_sea,-1
nfl_20260113_hou_pit,nfl_20260110_la_car,-14
nfl_20260113_hou_pit,nfl_20260111_buf_jac,15
nfl_20260113_hou_pit,nfl_20260111_gb_chi,8
nfl_20260113_hou_pit,nfl_20260111_sf_phi,-15
nfl_20260113_hou_pit,nfl_20260112_lac_ne,7
nfl_20260113_hou_pit,nfl_20260117_buf_den,-2
nfl_20260113_hou_pit,nfl_20260118_hou_ne,4
nfl_20260113_hou_pit,nfl_20260118_la_chi,-5
nfl_20260113_hou_pit,nfl_20260118_sf_sea,-11
nfl_20260117_buf_den,nfl_20260110_la_car,-7
nfl_20260117_buf_den,nfl_20260111_buf_jac,-8
nfl_20260117_buf_den,nfl_20260111_gb_chi,13
nfl_20260117_buf_den,nfl_20260111_sf_phi,12
nfl_20260117_buf_den,nfl_20260112_lac_ne,-8
nfl_20260117_buf_den,nfl_20260113_hou_pit,1
nfl_20260117_buf_den,nfl_20260118_hou_ne,-10
nfl_20260117_buf_den,nfl_20260118_la_chi,-2
nfl_20260117_buf_den,nfl_20260118_sf_sea,-7
nfl_20260118_hou_ne,nfl_20260110_la_car,14
nfl_20260118_hou_ne,nfl_20260111_buf_jac,0
nfl_20260118_hou_ne,nfl_20260111_gb_chi,-2
nfl_20260118_hou_ne,nfl_20260111_sf_phi,7
nfl_20260118_hou_ne,nfl_20260112_lac_ne,-7
nfl_20260118_hou_ne,nfl_20260113_hou_pit,10
nfl_20260118_hou_ne,nfl_20260117_buf_den,-15
nfl_20260118_hou_ne,nfl_20260118_la_chi,-11
nfl_20260118_hou_ne,nfl_20260118_sf_sea,9
nfl_20260118_la_chi,nfl_20260110_la_car,-12
nfl_20260118_la_chi,nfl_20260111_buf_jac,14
nfl_20260118_la_chi,nfl_20260111_gb_chi,-8
nfl_20260118_la_chi,nfl_20260111_sf_phi,8
nfl_20260118_la_chi,nfl_20260112_lac_ne,15
nfl_20260118_la_chi,nfl_20260113_hou_pit,-2
nfl_20260118_la_chi,nfl_20260117_buf_den,4
nfl_20260118_la_chi,nfl_20260118_hou_ne,-4
nfl_20260118_la_chi,nfl_20260118_sf_sea,14
nfl_20260118_sf_sea,nfl_20260110_la_car,-9
nfl_20260118_sf_sea,nfl_20260111_buf_jac,6
nfl_20260118_sf_sea,nfl_20260111_gb_chi,0
nfl_20260118_sf_sea,nfl_20260111_sf_phi,12
nfl_20260118_sf_sea,nfl_20260112_lac_ne,-1
nfl_20260118_sf_sea,nfl_20260113_hou_pit,-1
nfl_20260118_sf_sea,nfl_20260117_buf_den,-4
nfl_20260118_sf_sea,nfl_20260118_hou_ne,11
nfl_20260118_sf_sea,nfl_20260118_la_chi,8
