game_id,minutes,cme_changes,kalshi_changes,xcorr_lag_s,cme_jumps,kalshi_cover_share,kalshi_resp_median_s,kalshi_jumps,cme_cover_share,cme_resp_median_s,is_cme,gg_cme
nfl_20260110_la_car,50.85441285,253,1391,-8,28,0.6785714285714286,1.0,68,0.5294117647058824,9.0,0.015233441327718844,0.0
nfl_20260111_buf_jac,168.34681653333334,555,4128,-2,84,0.6190476190476191,2.0,171,0.6140350877192983,5.0,0.02530209040252074,0.12097649103132635
nfl_20260111_gb_chi,196.26917305,690,5159,-5,71,0.49295774647887325,-1.0,208,0.35096153846153844,5.0,0.09300978901060931,0.34878650672087624
nfl_20260111_sf_phi,178.38873828333334,702,4075,-3,83,0.7108433734939759,0.0,168,0.4880952380952381,3.0,0.2780202345120467,0.4970747499179019
nfl_20260112_lac_ne,151.32225356666666,727,4003,-5,56,0.8214285714285714,0.0,139,0.539568345323741,7.0,0.23117568836774405,0.5768454596352599
nfl_20260113_hou_pit,161.27124945,659,3733,-3,42,0.6190476190476191,-2.0,125,0.448,9.0,0.03475009444058218,0.25288689554371435
nfl_20260117_buf_den,204.34879188333335,872,5465,-11,105,0.6666666666666666,2.0,228,0.5877192982456141,7.0,0.00418254941044993,0.029381125226122868
nfl_20260118_hou_ne,181.03384211666665,706,4348,-3,60,0.5166666666666667,0.0,102,0.6274509803921569,6.0,0.018916762407434222,0.1347721300698142
nfl_20260118_la_chi,194.36629243333334,948,5300,-9,113,0.6814159292035398,1.0,201,0.6019900497512438,3.0,0.016208420828820597,0.0712464414925736
nfl_20260118_sf_sea,176.33181525,497,3074,9,18,0.2777777777777778,36.0,39,0.20512820512820512,25.0,0.4816621676949917,0.7419684028188748
