round,trial,method,params,cost_line,trades,games,roc,roc_lo,roc_hi,pnl,c_per_contract,sharpe_daily,sharpe_x365,max_dd,excl5_pnl,excl5_roc,game_days,alt_roc,alt_roc_lo,alt_roc_hi,alt_c_per_contract,win_rate,breakeven,holm_p,raw_p,label
1,LL2.R1.P.g4.maker.settle,placebo: early-window IS <= 0.4,gate=P g=0.04 exec=maker exit=settle,maker175 (alt maker0),441,441,-0.012459217412249018,-0.08548989949477263,0.06777789172260014,-28.44999999999998,-0.6451247165532876,-0.03470200825885955,-0.6629809368882744,102.68000000000002,-70.51,-0.030986460178157864,104.0,-0.005205576142579848,-0.0786072157645862,0.0760903088718865,-0.26757369614512433,0.5113378684807256,0.5177891156462585,1.0,0.637994690883078,"post-hoc, exploratory; training only; walk-forward test weeks"
1,LL2.R1.P.g4.taker.settle,placebo: early-window IS <= 0.4,gate=P g=0.04 exec=taker exit=settle,taker (alt taker),446,446,-0.015981744348435037,-0.08989167942001224,0.056210400949879426,-39.709999999999994,-0.8903587443946186,-0.04064736963861947,-0.7765669065615505,122.84,-80.78999999999999,-0.03263200836904584,104.0,-0.015981744348435037,-0.08989167942001224,0.056210400949879426,-0.8903587443946186,0.5482062780269058,0.5571098654708521,1.0,0.6603980432915428,"post-hoc, exploratory; training only; walk-forward test weeks"
1,LL2.R1.P.g2.taker.settle,placebo: early-window IS <= 0.4,gate=P g=0.02 exec=taker exit=settle,taker (alt taker),480,480,-0.03353305671251643,-0.1054440059482343,0.03606558501726682,-85.17999999999999,-1.7745833333333332,-0.0996048416752047,-1.9029478282593684,112.00999999999999,-128.59,-0.05075406833781314,107.0,-0.03353305671251643,-0.1054440059482343,0.03606558501726682,-1.7745833333333332,0.5114583333333333,0.5292041666666667,1.0,0.8474471855972743,"post-hoc, exploratory; training only; walk-forward test weeks"
1,LL2.R1.P.g2.maker.settle,placebo: early-window IS <= 0.4,gate=P g=0.02 exec=maker exit=settle,maker175 (alt maker0),477,477,-0.03620777944770334,-0.10783856795574809,0.03831618632443171,-86.97,-1.8232704402515725,-0.0922465322389857,-1.7623675238704193,145.94999999999996,-131.07,-0.05470207464723485,107.0,-0.029227995135656475,-0.10146829179607941,0.04583416903246624,-1.4612159329140462,0.48532494758909855,0.5035576519916143,1.0,0.8289780218497982,"post-hoc, exploratory; training only; walk-forward test weeks"
1,LL2.R1.P.g2.maker.H300,placebo: early-window IS <= 0.4,gate=P g=0.02 exec=maker exit=300s,maker175 (alt maker0),7670,477,-0.05243472441159386,-0.056933040276019684,-0.04784084058758389,-2136.51,-2.7855410691003915,-0.982871915328281,-18.77774157635831,2137.01,-2167.23,-0.053926312177568186,108.0,-0.046276708741941064,-0.05074842806268941,-0.04169132402963605,-2.442529335071708,0.4230769230769231,0.42961538461538457,1.0,1.0,"post-hoc, exploratory; training only; walk-forward test weeks"
1,LL2.R1.P.g4.maker.H300,placebo: early-window IS <= 0.4,gate=P g=0.04 exec=maker exit=300s,maker175 (alt maker0),4490,441,-0.061015610737000445,-0.06764719365979899,-0.05384741521984686,-1397.0,-3.111358574610245,-0.8707262594227827,-16.63520182864226,1397.0000000000007,-1433.9,-0.06338094160413588,105.0,-0.053988215984546124,-0.06066605646754752,-0.04679023798081549,-2.7325612472160357,0.28846153846153844,0.3156153846153847,1.0,0.9999999999999843,"post-hoc, exploratory; training only; walk-forward test weeks"
1,LL2.R1.P.g2.taker.H300,placebo: early-window IS <= 0.4,gate=P g=0.02 exec=taker exit=300s,taker (alt taker),8249,480,-0.0760782142056617,-0.08047972028459123,-0.0717770497387041,-3404.3,-4.1269244756940235,-0.9932825058496093,-18.976635628999436,3404.3,-3428.4300000000003,-0.07745280896134986,108.0,-0.0760782142056617,-0.08047972028459123,-0.0717770497387041,-4.1269244756940235,0.19863013698630136,0.26426027397260277,1.0,1.0,"post-hoc, exploratory; training only; walk-forward test weeks"
1,LL2.R1.P.g4.taker.H300,placebo: early-window IS <= 0.4,gate=P g=0.04 exec=taker exit=300s,taker (alt taker),4823,446,-0.08505192479364733,-0.09179318085528486,-0.07800198993697945,-2166.56,-4.492141820443707,-1.0126738579823658,-19.34710689131386,2166.5599999999995,-2192.99,-0.08706169220435016,105.0,-0.08505192479364733,-0.09179318085528486,-0.07800198993697945,-4.492141820443707,0.27419354838709675,0.26206451612903225,1.0,1.0,"post-hoc, exploratory; training only; walk-forward test weeks"
1,LL2.R1.E.g2.taker.H300,"IS-gated gap, early-window IS >= 0.6",gate=E g=0.02 exec=taker exit=300s,taker (alt taker),1,1,-0.7272727272727273,,,-0.24,-2.4,,,0.24,0.0,,1.0,-0.7272727272727273,,,-2.4,,,1.0,0.8402572463882898,"post-hoc, exploratory; training only; walk-forward test weeks"
1,LL2.R1.E.g2.maker.H300,"IS-gated gap, early-window IS >= 0.6",gate=E g=0.02 exec=maker exit=300s,maker175 (alt maker0),1,1,-0.7804878048780487,,,-0.32,-3.2,,,0.32,0.0,,1.0,-0.7749999999999999,,,-3.1,,,1.0,0.84025724638829,"post-hoc, exploratory; training only; walk-forward test weeks"
1,LL2.R1.E.g2.maker.settle,"IS-gated gap, early-window IS >= 0.6",gate=E g=0.02 exec=maker exit=settle,maker175 (alt maker0),1,1,-0.9999999999999999,,,-0.41,-4.1,,,0.41,0.0,,1.0,-1.0,,,-4.0,0.0,0.041,1.0,0.8402572463882898,"post-hoc, exploratory; training only; walk-forward test weeks"
1,LL2.R1.E.g2.taker.settle,"IS-gated gap, early-window IS >= 0.6",gate=E g=0.02 exec=taker exit=settle,taker (alt taker),1,1,-1.0000000000000002,,,-0.33,-3.3000000000000003,,,0.33,0.0,,1.0,-1.0000000000000002,,,-3.3000000000000003,0.0,0.033,1.0,0.8402572463882899,"post-hoc, exploratory; training only; walk-forward test weeks"
1,LL2.R1.E.g4.taker.H300,"IS-gated gap, early-window IS >= 0.6",gate=E g=0.04 exec=taker exit=300s,taker (alt taker),0,0,,,,,,,,,,,,,,,,,,1.0,1.0,"post-hoc, exploratory; training only; walk-forward test weeks"
1,LL2.R1.E.g4.taker.settle,"IS-gated gap, early-window IS >= 0.6",gate=E g=0.04 exec=taker exit=settle,taker (alt taker),0,0,,,,,,,,,,,,,,,,,,1.0,1.0,"post-hoc, exploratory; training only; walk-forward test weeks"
1,LL2.R1.E.g4.maker.H300,"IS-gated gap, early-window IS >= 0.6",gate=E g=0.04 exec=maker exit=300s,maker175 (alt maker0),0,0,,,,,,,,,,,,,,,,,,1.0,1.0,"post-hoc, exploratory; training only; walk-forward test weeks"
1,LL2.R1.E.g4.maker.settle,"IS-gated gap, early-window IS >= 0.6",gate=E g=0.04 exec=maker exit=settle,maker175 (alt maker0),0,0,,,,,,,,,,,,,,,,,,1.0,1.0,"post-hoc, exploratory; training only; walk-forward test weeks"
1,LL2.R1.W.g2.taker.H300,"IS-gated gap, walk-forward league IS >= 0.6",gate=W g=0.02 exec=taker exit=300s,taker (alt taker),0,0,,,,,,,,,,,,,,,,,,1.0,1.0,"post-hoc, exploratory; training only; walk-forward test weeks"
1,LL2.R1.W.g2.taker.settle,"IS-gated gap, walk-forward league IS >= 0.6",gate=W g=0.02 exec=taker exit=settle,taker (alt taker),0,0,,,,,,,,,,,,,,,,,,1.0,1.0,"post-hoc, exploratory; training only; walk-forward test weeks"
1,LL2.R1.W.g2.maker.H300,"IS-gated gap, walk-forward league IS >= 0.6",gate=W g=0.02 exec=maker exit=300s,maker175 (alt maker0),0,0,,,,,,,,,,,,,,,,,,1.0,1.0,"post-hoc, exploratory; training only; walk-forward test weeks"
1,LL2.R1.W.g2.maker.settle,"IS-gated gap, walk-forward league IS >= 0.6",gate=W g=0.02 exec=maker exit=settle,maker175 (alt maker0),0,0,,,,,,,,,,,,,,,,,,1.0,1.0,"post-hoc, exploratory; training only; walk-forward test weeks"
1,LL2.R1.W.g4.taker.H300,"IS-gated gap, walk-forward league IS >= 0.6",gate=W g=0.04 exec=taker exit=300s,taker (alt taker),0,0,,,,,,,,,,,,,,,,,,1.0,1.0,"post-hoc, exploratory; training only; walk-forward test weeks"
1,LL2.R1.W.g4.taker.settle,"IS-gated gap, walk-forward league IS >= 0.6",gate=W g=0.04 exec=taker exit=settle,taker (alt taker),0,0,,,,,,,,,,,,,,,,,,1.0,1.0,"post-hoc, exploratory; training only; walk-forward test weeks"
1,LL2.R1.W.g4.maker.H300,"IS-gated gap, walk-forward league IS >= 0.6",gate=W g=0.04 exec=maker exit=300s,maker175 (alt maker0),0,0,,,,,,,,,,,,,,,,,,1.0,1.0,"post-hoc, exploratory; training only; walk-forward test weeks"
1,LL2.R1.W.g4.maker.settle,"IS-gated gap, walk-forward league IS >= 0.6",gate=W g=0.04 exec=maker exit=settle,maker175 (alt maker0),0,0,,,,,,,,,,,,,,,,,,1.0,1.0,"post-hoc, exploratory; training only; walk-forward test weeks"
2,LL2.R2.pm.W30.d4.maker.settle,"pre-game: polymarket.com leads, buy Kalshi",source=existing dir=pm W=30min d=0.04 exec=maker exit=settle,maker175 (alt maker0),11,11,0.6093341380004025,-0.04269576871529773,1.2686054001775995,30.29,27.536363636363635,0.49214705274430903,9.402456240610324,7.390000000000001,-0.4900000000000002,-0.016070842899311256,9.0,0.6260162601626016,-0.03288201160541591,1.2936364912937652,28.000000000000004,0.7272727272727273,0.4519090909090909,1.0,0.08303896001865252,"post-hoc, exploratory; training only; walk-forward test weeks"
2,LL2.R2.pm.W30.d4.taker.settle,"pre-game: polymarket.com leads, buy Kalshi",source=existing dir=pm W=30min d=0.04 exec=taker exit=settle,taker (alt taker),22,22,0.08675964499184924,-0.31630769896942107,0.5463014972681526,9.579999999999998,4.354545454545454,0.10804125996030775,2.0641253732854845,11.43,-21.62,-0.2359746780179,15.0,0.08675964499184924,-0.31630769896942107,0.5463014972681526,4.354545454545454,0.5454545454545454,0.501909090909091,1.0,0.3344229768216649,"post-hoc, exploratory; training only; walk-forward test weeks"
2,LL2.R2.k.W30.d2.maker.settle,"pre-game placebo: Kalshi leads, buy Kalshi momentum",source=existing dir=k W=30min d=0.02 exec=maker exit=settle,maker175 (alt maker0),498,498,0.01743837401754231,-0.05816172245969714,0.09533253868478102,43.620000000000026,0.8759036144578317,0.05002633238567596,0.955751738249101,69.25,0.14000000000000057,5.6115373207314466e-05,103.0,0.025796049979846827,-0.050136628016679154,0.10448038716462131,1.2851405622489962,0.5110441767068273,0.502285140562249,1.0,0.30627954296418936,"post-hoc, exploratory; training only; walk-forward test weeks"
2,LL2.R2.pm.W30.d2.maker.settle,"pre-game: polymarket.com leads, buy Kalshi",source=existing dir=pm W=30min d=0.02 exec=maker exit=settle,maker175 (alt maker0),387,387,-0.02635067948293006,-0.11423841730101428,0.05767826434101799,-50.88,-1.3147286821705426,-0.05258559774376924,-1.0046464342620096,146.59,-91.42000000000002,-0.04757939440622041,94.0,-0.01822549480390622,-0.10659350497579467,0.06652868700766786,-0.9018087855297166,0.48578811369509045,0.4989354005167959,1.0,0.6945245493874869,"post-hoc, exploratory; training only; walk-forward test weeks"
2,LL2.R2.k.W30.d2.taker.settle,"pre-game placebo: Kalshi leads, buy Kalshi momentum",source=existing dir=k W=30min d=0.02 exec=taker exit=settle,taker (alt taker),574,574,-0.026833233563295106,-0.09561168390056078,0.03899275667938595,-82.03000000000003,-1.4290940766550528,-0.08402972830176768,-1.6053857050693914,134.89,-124.7,-0.040889267796832475,103.0,-0.026833233563295106,-0.09561168390056078,0.03899275667938595,-1.4290940766550528,0.5182926829268293,0.5325836236933797,1.0,0.8022243377250511,"post-hoc, exploratory; training only; walk-forward test weeks"
2,LL2.R2.pm.W30.d4.maker.ko,"pre-game: polymarket.com leads, buy Kalshi",source=existing dir=pm W=30min d=0.04 exec=maker exit=ko,maker175 (alt maker0),11,11,-0.04727419030376183,-0.0649873275344931,-0.02939345432699756,-2.35,-2.1363636363636367,-1.4785797088171981,-28.248225673375874,2.35,-1.9000000000000001,-0.06648005598320504,9.0,-0.037398373983739845,-0.05490811785558569,-0.019493304930006106,-1.6727272727272728,,,1.0,0.9946076749017678,"post-hoc, exploratory; training only; walk-forward test weeks"
2,LL2.R2.pm.W30.d2.maker.ko,"pre-game: polymarket.com leads, buy Kalshi",source=existing dir=pm W=30min d=0.02 exec=maker exit=ko,maker175 (alt maker0),387,387,-0.05359732350016573,-0.056727727573835963,-0.05044902494942016,-103.49000000000001,-2.6741602067183465,-0.9156128497478159,-17.49275893269871,103.48999999999991,-104.49,-0.05486392968343895,94.0,-0.04569951433495222,-0.048562533670791865,-0.04282586640522836,-2.261240310077519,,,1.0,0.9999999999998845,"post-hoc, exploratory; training only; walk-forward test weeks"
2,LL2.R2.k.W30.d4.maker.ko,"pre-game placebo: Kalshi leads, buy Kalshi momentum",source=existing dir=k W=30min d=0.04 exec=maker exit=ko,maker175 (alt maker0),18,18,-0.056749698674166335,-0.07150683784542052,-0.042356638215494714,-5.65,-3.138888888888889,-1.820871104641141,-34.78769360846911,5.720000000000001,-5.079999999999999,-0.07142857142857141,16.0,-0.048530901722391086,-0.06294727309579243,-0.03404873324880038,-2.661111111111111,,,1.0,0.9998481626510178,"post-hoc, exploratory; training only; walk-forward test weeks"
2,LL2.R2.k.W30.d2.maker.ko,"pre-game placebo: Kalshi leads, buy Kalshi momentum",source=existing dir=k W=30min d=0.02 exec=maker exit=ko,maker175 (alt maker0),498,498,-0.0609143752648538,-0.0645873416138281,-0.05732190069669201,-152.37,-3.0596385542168676,-0.8048776468890533,-15.377165852604493,152.36999999999998,-154.69,-0.06248131901865271,103.0,-0.053200322450624754,-0.05666952197269769,-0.0498507408637229,-2.650401606425703,1.0,0.823,1.0,0.9999999999992166,"post-hoc, exploratory; training only; walk-forward test weeks"
2,LL2.R2.pm.W30.d2.taker.settle,"pre-game: polymarket.com leads, buy Kalshi",source=existing dir=pm W=30min d=0.02 exec=taker exit=settle,taker (alt taker),490,490,-0.06918534162462359,-0.1474244134753726,0.0045390718920085915,-176.9,-3.610204081632653,-0.15989128658207757,-3.054718740993727,204.97,-216.42000000000002,-0.0849899073994078,99.0,-0.06918534162462359,-0.1474244134753726,0.0045390718920085915,-3.610204081632653,0.4857142857142857,0.5218163265306123,1.0,0.9425995030234429,"post-hoc, exploratory; training only; walk-forward test weeks"
2,LL2.R2.pm.W30.d2.taker.ko,"pre-game: polymarket.com leads, buy Kalshi",source=existing dir=pm W=30min d=0.02 exec=taker exit=ko,taker (alt taker),490,490,-0.08770777112910166,-0.09170583873742713,-0.08401850475996252,-224.26,-4.576734693877551,-0.8353416395676001,-15.9591796155176,224.26000000000005,-224.3,-0.08859589528067874,99.0,-0.08770777112910166,-0.09170583873742713,-0.08401850475996252,-4.576734693877551,,,1.0,0.9999999999993309,"post-hoc, exploratory; training only; walk-forward test weeks"
2,LL2.R2.pm.W30.d4.taker.ko,"pre-game: polymarket.com leads, buy Kalshi",source=existing dir=pm W=30min d=0.04 exec=taker exit=ko,taker (alt taker),22,22,-0.08920485419308097,-0.10337132811246799,-0.07657288643642073,-9.850000000000001,-4.4772727272727275,-2.9427343911711246,-56.220861603128874,9.850000000000001,-8.43,-0.10167651670486069,15.0,-0.08920485419308097,-0.10337132811246799,-0.07657288643642073,-4.4772727272727275,,,1.0,0.9999195122577691,"post-hoc, exploratory; training only; walk-forward test weeks"
2,LL2.R2.k.W30.d4.taker.ko,"pre-game placebo: Kalshi leads, buy Kalshi momentum",source=existing dir=k W=30min d=0.04 exec=taker exit=ko,taker (alt taker),25,25,-0.09128743944872758,-0.10367858824380347,-0.07998133327929913,-13.38,-5.352,-2.1356776390389007,-40.8020640033091,13.38,-11.82,-0.10090490011951513,20.0,-0.09128743944872758,-0.10367858824380347,-0.07998133327929913,-5.352,,,1.0,0.999986881021353,"post-hoc, exploratory; training only; walk-forward test weeks"
2,LL2.R2.k.W30.d2.taker.ko,"pre-game placebo: Kalshi leads, buy Kalshi momentum",source=existing dir=k W=30min d=0.02 exec=taker exit=ko,taker (alt taker),574,574,-0.09285482968763802,-0.09649795160649706,-0.08927813192451281,-283.86,-4.945296167247387,-0.7436059628802413,-14.206571973257079,283.85999999999996,-283.79,-0.09365079365079365,103.0,-0.09285482968763802,-0.09649795160649706,-0.08927813192451281,-4.945296167247387,,,1.0,0.9999999999850192,"post-hoc, exploratory; training only; walk-forward test weeks"
2,LL2.R2.k.W30.d4.maker.settle,"pre-game placebo: Kalshi leads, buy Kalshi momentum",source=existing dir=k W=30min d=0.04 exec=maker exit=settle,maker175 (alt maker0),18,18,-0.3973483326637203,-0.7863142858568958,-0.009292960093014946,-39.559999999999995,-21.977777777777774,-0.617838929573592,-11.803796175691712,43.480000000000004,-59.83,-0.856795073750537,16.0,-0.39209726443769,-0.7842849561389815,-0.0009056576969070721,-21.500000000000004,0.3333333333333333,0.5531111111111112,1.0,0.984607353166855,"post-hoc, exploratory; training only; walk-forward test weeks"
2,LL2.R2.k.W30.d4.taker.settle,"pre-game placebo: Kalshi leads, buy Kalshi momentum",source=existing dir=k W=30min d=0.04 exec=taker exit=settle,taker (alt taker),25,25,-0.454185713311046,-0.7329451805268667,-0.14835042653407338,-66.57000000000001,-26.628,-0.6326795962251223,-12.08732671396153,69.42,-87.0,-0.7435897435897436,20.0,-0.454185713311046,-0.7329451805268667,-0.14835042653407338,-26.628,0.32,0.58628,1.0,0.9928881970390853,"post-hoc, exploratory; training only; walk-forward test weeks"
