game_id,window_start_ns,window_end_ns,kalshi_rows,kalshi_residue_rows,kalshi_grid_s,kalshi_grid_residue_top,kalshi_mid_differ,kalshi_mid_differ_to_undefined,kalshi_mid_differ_both_defined,kalshi_mean_abs_diff_both_defined,kalshi_mid_changes_all,kalshi_mid_changes_clean,polymarket_rows,polymarket_residue_rows,polymarket_grid_s,polymarket_grid_residue_top,polymarket_mid_differ,polymarket_mid_differ_to_undefined,polymarket_mid_differ_both_defined,polymarket_mean_abs_diff_both_defined,polymarket_mid_changes_all,polymarket_mid_changes_clean,kalshi_share_mid_differ,polymarket_share_mid_differ
cfb_20261003_mtu_ku,1791037800000000000,1791047595000000000,24504,172,8474,2,2,2,0,0.0,113,113,10452,0,8474,0,0,0,0,0.0,359,359,0.0002360160490913382,0.0
cfb_20261003_navy_afa,1791037800000000000,1791054674000000000,85090,519,15553,81,81,81,0,0.0,760,753,42448,0,15553,0,0,0,0,0.0,1028,1028,0.005207998456889346,0.0
cfb_20261003_nd_unc,1791037800000000000,1791046627000000000,33278,4131,7506,735,735,735,0,0.0,82,28,9920,0,7506,0,0,0,0,0.0,290,290,0.09792166266986412,0.0
cfb_20261003_wvu_isu,1791037800000000000,1791059400000000000,171740,1201,20279,83,83,83,0,0.0,1335,1316,72344,0,20279,0,0,0,0,0.0,1714,1714,0.004092903989348588,0.0
cfb_20261003_prin_clmb,1791037800000000000,1791052067000000000,47139,24,12946,21,21,21,0,0.0,708,706,19976,0,12946,0,0,0,0,0.0,626,626,0.0016221226633709254,0.0
cfb_20261003_for_leh,1791037800000000000,1791047877000000000,8064,0,8756,0,0,0,0,0.0,179,179,3916,0,8756,0,0,0,0,0.0,87,87,0.0,0.0
cfb_20261003_syr_conn,1791037800000000000,1791048542000000000,51728,594,9421,36,36,36,0,0.0,330,329,21824,0,9421,0,0,0,0,0.0,493,493,0.0038212503980469166,0.0
cfb_20261003_brwn_uri,1791037800000000000,1791059400000000000,108883,1,20279,1,1,1,0,0.0,1430,1430,39903,0,20279,0,0,0,0,0.0,1278,1278,4.9312096257211896e-05,0.0
cfb_20261003_mhu_liu,1791037800000000000,1791055023000000000,62043,289,15902,96,96,96,0,0.0,889,875,40560,0,15902,0,0,0,0,0.0,1905,1905,0.006036976480945793,0.0
cfb_20261003_mich_minn,1791037800000000000,1791059400000000000,132597,8256,20279,3834,3834,3834,0,0.0,725,534,43389,0,20279,0,0,0,0,0.0,980,980,0.1890625770501504,0.0
cfb_20261003_mrmk_yale,1791037800000000000,1791054843000000000,51454,311,15722,159,159,159,0,0.0,973,958,34375,0,15722,0,0,0,0,0.0,1660,1660,0.010113217147945554,0.0
cfb_20261003_ucf_hou,1791037800000000000,1791054926000000000,128140,602,15805,51,51,51,0,0.0,997,986,46640,0,15805,0,0,0,0,0.0,1192,1192,0.0032268269534957293,0.0
cfb_20261003_ust_pre,1791037800000000000,1791054129000000000,190980,2179,15008,200,200,200,0,0.0,1815,1772,48346,0,15008,0,0,0,0,0.0,1433,1433,0.013326226012793176,0.0
cfb_20261003_ala_msst,1791037800000000000,1791052099000000000,106386,4742,12978,1584,1584,1584,0,0.0,344,250,32806,0,12978,0,0,0,0,0.0,526,526,0.12205270457697642,0.0
cfb_20261003_bc_smu,1791037800000000000,1791053538000000000,59344,178,14417,36,36,36,0,0.0,401,398,36532,0,14417,0,0,0,0,0.0,765,765,0.0024970520912811264,0.0
cfb_20261003_msu_wis,1791039600000000000,1791052017000000000,15232,6377,11096,5642,5642,5642,0,0.0,150,15,20528,0,11096,0,0,0,0,0.0,744,744,0.5084715212689257,0.0
cfb_20261003_cor_gtwn,1791039600000000000,1791054534000000000,35638,0,13613,0,0,0,0,0.0,526,526,14180,0,13613,0,0,0,0,0.0,519,519,0.0,0.0
cfb_20261003_rich_laf,1791039600000000000,1791057013000000000,132728,0,16092,0,0,0,0,0.0,1536,1536,38418,0,16092,0,0,0,0,0.0,1297,1297,0.0,0.0
cfb_20261003_wmu_buff,1791041400000000000,1791063000000000000,139012,1064,20279,133,133,133,0,0.0,1258,1239,53522,0,20279,0,0,0,0,0.0,1696,1696,0.006558508802209182,0.0
cfb_20261003_day_drke,1791041400000000000,1791057671000000000,114837,1,14950,0,0,0,0,0.0,1605,1605,46764,0,14950,0,0,0,0,0.0,1568,1568,0.0,0.0
cfb_20261003_valp_more,1791041400000000000,1791056077000000000,55474,0,13356,0,0,0,0,0.0,639,639,12320,0,13356,0,0,0,0,0.0,493,493,0.0,0.0
cfb_20261003_elon_unh,1791041400000000000,1791063000000000000,96560,156,20279,10,10,10,0,0.0,1190,1186,45744,0,20279,0,0,0,0,0.0,2009,2009,0.0004931209625721189,0.0
cfb_20261003_mrst_stet,1791041400000000000,1791057702000000000,90772,1,14981,0,0,0,0,0.0,1223,1223,21622,0,14981,0,0,0,0,0.0,917,917,0.0,0.0
cfb_20261003_morg_vill,1791041400000000000,1791063000000000000,243459,656,20279,42,42,42,0,0.0,2880,2862,63755,0,20279,0,0,0,0,0.0,2458,2458,0.0020711080428028996,0.0
cfb_20261003_tows_monm,1791041400000000000,1791063000000000000,100049,0,20279,0,0,0,0,0.0,1621,1621,36383,0,20279,0,0,0,0,0.0,1635,1635,0.0,0.0
cfb_20261003_penn_dart,1791043200000000000,1791064800000000000,107154,0,20279,0,0,0,0,0.0,1024,1024,42903,0,20279,0,0,0,0,0.0,1187,1187,0.0,0.0
cfb_20261003_mer_vmi,1791043200000000000,1791052890000000000,11903,0,8369,0,0,0,0,0.0,111,111,3544,0,8369,0,0,0,0,0.0,382,382,0.0,0.0
cfb_20261003_tol_ball,1791045000000000000,1791060444000000000,86528,115,14123,6,6,6,0,0.0,680,679,36408,0,14123,0,0,0,0,0.0,929,929,0.0004248389152446364,0.0
cfb_20261003_norf_rmu,1791045000000000000,1791066600000000000,157709,764,20279,24,24,24,0,0.0,1994,1984,53508,0,20279,0,0,0,0,0.0,1857,1857,0.0011834903101730855,0.0
cfb_20261003_wof_fur,1791045000000000000,1791062493000000000,100421,0,16172,0,0,0,0,0.0,1448,1448,42756,0,16172,0,0,0,0,0.0,1345,1345,0.0,0.0
cfb_20261003_cit_scst,1791045000000000000,1791062261000000000,164523,2066,15940,150,150,150,0,0.0,2255,2214,55350,0,15940,0,0,0,0,0.0,1993,1993,0.009410288582183186,0.0
cfb_20261003_pv_mvsu,1791048600000000000,1791057449000000000,8443,0,7528,0,0,0,0,0.0,193,193,5076,0,7528,0,0,0,0,0.0,161,161,0.0,0.0
cfb_20261003_inst_sdak,1791048600000000000,1791058104000000000,24374,0,8183,0,0,0,0,0.0,178,178,10470,0,8183,0,0,0,0,0.0,172,172,0.0,0.0
cfb_20261003_alcn_gram,1791048600000000000,1791068105000000000,164398,1219,18184,156,156,156,0,0.0,2050,2019,54738,0,18184,0,0,0,0,0.0,1921,1921,0.008578970523537175,0.0
cfb_20261003_how_hamp,1791048600000000000,1791064794000000000,91752,0,14873,0,0,0,0,0.0,1106,1106,25938,0,14873,0,0,0,0,0.0,907,907,0.0,0.0
cfb_20261003_shu_me,1791050400000000000,1791072000000000000,51761,1,20279,0,0,0,0,0.0,839,839,15460,0,20279,0,0,0,0,0.0,720,720,0.0,0.0
cfb_20261003_chat_etsu,1791050400000000000,1791066199000000000,88058,0,14478,0,0,0,0,0.0,905,905,12078,0,14478,0,0,0,0,0.0,444,444,0.0,0.0
cfb_20261003_cal_unlv,1791050400000000000,1791069387000000000,131672,570,17666,61,61,61,0,0.0,1078,1065,71060,0,17666,0,0,0,0,0.0,2253,2253,0.0034529604890750592,0.0
cfb_20261003_osu_iowa,1791050400000000000,1791064696000000000,113646,2177,12975,742,742,742,0,0.0,232,185,22306,0,12975,0,0,0,0,0.0,421,421,0.057186897880539496,0.0
cfb_20261003_ohio_kent,1791050400000000000,1791072000000000000,112211,899,20279,149,149,149,0,0.0,1019,992,44966,0,20279,0,0,0,0,0.0,1422,1422,0.007347502342324572,0.0
cfb_20261003_odu_gast,1791050400000000000,1791061488000000000,43704,0,9767,0,0,0,0,0.0,315,315,22834,0,9767,0,0,0,0,0.0,658,658,0.0,0.0
cfb_20261003_bgsu_moh,1791050400000000000,1791072000000000000,104113,334,20279,37,37,37,0,0.0,921,907,56261,0,20279,0,0,0,0,0.0,1720,1720,0.0018245475615168401,0.0
cfb_20261003_aub_tenn,1791050400000000000,1791067335000000000,133978,453,15614,77,77,77,0,0.0,760,755,51386,0,15614,0,0,0,0,0.0,1181,1181,0.004931471756116306,0.0
cfb_20261003_lou_ncst,1791050400000000000,1791068499000000000,152215,791,16778,99,99,99,0,0.0,1111,1088,57788,0,16778,0,0,0,0,0.0,1541,1541,0.005900584098223864,0.0
cfb_20261003_wyo_ndsu,1791050400000000000,1791059956000000000,18998,10,8235,2,2,2,0,0.0,176,176,6690,0,8235,0,0,0,0,0.0,301,301,0.00024286581663630845,0.0
cfb_20261003_akr_cmu,1791050400000000000,1791062486000000000,34952,61,10765,0,0,0,0,0.0,296,296,20844,0,10765,0,0,0,0,0.0,546,546,0.0,0.0
cfb_20261003_hc_wm,1791050400000000000,1791063594000000000,33116,0,11873,0,0,0,0,0.0,664,664,18028,0,11873,0,0,0,0,0.0,630,630,0.0,0.0
cfb_20261003_dsu_alby,1791050400000000000,1791065707000000000,35596,0,13986,0,0,0,0,0.0,1115,1115,26520,0,13986,0,0,0,0,0.0,1049,1049,0.0,0.0
cfb_20261003_emu_mass,1791050400000000000,1791064828000000000,82582,475,13107,100,100,100,0,0.0,781,764,31496,0,13107,0,0,0,0,0.0,995,995,0.007629510948348211,0.0
cfb_20261003_fla_mizz,1791050400000000000,1791065687000000000,123563,192,13966,12,12,12,0,0.0,588,587,35125,0,13966,0,0,0,0,0.0,815,815,0.0008592295574967779,0.0
cfb_20261003_uva_fsu,1791050400000000000,1791064834000000000,77970,364,13113,32,32,32,0,0.0,544,539,32368,0,13113,0,0,0,0,0.0,870,870,0.0024403263936551515,0.0
cfb_20261003_mrsh_jmu,1791051300000000000,1791062570000000000,36738,94,9949,14,14,14,0,0.0,301,301,23932,0,9949,0,0,0,0,0.0,617,617,0.0014071766006633832,0.0
cfb_20261003_md_neb,1791052200000000000,1791069904000000000,113297,685,16383,87,87,87,0,0.0,838,818,48216,0,16383,0,0,0,0,0.0,1305,1305,0.005310382713788683,0.0
cfb_20261003_alst_cook,1791052200000000000,1791073800000000000,144450,408,20279,54,54,54,0,0.0,2283,2268,64069,0,20279,0,0,0,0,0.0,2408,2408,0.0026628531978894424,0.0
cfb_20261003_unco_mont,1791052200000000000,1791064066000000000,29386,0,10545,0,0,0,0,0.0,274,274,9680,0,10545,0,0,0,0,0.0,529,529,0.0,0.0
cfb_20261003_tnst_wiu,1791052200000000000,1791070546000000000,150641,134,17025,21,21,21,0,0.0,2121,2114,48030,0,17025,0,0,0,0,0.0,1770,1770,0.0012334801762114538,0.0
cfb_20261003_uk_scar,1791053100000000000,1791074700000000000,240393,862,20279,24,24,24,0,0.0,1001,988,66674,0,20279,0,0,0,0,0.0,1432,1432,0.0011834903101730855,0.0
cfb_20261003_pur_ill,1791053100000000000,1791068795000000000,86510,483,14374,51,51,51,0,0.0,735,724,45552,0,14374,0,0,0,0,0.0,1035,1035,0.0035480729094197858,0.0
cfb_20261003_aamu_jkst,1791055800000000000,1791077400000000000,178990,2023,20279,237,237,237,0,0.0,2209,2156,69207,0,20279,0,0,0,0,0.0,2243,2243,0.011686966812959219,0.0
cfb_20261003_ysu_siu,1791055800000000000,1791071512000000000,97584,0,14391,0,0,0,0,0.0,1355,1355,30717,0,14391,0,0,0,0,0.0,946,946,0.0,0.0
cfb_20261003_camp_nccu,1791059400000000000,1791081000000000000,150815,0,20279,0,0,0,0,0.0,2099,2099,73156,0,20279,0,0,0,0,0.0,1824,1824,0.0,0.0
cfb_20261003_iw_sfa,1791059400000000000,1791077822000000000,220016,222,17101,28,28,28,0,0.0,3209,3199,107914,0,17101,0,0,0,0,0.0,3000,3000,0.001637331150225133,0.0
cfb_20261003_webb_chso,1791059400000000000,1791076778000000000,107696,0,16057,0,0,0,0,0.0,1861,1861,26588,0,16057,0,0,0,0,0.0,1933,1933,0.0,0.0
cfb_20261003_orst_csu,1791059400000000000,1791070560000000000,42360,213,9839,72,72,72,0,0.0,334,326,23938,0,9839,0,0,0,0,0.0,573,573,0.007317816851306027,0.0
cfb_20261003_tntc_wcu,1791059400000000000,1791077789000000000,194333,1,17068,0,0,0,0,0.0,2647,2647,58000,0,17068,0,0,0,0,0.0,2094,2094,0.0,0.0
cfb_20261003_ncat_bry,1791059400000000000,1791075028000000000,132906,98,14307,38,38,38,0,0.0,1991,1986,48840,0,14307,0,0,0,0,0.0,1825,1825,0.0026560424966799467,0.0
cfb_20261003_una_eky,1791059400000000000,1791081000000000000,81504,567,20279,104,104,104,0,0.0,893,882,44678,0,20279,0,0,0,0,0.0,1562,1562,0.005128458010750037,0.0
cfb_20261003_gaso_ccar,1791063000000000000,1791079024000000000,84426,933,14703,78,78,78,0,0.0,628,614,34756,0,14703,0,0,0,0,0.0,967,967,0.005305039787798408,0.0
cfb_20261003_ark_txam,1791063000000000000,1791075222000000000,38642,58,10901,7,7,7,0,0.0,206,205,19584,0,10901,0,0,0,0,0.0,1026,1026,0.0006421429226676451,0.0
cfb_20261003_utsa_rice,1791063000000000000,1791084600000000000,106946,1148,20279,138,138,138,0,0.0,985,968,53649,0,20279,0,0,0,0,0.0,1348,1348,0.006805069283495242,0.0
cfb_20261003_utrgv_etam,1791063000000000000,1791080242000000000,262059,197,15921,14,14,14,0,0.0,3541,3535,102534,0,15921,0,0,0,0,0.0,3449,3449,0.0008793417498900823,0.0
cfb_20261003_sdst_ilst,1791063000000000000,1791078094000000000,88205,0,13773,0,0,0,0,0.0,1540,1540,42329,0,13773,0,0,0,0,0.0,1414,1414,0.0,0.0
cfb_20261003_colg_harv,1791063000000000000,1791084600000000000,125084,424,20279,79,79,79,0,0.0,1370,1354,41933,0,20279,0,0,0,0,0.0,1604,1604,0.0038956556043197397,0.0
cfb_20261003_arpb_sou,1791063000000000000,1791077895000000000,88758,5,13574,6,6,6,0,0.0,1516,1516,102850,0,13574,0,0,0,0,0.0,2064,2064,0.0004420215117135701,0.0
cfb_20261003_nich_hcu,1791063000000000000,1791077733000000000,33982,0,13412,0,0,0,0,0.0,943,943,18244,0,13412,0,0,0,0,0.0,909,909,0.0,0.0
cfb_20261003_ulm_usa,1791063000000000000,1791075353000000000,34976,66,11032,7,7,7,0,0.0,296,296,19484,0,11032,0,0,0,0,0.0,1106,1106,0.0006345177664974619,0.0
cfb_20261003_byu_tcu,1791063000000000000,1791078691000000000,107377,514,14370,35,35,35,0,0.0,564,559,37138,0,14370,0,0,0,0,0.0,864,864,0.0024356297842727907,0.0
cfb_20261003_tem_usf,1791064800000000000,1791086400000000000,99868,1138,20279,93,93,93,0,0.0,766,745,44196,0,20279,0,0,0,0,0.0,1237,1237,0.0045860249519207065,0.0
cfb_20261003_usu_bsu,1791064800000000000,1791073579000000000,14470,0,7458,0,0,0,0,0.0,51,51,7804,0,7458,0,0,0,0,0.0,130,130,0.0,0.0
cfb_20261003_ttu_colo,1791064800000000000,1791081417000000000,191960,760,15296,36,36,36,0,0.0,1038,1028,53160,0,15296,0,0,0,0,0.0,1183,1183,0.0023535564853556486,0.0
cfb_20261003_mia_clem,1791064800000000000,1791080109000000000,101946,239,13988,19,19,19,0,0.0,360,359,43300,0,13988,0,0,0,0,0.0,1958,1958,0.0013583071203889048,0.0
cfb_20261003_army_lt,1791064800000000000,1791080765000000000,98386,999,14644,226,226,226,0,0.0,1187,1153,47654,0,14644,0,0,0,0,0.0,1520,1520,0.01543294181917509,0.0
cfb_20261003_wash_usc,1791064800000000000,1791086400000000000,189125,849,20279,45,45,45,0,0.0,1050,1037,73498,0,20279,0,0,0,0,0.0,1373,1373,0.002219044331574535,0.0
cfb_20261004_web_cp,1791066600000000000,1791088200000000000,495664,2557,20279,58,58,58,0,0.0,4728,4698,190902,0,20279,0,0,0,0,0.0,4596,4596,0.00286010158291829,0.0
cfb_20261004_uwfl_ac,1791066600000000000,1791077375000000000,29350,0,9454,0,0,0,0,0.0,287,287,22762,0,9454,0,0,0,0,0.0,442,442,0.0,0.0
cfb_20261004_nau_idst,1791066600000000000,1791081598000000000,161636,0,13677,0,0,0,0,0.0,2244,2244,82036,0,13677,0,0,0,0,0.0,2060,2060,0.0,0.0
cfb_20261004_suu_utu,1791066600000000000,1791082129000000000,135176,0,14208,0,0,0,0,0.0,2070,2070,58528,0,14208,0,0,0,0,0.0,1911,1911,0.0,0.0
cfb_20261004_arst_ull,1791066600000000000,1791088200000000000,83960,591,20279,128,128,128,0,0.0,846,826,57189,0,20279,0,0,0,0,0.0,1388,1388,0.006311948320923123,0.0
