label,scenario,arm,games,fills,contracts,pnl60_c_pc,pnl60_lo,pnl60_hi,pnlset_c_pc,pnlset_lo,pnlset_hi,share_games_pos60_traded
"SYNTHETIC SIMULATION, calibrated to one day of observed data; not market evidence; not a test of HYPOTHESIS_v4",base,A,500,3503,35030.0,1.0118469882957466,0.9159885324358661,1.1070829298220963,1.2863260062803314,-0.16362335922624544,2.6970823981959846,0.816
"SYNTHETIC SIMULATION, calibrated to one day of observed data; not market evidence; not a test of HYPOTHESIS_v4",base,B,500,1137,11370.0,2.683377308707124,2.5174478129793494,2.8553440800653367,5.167106420404574,2.4327416039151797,7.720311688291179,0.8979591836734694
"SYNTHETIC SIMULATION, calibrated to one day of observed data; not market evidence; not a test of HYPOTHESIS_v4",informed_0.5x,A,200,1418,14180.0,1.0715796897038081,0.8983160467158617,1.2339757939566935,0.17983074753173464,-2.121350643170993,2.567540999483471,0.83
"SYNTHETIC SIMULATION, calibrated to one day of observed data; not market evidence; not a test of HYPOTHESIS_v4",informed_0.5x,B,200,447,4470.0,2.92841163310962,2.699555124669518,3.1380034741070446,0.9328859060402681,-3.4392798819996844,4.988005108708557,0.949438202247191
"SYNTHETIC SIMULATION, calibrated to one day of observed data; not market evidence; not a test of HYPOTHESIS_v4",informed_2x,A,200,1466,14660.0,0.6957708049113234,0.5458469834660852,0.8460836640211642,0.7435197817189633,-1.3236367687570896,2.8246099670605553,0.7336683417085427
"SYNTHETIC SIMULATION, calibrated to one day of observed data; not market evidence; not a test of HYPOTHESIS_v4",informed_2x,B,200,466,4660.0,2.4291845493562234,2.2047119330154157,2.6684930156226145,4.1587982832618025,0.2293819881787195,8.272743121592491,0.9395604395604396
"SYNTHETIC SIMULATION, calibrated to one day of observed data; not market evidence; not a test of HYPOTHESIS_v4",jumps_0.5x,A,200,1413,14130.0,0.983368719037509,0.8484169065293138,1.117904768838221,0.3248407643312102,-1.5613414890313626,2.258673531655223,0.835
"SYNTHETIC SIMULATION, calibrated to one day of observed data; not market evidence; not a test of HYPOTHESIS_v4",jumps_0.5x,B,200,438,4380.0,2.6415525114155254,2.372856842695055,2.9328502176232574,2.1643835616438354,-1.4498954317212607,5.80980971710981,0.9542857142857143
"SYNTHETIC SIMULATION, calibrated to one day of observed data; not market evidence; not a test of HYPOTHESIS_v4",jumps_2x,A,200,1400,14000.0,1.01,0.8362773606099947,1.1838362435355385,1.81,-0.3071527249535438,4.065828270267563,0.7889447236180904
"SYNTHETIC SIMULATION, calibrated to one day of observed data; not market evidence; not a test of HYPOTHESIS_v4",jumps_2x,B,200,456,4560.0,2.6184210526315788,2.318943023455422,2.928280329395407,2.6206140350877196,-1.116764347553209,6.283281474686367,0.8938547486033519
"SYNTHETIC SIMULATION, calibrated to one day of observed data; not market evidence; not a test of HYPOTHESIS_v4",spread_narrow_1c,A,200,1326,13260.0,0.10180995475113133,-0.028164894030570067,0.22475945125916152,1.4117647058823528,-1.0498068881982399,3.812672467992269,0.62
"SYNTHETIC SIMULATION, calibrated to one day of observed data; not market evidence; not a test of HYPOTHESIS_v4",spread_narrow_1c,B,200,0,0.0,,,,,,,
"SYNTHETIC SIMULATION, calibrated to one day of observed data; not market evidence; not a test of HYPOTHESIS_v4",spread_wide_plus2c,A,200,1401,14010.0,1.9536045681655956,1.7766611526535574,2.128309666961438,3.0792291220556742,0.7073564358233989,5.389339370467738,0.955
"SYNTHETIC SIMULATION, calibrated to one day of observed data; not market evidence; not a test of HYPOTHESIS_v4",spread_wide_plus2c,B,200,1401,14010.0,1.9536045681655956,1.7766611526535574,2.128309666961438,3.0792291220556742,0.7073564358233989,5.389339370467738,0.955
