label,sample,theta,leg,fee_line,costs,games,skip_no_signal,skip_no_post_decision_trade,skip_fill_at_099,skip_unsettled,skip_excluded,trades,wins,losses,ties,mean_fill,win_rate,roc_mean,roc_ci_lo,roc_ci_hi,cents_per_contract,pnl_total,game_days,season_first,season_last,season_days,sharpe_x365,sharpe_daily,max_drawdown,skew_daily,worst_trade,worst_day,excl_top5_trades,excl_top5_roc,excl_top5_pnl,breakeven_win_rate,win_minus_breakeven
"post-hoc, exploratory; designed and selected on training only; holdout run once",training,0.9,favorite,kalshi_direct,x1,1267,48,29,50,0,1,1139,1012,123,4,0.9004653204565409,0.8902546093064091,-0.016591332119229734,-0.03729954907978753,0.0021500130462088194,-1.6664618086040388,-189.81000000000003,133,2025-07-31,2026-01-25,179,-2.5394778910802045,-0.1545307406626016,198.88999999999987,-0.8324895793613812,-9.73,-36.150000000000006,1134,-0.022040994293895024,-215.96000000000004,0.9069192273924497,-0.016664618086040583
"post-hoc, exploratory; designed and selected on training only; holdout run once",training,0.9,favorite,kalshi_direct,x2,1267,48,29,50,0,1,1139,1012,123,4,0.9104653204565408,0.8902546093064091,-0.033594025546110726,-0.05396792230876204,-0.015234021204500193,-3.218788410886743,-366.62,133,2025-07-31,2026-01-25,179,-4.568121121586689,-0.2799180951175617,372.98000000000025,-1.5529920527664214,-9.84,-42.36000000000001,1134,-0.03854430244367675,-391.4200000000001,0.9224424934152768,-0.03218788410886775
"post-hoc, exploratory; designed and selected on training only; holdout run once",training,0.9,favorite,webull,x1,1267,48,29,50,0,1,1139,1012,123,4,0.9004653204565409,0.8902546093064091,-0.03091000011624241,-0.05134689460092333,-0.012406385815874735,-3.0210711150131697,-344.1,133,2025-07-31,2026-01-25,179,-4.3080943654393575,-0.26368889926863565,350.8000000000003,-1.4975827997249316,-9.9,-41.9,1134,-0.036347597507030684,-370.1,0.920465320456541,-0.030210711150131853
"post-hoc, exploratory; designed and selected on training only; holdout run once",training,0.9,favorite,webull,x2,1267,48,29,50,0,1,1139,1012,123,4,0.9104653204565408,0.8902546093064091,-0.061811596151446775,-0.08155601488970667,-0.043993474628118055,-6.021071115013169,-685.8,133,2025-07-31,2026-01-25,179,-6.974437880528982,-0.4332584000380939,689.5999999999997,-2.1974520821949395,-10.2,-54.2,1134,-0.06675527708306137,-710.3,0.9504653204565408,-0.06021071115013166
"post-hoc, exploratory; designed and selected on training only; holdout run once",training,0.9,placebo,kalshi_direct,x1,1267,48,16,0,0,1,1202,125,1073,4,0.12555740432612314,0.10565723793677205,-0.20941210972203014,-0.3496384709619278,-0.06265240607971688,-2.769217970049916,-332.85999999999996,133,2025-07-31,2026-01-25,179,-4.031648687931865,-0.24649279272484229,366.26000000000005,-1.9054450213868748,-7.44,-50.85,1197,-0.28912905178265375,-379.64,0.1333494176372712,-0.027692179700499156
"post-hoc, exploratory; designed and selected on training only; holdout run once",training,0.9,placebo,kalshi_direct,x2,1267,48,16,0,0,1,1202,125,1073,4,0.13555740432612312,0.10565723793677205,-0.3201699140505001,-0.43524446186406107,-0.20349661902606575,-4.651414309484194,-559.1,133,2025-07-31,2026-01-25,179,-5.930381367544645,-0.3659455807414218,574.1800000000001,-2.3614849198786145,-7.68,-60.18,1197,-0.37733088259806935,-605.08,0.15217138103161398,-0.046514143094841934
"post-hoc, exploratory; designed and selected on training only; holdout run once",training,0.9,placebo,webull,x1,1267,48,16,0,0,1,1202,125,1073,4,0.12555740432612314,0.10565723793677205,-0.29177540894021264,-0.4094956722987539,-0.17231281928979414,-3.990016638935108,-479.6,133,2025-07-31,2026-01-25,179,-5.34565301963456,-0.32879681892330914,500.3,-2.2360813269119064,-7.5,-56.7,1197,-0.34706454784323965,-525.6,0.1455574043261231,-0.03990016638935105
"post-hoc, exploratory; designed and selected on training only; holdout run once",training,0.9,placebo,webull,x2,1267,48,16,0,0,1,1202,125,1073,4,0.13555740432612312,0.10565723793677205,-0.41936228694883737,-0.5139583053707197,-0.3237689294902527,-6.990016638935108,-840.2,133,2025-07-31,2026-01-25,179,-7.387449479868322,-0.46028111531702726,845.1000000000005,-2.500371364521243,-7.8,-71.4,1197,-0.45681626286391,-884.7,0.17555740432612313,-0.06990016638935108
"post-hoc, exploratory; designed and selected on training only; holdout run once",training,0.93,favorite,kalshi_direct,x1,1267,51,26,61,0,1,1128,1018,107,3,0.9260017730496454,0.9038120567375887,-0.031744903995931405,-0.0509697808670454,-0.013561167164263444,-2.718971631205673,-306.69999999999993,132,2025-07-31,2026-01-25,179,-3.744180694987094,-0.22957369730685756,331.12,-2.877728931454622,-9.73,-61.07,1123,-0.03422015821353055,-323.7699999999999,0.9310017730496455,-0.0271897163120568
"post-hoc, exploratory; designed and selected on training only; holdout run once",training,0.93,favorite,kalshi_direct,x2,1267,51,26,61,0,1,1128,1018,107,3,0.9360017730496454,0.9038120567375887,-0.046032387346479596,-0.06504845444369561,-0.028172907017318484,-4.113475177304964,-464.0,132,2025-07-31,2026-01-25,179,-5.085740522043765,-0.3136846751860422,471.60000000000014,-3.011605764670634,-9.84,-67.92,1123,-0.04831239382508888,-479.78000000000003,0.9449468085106384,-0.041134751773049705
"post-hoc, exploratory; designed and selected on training only; holdout run once",training,0.93,favorite,webull,x1,1267,51,26,61,0,1,1128,1018,107,3,0.9260017730496454,0.9038120567375887,-0.047055913542822916,-0.06600313652615063,-0.029150998036294222,-4.218971631205673,-475.9,132,2025-07-31,2026-01-25,179,-5.1634541261554485,-0.3186057311023242,483.3000000000002,-3.012663315541226,-9.9,-68.30000000000001,1123,-0.04956546289170861,-492.79999999999995,0.9460017730496453,-0.04218971631205659
"post-hoc, exploratory; designed and selected on training only; holdout run once",training,0.93,favorite,webull,x2,1267,51,26,61,0,1,1128,1018,107,3,0.9360017730496454,0.9038120567375887,-0.0763361391222943,-0.09467290496225192,-0.0589809921362267,-7.218971631205674,-814.3000000000001,132,2025-07-31,2026-01-25,179,-6.965929538064269,-0.4346383868663937,815.7999999999994,-2.93949441992981,-10.2,-83.0,1123,-0.07868108559272692,-829.7,0.9760017730496452,-0.0721897163120565
"post-hoc, exploratory; designed and selected on training only; holdout run once",training,0.93,placebo,kalshi_direct,x1,1267,51,15,0,0,1,1200,106,1091,3,0.09847500000000001,0.08958333333333333,-0.12459441163698079,-0.2963757964033757,0.06365759390781844,-1.5380000000000005,-184.56000000000006,132,2025-07-31,2026-01-25,179,-2.7550932175338887,-0.168390501790762,200.10000000000005,-0.2178854963633029,-5.18,-33.77,1195,-0.23825725401129835,-232.50000000000006,0.10496333333333334,-0.015380000000000005
"post-hoc, exploratory; designed and selected on training only; holdout run once",training,0.93,placebo,kalshi_direct,x2,1267,51,15,0,0,1,1200,106,1091,3,0.10847500000000002,0.08958333333333333,-0.2720495823438914,-0.40924867126768344,-0.12269202886161838,-3.290166666666667,-394.82,132,2025-07-31,2026-01-25,179,-5.48161518351621,-0.338815999677486,397.89999999999986,-1.5025519280332111,-5.46,-42.82,1195,-0.35139867766774385,-442.06000000000006,0.122485,-0.03290166666666666
"post-hoc, exploratory; designed and selected on training only; holdout run once",training,0.93,placebo,webull,x1,1267,51,15,0,0,1,1200,106,1091,3,0.09847500000000001,0.08958333333333333,-0.2555525327280777,-0.3939730188518409,-0.10465883787292544,-2.8891666666666667,-346.7,132,2025-07-31,2026-01-25,179,-4.929220821179889,-0.30379109506624374,351.8000000000001,-1.246527923885627,-5.2,-40.6,1195,-0.32924581887816534,-393.8,0.11847500000000001,-0.028891666666666677
"post-hoc, exploratory; designed and selected on training only; holdout run once",training,0.93,placebo,webull,x2,1267,51,15,0,0,1,1200,106,1091,3,0.10847500000000002,0.08958333333333333,-0.41986595281278566,-0.5224751406581096,-0.3051310418325279,-5.889166666666667,-706.7,132,2025-07-31,2026-01-25,179,-7.973085541126022,-0.5013800333163345,706.6999999999998,-2.2884844422810073,-5.5,-55.9,1195,-0.4662893445623148,-752.3000000000001,0.14847500000000002,-0.05889166666666669
"post-hoc, exploratory; designed and selected on training only; holdout run once",training,0.95,favorite,kalshi_direct,x1,1267,55,24,80,0,1,1107,1012,92,3,0.9403523035230352,0.9155374887082204,-0.03162155811382635,-0.04996718097900702,-0.014407398249242523,-2.9009936766034325,-321.14,132,2025-07-31,2026-01-25,179,-4.568209628637465,-0.2810579462397255,329.97,-2.227170109198325,-9.82,-41.51,1102,-0.03522064827908329,-341.48999999999995,0.9445474254742547,-0.02900993676603436
"post-hoc, exploratory; designed and selected on training only; holdout run once",training,0.95,favorite,kalshi_direct,x2,1267,55,24,80,0,1,1107,1012,92,3,0.9503523035230352,0.9155374887082204,-0.04515822175573235,-0.06319101025749181,-0.02831524340802196,-4.226738934056007,-467.9,132,2025-07-31,2026-01-25,179,-5.8728287228470135,-0.363814386847324,473.5999999999998,-2.415357283065901,-9.92,-46.4,1102,-0.04844468220355709,-486.94,0.9578048780487805,-0.04226738934056007
"post-hoc, exploratory; designed and selected on training only; holdout run once",training,0.95,favorite,webull,x1,1267,55,24,80,0,1,1107,1012,92,3,0.9403523035230352,0.9155374887082204,-0.047509279018272565,-0.06557581919716526,-0.030526369728800778,-4.481481481481482,-496.1,132,2025-07-31,2026-01-25,179,-6.067032775589481,-0.3762883020505519,501.4000000000003,-2.428487162660766,-10.0,-47.6,1102,-0.05113673408091174,-516.3,0.9603523035230354,-0.044814814814814974
"post-hoc, exploratory; designed and selected on training only; holdout run once",training,0.95,favorite,webull,x2,1267,55,24,80,0,1,1107,1012,92,3,0.9503523035230352,0.9155374887082204,-0.07646031662083573,-0.09397471280820192,-0.06012939640671983,-7.481481481481482,-828.2,132,2025-07-31,2026-01-25,179,-7.691487923861064,-0.4825597937527947,828.7000000000003,-2.4899640105658754,-10.3,-60.099999999999994,1102,-0.07980256582113161,-846.8999999999999,0.9903523035230354,-0.074814814814815
"post-hoc, exploratory; designed and selected on training only; holdout run once",training,0.95,placebo,kalshi_direct,x1,1267,55,11,0,0,1,1200,93,1104,3,0.08215000000000001,0.07875,-0.07495253467227476,-0.27372594049873267,0.12944803160368554,-0.8977500000000002,-107.73,132,2025-07-31,2026-01-25,179,-1.9059962466267943,-0.11626676735903539,115.74999999999997,-0.020978810672400473,-6.47,-25.72,1195,-0.19479328881953362,-155.88000000000002,0.0877275,-0.0089775
"post-hoc, exploratory; designed and selected on training only; holdout run once",training,0.95,placebo,kalshi_direct,x2,1267,55,11,0,0,1,1200,93,1104,3,0.09214999999999998,0.07875,-0.24715339216141344,-0.4035974206993202,-0.08653690463483697,-2.5701666666666663,-308.41999999999996,132,2025-07-31,2026-01-25,179,-5.115186369346085,-0.3155485774429921,308.84000000000003,-1.2419835042934662,-6.74,-33.78,1195,-0.3303660007567574,-355.88,0.10445166666666665,-0.02570166666666665
"post-hoc, exploratory; designed and selected on training only; holdout run once",training,0.95,placebo,webull,x1,1267,55,11,0,0,1,1200,93,1104,3,0.08215000000000001,0.07875,-0.24050601307520486,-0.39537157812750656,-0.08145770270956539,-2.3400000000000003,-280.80000000000007,132,2025-07-31,2026-01-25,179,-4.715660815587086,-0.29032892615641676,282.0000000000001,-1.1230034389144832,-6.5,-32.5,1195,-0.3176230934247923,-328.1,0.10215,-0.023400000000000004
"post-hoc, exploratory; designed and selected on training only; holdout run once",training,0.95,placebo,webull,x2,1267,55,11,0,0,1,1200,93,1104,3,0.09214999999999998,0.07875,-0.4276975620581489,-0.5402841470047749,-0.30878701753440096,-5.34,-640.8,132,2025-07-31,2026-01-25,179,-8.148487537548668,-0.5131696908519556,640.8000000000001,-2.108099378483758,-6.8,-47.7,1195,-0.4758442676707984,-686.6000000000001,0.13215000000000002,-0.05340000000000002
"post-hoc, exploratory; designed and selected on training only; holdout run once",training,0.97,favorite,kalshi_direct,x1,1267,67,25,163,0,1,1011,947,61,3,0.9552917903066271,0.9381800197823936,-0.01959445780949229,-0.03673486953856233,-0.003642402250259004,-2.052621167161227,-207.52000000000004,132,2025-07-31,2026-01-25,179,-3.7062741887321775,-0.2272175552384594,219.68999999999997,-2.8191253692778937,-9.82,-36.0,1006,-0.023950182794219423,-229.65000000000003,0.9587062314540059,-0.020526211671612282
"post-hoc, exploratory; designed and selected on training only; holdout run once",training,0.97,favorite,kalshi_direct,x2,1267,67,25,163,0,1,1011,947,61,3,0.9652917903066272,0.9381800197823936,-0.031989206212695735,-0.04865853891829796,-0.016312558489247012,-3.241938674579624,-327.76,132,2025-07-31,2026-01-25,179,-5.206985477875405,-0.3213648680184341,333.67999999999995,-3.0141260134913668,-9.92,-41.120000000000005,1006,-0.035943776348804204,-348.52000000000004,0.97059940652819,-0.032419386745796364
"post-hoc, exploratory; designed and selected on training only; holdout run once",training,0.97,favorite,webull,x1,1267,67,25,163,0,1,1011,947,61,3,0.9552917903066271,0.9381800197823936,-0.036110376633460305,-0.05298999561591152,-0.02040557817330758,-3.7111770524233436,-375.20000000000005,132,2025-07-31,2026-01-25,179,-5.699611383493276,-0.35272502104220327,380.70000000000005,-3.0063074597271737,-10.0,-42.3,1006,-0.04050121627473479,-397.20000000000005,0.9752917903066272,-0.037111770524233534
"post-hoc, exploratory; designed and selected on training only; holdout run once",training,0.97,favorite,webull,x2,1267,67,25,163,0,1,1011,947,61,3,0.9652917903066272,0.9381800197823936,-0.06510448252780224,-0.08132791096127412,-0.04995995103422492,-6.711177052423343,-678.5,132,2025-07-31,2026-01-25,179,-7.66109058435634,-0.4805359224715844,678.9000000000002,-2.899620051589081,-10.3,-54.300000000000004,1006,-0.06913977451066085,-699.0,1.005291790306627,-0.06711177052423334
"post-hoc, exploratory; designed and selected on training only; holdout run once",training,0.97,placebo,kalshi_direct,x1,1267,67,16,0,0,1,1183,67,1113,3,0.06479289940828403,0.05790363482671175,-0.09445041890021698,-0.32039917871575935,0.1552599633110002,-1.1369399830938294,-134.5,133,2025-07-31,2026-01-25,179,-2.9323132783243793,-0.17861947326555194,140.5900000000001,-0.432665158505809,-6.47,-22.880000000000003,1178,-0.25781370333502013,-183.18,0.06927303465765006,-0.011369399830938307
"post-hoc, exploratory; designed and selected on training only; holdout run once",training,0.97,placebo,kalshi_direct,x2,1267,67,16,0,0,1,1183,67,1113,3,0.07479289940828403,0.05790363482671175,-0.3026757080059431,-0.47207768356614116,-0.119934767905827,-2.7061707523245984,-320.14,133,2025-07-31,2026-01-25,179,-6.10548536610129,-0.377142744903582,324.1,-1.5092883862282394,-6.74,-30.700000000000003,1178,-0.40736583766887036,-368.14,0.08496534234995774,-0.027061707523245992
"post-hoc, exploratory; designed and selected on training only; holdout run once",training,0.97,placebo,webull,x1,1267,67,16,0,0,1,1183,67,1113,3,0.06479289940828403,0.05790363482671175,-0.31425400844701573,-0.4761634345065598,-0.13513893341241556,-2.6889264581572276,-318.1,133,2025-07-31,2026-01-25,179,-6.0546248908116285,-0.3738868227874772,322.00000000000006,-1.504185591457754,-6.5,-30.7,1178,-0.408966461793565,-365.9,0.08479289940828402,-0.026889264581572273
"post-hoc, exploratory; designed and selected on training only; holdout run once",training,0.97,placebo,webull,x2,1267,67,16,0,0,1,1183,67,1113,3,0.07479289940828403,0.05790363482671175,-0.5125596272854156,-0.6230021825392155,-0.3888550090511313,-5.688926458157227,-673.0,133,2025-07-31,2026-01-25,179,-8.775914052020076,-0.5530642186343011,673.4999999999998,-2.0508716530615674,-6.8,-45.7,1178,-0.5680943819488875,-719.3,0.11479289940828404,-0.056889264581572285
