model,feature,corr_drop
RIDGE10,p,-3.0495483996161032e-05
RIDGE10,dp1,0.00021881136066063955
RIDGE10,dp5,-0.0002649066893605015
RIDGE10,dp15,0.0012360129650772628
RIDGE10,n5,-0.0006962260535450029
RIDGE10,n15,-0.002409316878177574
RIDGE10,v5,0.00039729199307876606
RIDGE10,v15,-6.848734083478303e-05
RIDGE10,imb5,0.000693118469123559
RIDGE10,age,-2.761560893608378e-05
RIDGE10,q,0.0008827109408837963
RIDGE10,s,0.0007463670292223723
RIDGE10,pm_gap,-3.3338194248298814e-05
RIDGE10,pm_age,0.0008418837095621259
RIDGE10,pm_ok,-0.0002490639739027023
RIDGE10,score_diff,0.0016058559503772767
RIDGE10,period,-0.00011652068536383703
RIDGE10,sec_left,0.0017389587938012561
RIDGE10,own_poss,-0.0007275518988138704
RIDGE10,wp,-0.0041600861066938
RIDGE10,wp_gap,0.01625413790967885
RIDGE10,espn_ok,0.00036562821763098247
RIDGE10,nv_gap,-0.002130865334401419
RIDGE10,nv_ok,-0.0002457417711753257
RIDGE10,nfl,7.110924345857944e-05
RIDGE10,preseason,0.0
RIDGE10,pregame,0.0001469928186954364
RIDGE10,mins_from_ko,0.005158812099339809
RIDGE10,weekday,0.0004472232938440013
RIDGE10,ko_hour,-1.783514815226206e-05
RIDGE10,x_p2,-0.002246623837597092
RIDGE10,x_p_sd,-5.508646413314444e-05
RIDGE10,x_p_sec,0.0029213576364070515
RIDGE10,x_p_min,0.006345262274447549
RIDGE10,x_wpgap,0.013394263925781257
RIDGE10,x_pmgap,0.0005276053031171915
RIDGE10,x_s1,0.002156524486760781
BOOST (last 6 test weeks),p,-0.0009194444417927605
BOOST (last 6 test weeks),dp1,-0.0004725946932528091
BOOST (last 6 test weeks),dp5,-7.965327200987193e-06
BOOST (last 6 test weeks),dp15,-0.00040010592074793405
BOOST (last 6 test weeks),n5,0.001639053661963541
BOOST (last 6 test weeks),n15,-0.002402831706019015
BOOST (last 6 test weeks),v5,-0.001323897561214371
BOOST (last 6 test weeks),v15,0.005614460128842369
BOOST (last 6 test weeks),imb5,-0.0021139258450622034
BOOST (last 6 test weeks),age,-7.683991055329464e-06
BOOST (last 6 test weeks),q,-0.021851532729704734
BOOST (last 6 test weeks),s,-0.0004737977726653464
BOOST (last 6 test weeks),pm_gap,-0.0018278374487075144
BOOST (last 6 test weeks),pm_age,0.0
BOOST (last 6 test weeks),pm_ok,0.0
BOOST (last 6 test weeks),score_diff,-0.014304438155398072
BOOST (last 6 test weeks),period,0.0003591891727644514
BOOST (last 6 test weeks),sec_left,-0.0003279976975407439
BOOST (last 6 test weeks),own_poss,0.0
BOOST (last 6 test weeks),wp,-0.00024888069022718784
BOOST (last 6 test weeks),wp_gap,-0.08690069032074528
BOOST (last 6 test weeks),espn_ok,0.0
BOOST (last 6 test weeks),nv_gap,-0.0023215875174781853
BOOST (last 6 test weeks),nv_ok,0.0
BOOST (last 6 test weeks),nfl,0.0
BOOST (last 6 test weeks),preseason,0.0
BOOST (last 6 test weeks),pregame,0.0
BOOST (last 6 test weeks),mins_from_ko,0.0015112024702796933
BOOST (last 6 test weeks),weekday,-0.04621515580003073
BOOST (last 6 test weeks),ko_hour,-0.011997302519481612
BOOST (last 6 test weeks),x_p2,0.0
BOOST (last 6 test weeks),x_p_sd,0.002504028435240946
BOOST (last 6 test weeks),x_p_sec,-0.002035831495002971
BOOST (last 6 test weeks),x_p_min,0.0017648963910670556
BOOST (last 6 test weeks),x_wpgap,0.0
BOOST (last 6 test weeks),x_pmgap,0.0
BOOST (last 6 test weeks),x_s1,0.0
