model,phase,rows,oos_r2_vs_price,corr_pred_real
RIDGE1,all,38060,-0.0032190228769926055,0.03226047315260392
RIDGE1,pregame,4009,-0.007915536674421242,-0.005484661349636167
RIDGE1,ingame,34051,-0.002461755129330445,0.03742213817117592
RIDGE10,all,38060,-0.0031969451366662405,0.032317192805052235
RIDGE10,pregame,4009,-0.00790720121072308,-0.005489668157079472
RIDGE10,ingame,34051,-0.002437461578869371,0.03748848254208294
LOGIT01,all,38060,-0.2463047068386679,-0.0017862306567462554
LOGIT01,pregame,4009,-0.04538466780315842,-0.017051055638542176
LOGIT01,ingame,34051,-0.27870113363163895,-0.0007405440009513358
LOGIT1,all,38060,-0.25238077438221707,-0.002101450100407925
LOGIT1,pregame,4009,-0.04940674715241511,-0.017588362098286254
LOGIT1,ingame,34051,-0.28510838704639063,-0.001019423479549332
BOOST,all,38060,-0.0024120530195259615,0.020838609819354013
BOOST,pregame,4009,-0.0008176054594386528,-0.018808430128478076
BOOST,ingame,34051,-0.0026691423765834443,0.02319154603320963
ISO,all,38060,-0.003472109835859216,-0.011889457136559797
ISO,pregame,4009,-0.0017160438994860971,0.0037149612901972266
ISO,ingame,34051,-0.0037552586040181524,-0.014303293303078887
