trial,trades,games,roc,roc_lo,roc_hi,pnl,c_per_contract,sharpe_daily,sharpe_x365,max_dd,excl5_pnl,excl5_roc,game_days,win_rate,breakeven,alt_roc,alt_roc_lo,alt_roc_hi,alt_c_per_contract,label,holm_p,raw_p,candidate_edge
RIDGE10.TAKER.m1.primary,802,802,0.00884681049200683,-0.0414331350761847,0.05937324661861716,40.47,0.5046134663341645,0.034981558621144056,0.6683217390606536,91.46999999999998,-3.9900000000000233,-0.0008732783394141864,108,0.5754364089775561,0.5703902743142144,0.00884681049200683,-0.0414331350761847,0.05937324661861716,0.5046134663341645,"post-hoc, exploratory; supervised residual model over all data sources; walk-forward on training only; holdout not run",1.0,0.3584272614947088,False
RIDGE1.TAKER.m1.primary,802,802,0.008829167950929149,-0.04145124568007915,0.059389286146926894,40.39,0.5036159600997506,0.03494191287137577,0.6675643080748458,91.47,-4.070000000000022,-0.0008907720827214338,108,0.5754364089775561,0.5704002493765586,0.008829167950929149,-0.04145124568007915,0.059389286146926894,0.5036159600997506,"post-hoc, exploratory; supervised residual model over all data sources; walk-forward on training only; holdout not run",1.0,0.358580712232188,False
RIDGE10.MAKER.m1.all,7225,955,-0.008115219068169569,-0.04844481809639925,0.03287723681278795,-292.37,-0.4046643598615917,-0.03597630805339818,-0.6873264002792603,766.51,-690.8600000000005,-0.019305390453100764,112,0.49460207612456747,0.49864871972318336,-0.0010929694946902933,-0.04150133161533171,0.04019878728374076,-0.054117647058823555,"post-hoc, exploratory; supervised residual model over all data sources; walk-forward on training only; holdout not run",1.0,0.6479371241371549,False
RIDGE1.MAKER.m0.all,10138,975,-0.01898855516294455,-0.049268413684390215,0.012216070091714716,-960.7400000000002,-0.9476622608009472,-0.11221168035084476,-2.1438011429732606,1288.74,-1361.6599999999999,-0.027061812131409353,112,0.4895936082067469,0.4990702308147563,-0.012221114408019254,-0.04271048927748748,0.019198632403332572,-0.6057407772736239,"post-hoc, exploratory; supervised residual model over all data sources; walk-forward on training only; holdout not run",1.0,0.8812245192368211,False
RIDGE10.MAKER.m0.all,10140,975,-0.019061008420689224,-0.04930886591988799,0.01234568777005596,-965.0600000000003,-0.951735700197239,-0.11280179767877622,-2.155075318693224,1281.8400000000001,-1365.9800000000002,-0.02712916411954644,112,0.489792899408284,0.49931025641025634,-0.012298293273724533,-0.04283296842961102,0.019319023340720772,-0.609861932938856,"post-hoc, exploratory; supervised residual model over all data sources; walk-forward on training only; holdout not run",1.0,0.8824458407533267,False
RIDGE1.MAKER.m1.all,7219,955,-0.008703739507843707,-0.0494527055397042,0.03212230265511608,-313.3200000000001,-0.43402133259454234,-0.03863025222462144,-0.7380299324772149,775.12,-711.8100000000002,-0.01990697716043462,112,0.4943205430114974,0.4986607563374428,-0.0016841422065060497,-0.04249342000762623,0.03944898393451085,-0.0833910513921598,"post-hoc, exploratory; supervised residual model over all data sources; walk-forward on training only; holdout not run",1.0,0.658271800981053,False
BOOST.MAKER.m0.all,10492,970,-0.023789251099268646,-0.05275629141517322,0.0038143288663631115,-1225.1500000000003,-1.1676991993900119,-0.14804447235016815,-2.8283856728893055,1296.4700000000005,-1667.6100000000001,-0.0325307275614722,112,0.479174609226077,0.4908516012199772,-0.016866291860180883,-0.046069275447625964,0.010916447877045725,-0.8220548989706443,"post-hoc, exploratory; supervised residual model over all data sources; walk-forward on training only; holdout not run",1.0,0.9399908248935871,False
BOOST.MAKER.m1.all,7128,939,-0.02292829535716236,-0.06239649674008386,0.018103538409427643,-810.4100000000001,-1.1369388327721661,-0.0980933833763538,-1.8740714580053819,1138.7500000000002,-1235.1000000000001,-0.035197961818290636,112,0.4844977553310887,0.49586714365881035,-0.015934256942742676,-0.0555371992258376,0.025389398853978173,-0.7845117845117849,"post-hoc, exploratory; supervised residual model over all data sources; walk-forward on training only; holdout not run",1.0,0.8492654860806721,False
ISO.MAKER.m0.all,7797,975,-0.0395584485303986,-0.06296830897548845,-0.016262863345363393,-1461.96,-1.8750288572527898,-0.32043553649527007,-6.121912328912365,1551.5900000000004,-1747.5500000000002,-0.047587926219720585,112,0.455239194562011,0.473989483134539,-0.03263609729508756,-0.056205225701637565,-0.00920488313048858,-1.535847120687444,"post-hoc, exploratory; supervised residual model over all data sources; walk-forward on training only; holdout not run",1.0,0.9995175495445944,False
LOGIT1.MAKER.m0.all,9027,906,-0.04040981064677616,-0.0629751072108601,-0.01772441294225846,-1733.1,-1.9199069458291789,-0.29275592222799884,-5.593094040854456,1791.8600000000004,-2034.07,-0.04774916447706487,111,0.45591004763487314,0.475109117093165,-0.031936339023397715,-0.05469564544503573,-0.009075712078967294,-1.5040434252797166,"post-hoc, exploratory; supervised residual model over all data sources; walk-forward on training only; holdout not run",1.0,0.9987084794721013,False
LOGIT01.MAKER.m0.all,9180,926,-0.041512710488759486,-0.06399214443725083,-0.019081149559774236,-1744.1200000000003,-1.8999128540305013,-0.29532865778067846,-5.642246084573593,1806.7300000000005,-2047.8200000000004,-0.04906389456852323,111,0.4386710239651416,0.4576701525054466,-0.03294053797035183,-0.05561210127078516,-0.01033487607109438,-1.494226579520697,"post-hoc, exploratory; supervised residual model over all data sources; walk-forward on training only; holdout not run",1.0,0.9988125095655301,False
LOGIT1.MAKER.m1.all,7952,859,-0.03909357208057873,-0.06403142900379452,-0.0149672385531172,-1536.23,-1.9318787726358149,-0.27512234213504505,-5.256204966207422,1606.8100000000009,-1831.77,-0.04702661778912742,110,0.47484909456740443,0.4941678822937626,-0.030641583833073194,-0.05579618232102955,-0.0063268003731709885,-1.5010060362173037,"post-hoc, exploratory; supervised residual model over all data sources; walk-forward on training only; holdout not run",1.0,0.9976397967045807,False
LOGIT01.MAKER.m1.all,8009,876,-0.04059682686769146,-0.0660077218097627,-0.015983245214484444,-1549.1400000000003,-1.9342489699088532,-0.273736393453535,-5.229726453825879,1639.2800000000004,-1853.1300000000003,-0.04902054406606015,111,0.45711075040579346,0.476453240104882,-0.03205763764954722,-0.05759083459295467,-0.0071796392193276245,-1.513921837932326,"post-hoc, exploratory; supervised residual model over all data sources; walk-forward on training only; holdout not run",1.0,0.9976353230724819,False
RIDGE1.TAKER.m0.all,5886,945,-0.01866258191850979,-0.06691634140976618,0.02714806518033445,-576.0400000000002,-0.9786612300373772,-0.06300498639729565,-1.2037085749827674,814.77,-1061.48,-0.0346532390860644,110,0.5146109412164458,0.5243975535168196,-0.01866258191850979,-0.06691634140976618,0.02714806518033445,-0.9786612300373772,"post-hoc, exploratory; supervised residual model over all data sources; walk-forward on training only; holdout not run",1.0,0.7449554808443042,False
RIDGE10.TAKER.m0.primary,946,946,-0.023923341480824558,-0.06731548116075409,0.021568967477341192,-132.72000000000003,-1.4029598308668079,-0.10560877020757765,-2.017652721812226,172.65,-175.92000000000002,-0.03174924019837861,109,0.5724101479915433,0.5864397463002113,-0.023923341480824558,-0.06731548116075409,0.021568967477341192,-1.4029598308668079,"post-hoc, exploratory; supervised residual model over all data sources; walk-forward on training only; holdout not run",1.0,0.8636981224983473,False
ISO.MAKER.m1.all,4162,924,-0.03653533372010397,-0.06780658368894145,-0.005112184416433581,-756.33,-1.8172272945699186,-0.21914856420977957,-4.186827440467409,910.4799999999996,-945.6100000000001,-0.04587976775068764,112,0.479216722729457,0.49738899567515626,-0.029851109262745208,-0.0613472692452994,0.0016735338508987916,-1.4745314752522825,"post-hoc, exploratory; supervised residual model over all data sources; walk-forward on training only; holdout not run",1.0,0.9888942677239118,False
RIDGE10.TAKER.m0.all,5884,946,-0.0191424382103481,-0.06814476911233651,0.029112214316497555,-590.75,-1.0039938817131202,-0.06481622033187923,-1.2383121507158081,806.99,-1076.19,-0.03513953253734794,110,0.5144459551325629,0.524485893949694,-0.0191424382103481,-0.06814476911233651,0.029112214316497555,-1.0039938817131202,"post-hoc, exploratory; supervised residual model over all data sources; walk-forward on training only; holdout not run",1.0,0.7509856996840143,False
RIDGE1.TAKER.m0.primary,945,945,-0.02383712231149602,-0.06987229053101503,0.020250429942094503,-132.23000000000005,-1.3992592592592599,-0.1043868318272314,-1.9943076218347662,174.29,-175.43,-0.031663607337336634,109,0.573015873015873,0.5870084656084655,-0.02383712231149602,-0.06987229053101503,0.020250429942094503,-1.3992592592592599,"post-hoc, exploratory; supervised residual model over all data sources; walk-forward on training only; holdout not run",1.0,0.8609203816533749,False
BOOST.TAKER.m1.primary,651,651,-0.0063982176164472365,-0.07150015580810946,0.06079562869504697,-19.929999999999993,-0.3061443932411673,-0.016669591575358987,-0.3184720998778181,123.49000000000001,-65.53999999999999,-0.021070296475853064,105,0.4754224270353303,0.47848387096774203,-0.0063982176164472365,-0.07150015580810946,0.06079562869504697,-0.3061443932411673,"post-hoc, exploratory; supervised residual model over all data sources; walk-forward on training only; holdout not run",1.0,0.5676784469168633,False
RIDGE1.TAKER.m1.all,3696,802,-0.011413303760850608,-0.07216734364463714,0.052642075506279466,-219.00999999999996,-0.5925595238095237,-0.029139543317829333,-0.5567101934055573,756.96,-642.7600000000001,-0.03391379408592733,109,0.5132575757575758,0.519183170995671,-0.011413303760850608,-0.07216734364463714,0.052642075506279466,-0.5925595238095237,"post-hoc, exploratory; supervised residual model over all data sources; walk-forward on training only; holdout not run",1.0,0.6192502572533528,False
RIDGE10.TAKER.m1.all,3691,802,-0.012043977619558596,-0.07285237725910214,0.05213305719702074,-230.64999999999998,-0.624898401517204,-0.0306855881439356,-0.5862473383349582,765.8899999999999,-654.4000000000001,-0.03459797825995009,109,0.5125982118667027,0.5188471958818749,-0.012043977619558596,-0.07285237725910214,0.05213305719702074,-0.624898401517204,"post-hoc, exploratory; supervised residual model over all data sources; walk-forward on training only; holdout not run",1.0,0.6253672326535995,False
LOGIT1.TAKER.m0.all,10923,964,-0.06073812921998998,-0.08546209687735709,-0.03562931026201932,-3269.1800000000003,-2.992932344593976,-0.41926799257483943,-8.010103751086717,3345.860000000001,-3651.4000000000005,-0.0684213287761588,112,0.4628307241600293,0.49276004760596903,-0.06073812921998998,-0.08546209687735709,-0.03562931026201932,-2.992932344593976,"post-hoc, exploratory; supervised residual model over all data sources; walk-forward on training only; holdout not run",1.0,0.9999892072013677,False
LOGIT1.TAKER.m1.all,9050,890,-0.058393105637676884,-0.08786110027623972,-0.03235936652974164,-2816.07,-3.11167955801105,-0.37120896691231864,-7.091937355009593,2897.290000000001,-3193.59,-0.06682046692872412,111,0.501767955801105,0.5328847513812155,-0.058393105637676884,-0.08786110027623972,-0.03235936652974164,-3.11167955801105,"post-hoc, exploratory; supervised residual model over all data sources; walk-forward on training only; holdout not run",1.0,0.999919974737147,False
LOGIT01.TAKER.m0.all,10936,980,-0.06252994010527305,-0.08885801197339072,-0.03686574216745181,-3230.65,-2.954142282370154,-0.4131019141505409,-7.892300988198366,3307.3299999999995,-3618.3500000000004,-0.0706524763562626,112,0.44289502560351135,0.47243644842721294,-0.06252994010527305,-0.08885801197339072,-0.03686574216745181,-2.954142282370154,"post-hoc, exploratory; supervised residual model over all data sources; walk-forward on training only; holdout not run",1.0,0.999986057723259,False
LOGIT1.TAKER.m0.primary,964,964,-0.044429997595490205,-0.0892709613662175,0.0015349600028991032,-249.45,-2.587655601659751,-0.19485210957797347,-3.7226443264902573,275.6600000000001,-293.19000000000005,-0.05227889925270007,111,0.5565352697095436,0.582411825726141,-0.044429997595490205,-0.0892709613662175,0.0015349600028991032,-2.587655601659751,"post-hoc, exploratory; supervised residual model over all data sources; walk-forward on training only; holdout not run",1.0,0.9787697578801416,False
BOOST.TAKER.m0.all,5275,794,-0.03433613522451591,-0.09009527363865928,0.019936341091464017,-913.4600000000002,-1.7316777251184836,-0.10900924724407547,-2.0826187443751656,973.2299999999998,-1413.3700000000001,-0.053672203747564415,110,0.4870142180094787,0.5043309952606635,-0.03433613522451591,-0.09009527363865928,0.019936341091464017,-1.7316777251184836,"post-hoc, exploratory; supervised residual model over all data sources; walk-forward on training only; holdout not run",1.0,0.8723068410509286,False
LOGIT01.TAKER.m1.all,8881,913,-0.0630512066688528,-0.09268623866070992,-0.03375291087425286,-2882.21,-3.2453665127800924,-0.37131387997592386,-7.09394171627543,2948.9899999999993,-3268.3500000000004,-0.07218350492012188,112,0.4822655106406936,0.5147191757684946,-0.0630512066688528,-0.09268623866070992,-0.03375291087425286,-3.2453665127800924,"post-hoc, exploratory; supervised residual model over all data sources; walk-forward on training only; holdout not run",1.0,0.9999258538692398,False
LOGIT01.TAKER.m0.primary,980,980,-0.0491697101631794,-0.09579034898521725,0.001001936877206262,-273.3,-2.788775510204082,-0.21033787176641985,-4.018499397687875,282.62999999999977,-320.49000000000007,-0.057688880728792614,111,0.5392857142857143,0.567173469387755,-0.0491697101631794,-0.09579034898521725,0.001001936877206262,-2.788775510204082,"post-hoc, exploratory; supervised residual model over all data sources; walk-forward on training only; holdout not run",1.0,0.985623389424365,False
BOOST.TAKER.m0.primary,794,794,-0.04232066359040869,-0.09777439105214995,0.012161344236676688,-169.03,-2.1288413098236774,-0.13857232761313978,-2.6474206017829918,185.45000000000005,-215.71000000000004,-0.054053038181175794,109,0.4817380352644836,0.5030264483627205,-0.04232066359040869,-0.09777439105214995,0.012161344236676688,-2.1288413098236774,"post-hoc, exploratory; supervised residual model over all data sources; walk-forward on training only; holdout not run",1.0,0.9245783321413352,False
LOGIT1.TAKER.m1.primary,890,890,-0.04937812317143162,-0.09901393092186785,-0.0022646991505735127,-264.13,-2.967752808988764,-0.2096971494923751,-4.006258415829918,267.87999999999994,-304.19,-0.05697306145688765,111,0.5713483146067416,0.6010258426966292,-0.04937812317143162,-0.09901393092186785,-0.0022646991505735127,-2.967752808988764,"post-hoc, exploratory; supervised residual model over all data sources; walk-forward on training only; holdout not run",1.0,0.9853837152887757,False
BOOST.MAKER.m0.primary,970,970,-0.04770246762188389,-0.10213598814233199,0.005646360583941798,-234.17999999999998,-2.4142268041237114,-0.16531870768997867,-3.1584094756671246,235.43999999999994,-278.47,-0.05679039537307254,111,0.48195876288659795,0.5061010309278351,-0.040710797389912574,-0.09545492481066627,0.012969861734464506,-2.045360824742268,"post-hoc, exploratory; supervised residual model over all data sources; walk-forward on training only; holdout not run",1.0,0.9578253355524738,False
ISO.MAKER.m1.primary,924,924,-0.05008616998616546,-0.10428955559605814,0.0010926342038791118,-232.79000000000002,-2.5193722943722947,-0.1678966697521132,-3.207661371709194,320.4300000000002,-279.21,-0.060120020412513644,111,0.4778138528138528,0.5030075757575757,-0.0432125520110957,-0.09775927221084219,0.008362798503603941,-2.158008658008658,"post-hoc, exploratory; supervised residual model over all data sources; walk-forward on training only; holdout not run",1.0,0.9601586403314881,False
RIDGE1.MAKER.m1.primary,955,955,-0.055959986232335314,-0.10662557115685695,-0.005489234924041764,-281.27000000000004,-2.9452356020942414,-0.2824504762273652,-5.396208771460651,281.41999999999996,-327.08000000000004,-0.06512839301643941,111,0.4968586387434555,0.5263109947643979,-0.04926967080085756,-0.10017948947639914,0.001461694534679905,-2.5748691099476444,"post-hoc, exploratory; supervised residual model over all data sources; walk-forward on training only; holdout not run",1.0,0.9982013169817137,False
RIDGE10.MAKER.m1.primary,955,955,-0.05625665045695477,-0.1066907352334279,-0.005740379956228125,-282.8500000000001,-2.9617801047120427,-0.2835198008871451,-5.416638190400623,283.0,-328.66,-0.06542242110333901,111,0.4968586387434555,0.5264764397905759,-0.04957436154231347,-0.10036257118170509,0.0012192709443065765,-2.5916230366492146,"post-hoc, exploratory; supervised residual model over all data sources; walk-forward on training only; holdout not run",1.0,0.9982614171351483,False
LOGIT01.TAKER.m1.primary,913,913,-0.057449357952240335,-0.10816478889544646,-0.00878464355673407,-304.45000000000005,-3.33461117196057,-0.23433482907481415,-4.476960623335397,308.19999999999993,-343.99,-0.06503888266001638,111,0.5470974808324206,0.5804435925520263,-0.057449357952240335,-0.10816478889544646,-0.00878464355673407,-3.33461117196057,"post-hoc, exploratory; supervised residual model over all data sources; walk-forward on training only; holdout not run",1.0,0.9924506914814266,False
ISO.MAKER.m0.primary,975,975,-0.05711541486921747,-0.11072386888732264,-0.0018590142432911448,-275.92,-2.829948717948718,-0.1923109769461405,-3.6740960557261326,316.61,-321.43,-0.0665978787633924,111,0.46717948717948715,0.49547897435897437,-0.0501115675765854,-0.10423427771054372,0.005359588566917959,-2.4646153846153847,"post-hoc, exploratory; supervised residual model over all data sources; walk-forward on training only; holdout not run",1.0,0.9774115603036255,False
BOOST.TAKER.m1.all,3188,651,-0.03958954145686386,-0.11176740928738874,0.030952659622091944,-617.9100000000001,-1.9382371392722715,-0.09082525583473919,-1.735214076293679,716.0600000000003,-1068.85,-0.06968253813030312,106,0.4702007528230866,0.48958312421580924,-0.03958954145686386,-0.11176740928738874,0.030952659622091944,-1.9382371392722715,"post-hoc, exploratory; supervised residual model over all data sources; walk-forward on training only; holdout not run",1.0,0.8241251919749137,False
RIDGE10.MAKER.m0.primary,975,975,-0.0623566814616742,-0.11243561449686718,-0.012377035983056558,-320.88,-3.291076923076923,-0.24865576432249475,-4.750561707076699,342.9399999999999,-366.8,-0.07133688591543819,111,0.4948717948717949,0.5277825641025641,-0.05573603663548476,-0.10604084290037961,-0.005326644357139328,-2.921025641025641,"post-hoc, exploratory; supervised residual model over all data sources; walk-forward on training only; holdout not run",1.0,0.9949762161567427,False
RIDGE1.MAKER.m0.primary,975,975,-0.062063227629965,-0.11288027169535951,-0.012686677911094554,-319.27000000000004,-3.274564102564103,-0.2500100090118276,-4.7764345155381704,328.1399999999999,-365.19000000000005,-0.07104601191784742,111,0.4948717948717949,0.5276174358974359,-0.05544027250303433,-0.10657533119204829,-0.005528296232359841,-2.9046153846153846,"post-hoc, exploratory; supervised residual model over all data sources; walk-forward on training only; holdout not run",1.0,0.9951702377740499,False
LOGIT01.MAKER.m1.primary,876,876,-0.06185575792683965,-0.11555090974051313,-0.009142978693480417,-290.44,-3.315525114155251,-0.2372407536040312,-4.532478233513334,311.3700000000002,-337.68,-0.07195888063963449,110,0.5028538812785388,0.5360091324200913,-0.054923836086676676,-0.10895679622836374,-0.001847256224926723,-2.922374429223744,"post-hoc, exploratory; supervised residual model over all data sources; walk-forward on training only; holdout not run",1.0,0.9928175607893626,False
LOGIT1.MAKER.m1.primary,859,859,-0.06747143147855604,-0.12242090838646508,-0.014929580133554134,-321.61,-3.7440046565774154,-0.24201534692328175,-4.623696710796967,342.54,-368.55,-0.0773687690902793,110,0.5174621653084982,0.5549022118742725,-0.060690587887240605,-0.1158895035213747,-0.007762106901991548,-3.3434225844004657,"post-hoc, exploratory; supervised residual model over all data sources; walk-forward on training only; holdout not run",1.0,0.9937176609149576,False
LOGIT1.MAKER.m0.primary,906,906,-0.07287733688849085,-0.12623304424916204,-0.019155007479606478,-358.05,-3.9519867549668874,-0.25638805542190196,-4.898286921108629,378.3800000000001,-404.88000000000005,-0.08246230050428932,110,0.5027593818984547,0.5422792494481236,-0.06621566215662157,-0.11994324244211264,-0.012174034647527004,-3.565121412803532,"post-hoc, exploratory; supervised residual model over all data sources; walk-forward on training only; holdout not run",1.0,0.9958483447493981,False
ISO.TAKER.m0.primary,470,470,-0.060540068059482956,-0.12628519180636089,0.01046539752994033,-162.07000000000005,-3.4482978723404263,-0.23762895259020195,-4.539894764730511,216.8800000000001,-205.68,-0.07701409378884778,78,0.5351063829787234,0.5695893617021276,-0.060540068059482956,-0.12628519180636089,0.01046539752994033,-3.4482978723404263,"post-hoc, exploratory; supervised residual model over all data sources; walk-forward on training only; holdout not run",1.0,0.9803091159886846,False
BOOST.MAKER.m1.primary,939,939,-0.07561883657450448,-0.12728394638944926,-0.02125127790122219,-356.26,-3.7940362087326944,-0.2438054607931112,-4.6578967882594355,360.90000000000015,-399.93,-0.08500232734599664,111,0.4637912673056443,0.5017316293929712,-0.06888736851107502,-0.12076637982453704,-0.014180435955913171,-3.4313099041533555,"post-hoc, exploratory; supervised residual model over all data sources; walk-forward on training only; holdout not run",1.0,0.9942222524664223,False
LOGIT01.MAKER.m0.primary,926,926,-0.07793582934607583,-0.13387286504762808,-0.023869243205482515,-373.16999999999996,-4.029913606911446,-0.2680908487966358,-5.121868474600137,393.5000000000001,-418.99,-0.08758170481125588,110,0.4767818574514039,0.5170809935205184,-0.07109343769067306,-0.12743246329009264,-0.016566453972152357,-3.64902807775378,"post-hoc, exploratory; supervised residual model over all data sources; walk-forward on training only; holdout not run",1.0,0.9970730072399142,False
ISO.TAKER.m0.all,886,470,-0.06920167676533824,-0.1390394416000271,0.004101444395324638,-364.67,-4.115914221218961,-0.25430953130394746,-4.8585767735924685,464.90999999999985,-478.98,-0.09151353272270817,78,0.5536117381489842,0.5947708803611738,-0.06920167676533824,-0.1390394416000271,0.004101444395324638,-4.115914221218961,"post-hoc, exploratory; supervised residual model over all data sources; walk-forward on training only; holdout not run",1.0,0.9860645352049402,False
ISO.TAKER.m1.primary,148,148,-0.07315429098520596,-0.16765965687481757,0.023915024722721202,-82.48000000000002,-5.572972972972974,-0.38211203938106253,-7.300240262045041,99.18,-105.38000000000001,-0.09576691688325854,28,0.706081081081081,0.7618108108108107,-0.07315429098520596,-0.16765965687481757,0.023915024722721202,-5.572972972972974,"post-hoc, exploratory; supervised residual model over all data sources; walk-forward on training only; holdout not run",1.0,0.9726953303537267,False
ISO.TAKER.m1.all,279,148,-0.10204770635318834,-0.20606217611399036,-0.004568034516519079,-217.63000000000005,-7.800358422939071,-0.37595051938669516,-7.182524587838244,275.02,-284.63000000000005,-0.14599180357298566,28,0.6863799283154122,0.7643835125448027,-0.10204770635318834,-0.20606217611399036,-0.004568034516519079,-7.800358422939071,"post-hoc, exploratory; supervised residual model over all data sources; walk-forward on training only; holdout not run",1.0,0.9709221951486479,False
