shift_s,W,attempts,any_print_in_W,median_queue_ahead,strict_fill_rate,strict_settle_c_per_contract,strict_t60_c_per_contract,upper_fill_rate,upper_settle_c_per_contract,upper_t60_c_per_contract,queue_fill_rate,queue_settle_c_per_contract,queue_t60_c_per_contract
-2,5,2472,0.2087378640776699,10000.0,0.0048543689320388345,-3.250000000000001,-5.727272727272728,0.10153721682847897,2.1518502764780933,-1.4858205485820553,0.0,,
-2,30,2472,0.6521035598705501,10000.0,0.0703883495145631,-0.0632183908045988,-4.987730061349694,0.25202265372168287,1.7560398715999317,-2.4014624576422334,0.0,,
-1,5,2456,0.21742671009771988,10000.0,0.004478827361563518,-16.727272727272734,-12.454545454545457,0.10219869706840391,1.326086956521738,-1.6039603960396043,0.0,,
-1,30,2456,0.6518729641693811,10000.0,0.06840390879478828,-1.6666666666666687,-5.367088607594937,0.2536644951140065,1.4265617149556185,-2.585842577918648,0.00040716612377850165,46.0,-19.000000000000004
0,5,2449,0.21355655369538587,10000.0,0.00449162923642303,2.999999999999999,-10.454545454545453,0.1037158023683136,2.743119266055044,-1.4343163538873998,0.0,,
0,30,2449,0.652511229073091,10000.0,0.06696610861576154,-1.6402439024390258,-5.281045751633988,0.2674561045324622,2.2201849489795906,-2.5799331103678935,0.0008166598611678236,45.49999999999999,3.9999999999999947
1,5,2449,0.21804818293180891,12500.0,0.0057166190281747655,-3.285714285714289,-5.928571428571431,0.10943242139648836,0.9557592666400947,-1.9174116645381019,0.0,,
1,30,2449,0.6541445487954267,12500.0,0.0661494487545937,-0.6851851851851858,-4.8,0.2805226623111474,3.127367135003054,-2.6553989106055753,0.0004083299305839118,46.0,-19.000000000000004
2,5,2443,0.22390503479328694,15000.0,0.0045026606631191155,26.454545454545457,-6.1818181818181825,0.11461318051575932,2.993047508690614,-1.7269372693726939,0.0,,
2,30,2443,0.6623004502660663,15000.0,0.0634465820712239,0.4580645161290313,-5.202797202797204,0.2939009414654114,3.574505494505494,-2.5472837022132806,0.0008186655751125665,2.9999999999999982,-19.0
