symbol,game,mbp_first_h,mbp_last_h,trades_first_h,trades_last_h,mbp_rows,prints,print_size_median,print_size_p90,bid_size_median,ask_size_median
CGINDF619 C0001,cfb_20260119_mia_ind,-1.969935576273611,3.730623154409167,-1.969935576273611,3.7292479262947222,1201,186,28.5,461.0,40000.0,40000.0
CGMIAF619 C0001,cfb_20260119_mia_ind,-1.9850643273291666,3.730623149465278,-1.9850643273291666,3.730394079095278,3133,1095,53.0,365.60000000000025,40000.0,39971.0
FGCARF611 C0001,nfl_20260110_la_car,2.4978851188919444,3.306544983520278,2.5039846775580554,3.2921601596291667,1057,288,35.5,144.4000000000001,14999.0,14974.0
FGLARF611 C0001,nfl_20260110_la_car,2.4977809322425,3.306544979211389,2.5045837459858333,3.3024726991386113,825,191,45.0,455.0,15000.0,14787.0
FGBUFF611 C0001,nfl_20260111_buf_jac,-1.9915408193452777,3.0752310831475,-1.9915408193452777,3.0752086387958335,3414,1054,33.0,206.80000000000018,100000.0,98839.0
FGJAXF611 C0001,nfl_20260111_buf_jac,-1.9796617246158332,3.0752228810052777,-1.8513987632747222,3.0751526038308334,2295,537,36.0,258.0,100000.0,98637.0
FGCHIF611 C0001,nfl_20260111_gb_chi,-1.0090099144041667,3.433070780565833,-0.9991015989391666,3.427220748026389,3546,1082,40.0,322.0,12500.0,12500.0
FGGBXF611 C0001,nfl_20260111_gb_chi,-1.0197761200325,3.433060096548611,-0.9759820418352778,3.4269112243375,2109,421,44.0,465.0,7500.0,7500.0
FGPHIF611 C0001,nfl_20260111_sf_phi,-1.8959711143108333,3.2206067699408334,-1.8959711143108333,3.2193335085169443,1946,334,35.5,347.69999999999965,7500.0,7500.0
FGSFXF611 C0001,nfl_20260111_sf_phi,-1.9883872508319445,3.220606750848611,-1.9883872508319445,3.2189952236230557,3636,1131,38.0,285.0,7500.0,7419.0
FGLACF611 C0001,nfl_20260112_lac_ne,-1.9942148007519445,2.8397314125136113,-1.9942148007519445,2.7204938942691665,2931,930,42.5,294.0,100000.0,99959.0
FGNEXF611 C0001,nfl_20260112_lac_ne,-1.9795453409302777,2.8396966810358335,-1.9305734077780556,2.729724407815833,1639,307,36.0,569.2000000000046,100000.0,100000.0
FGHOUF612 C0001,nfl_20260113_hou_pit,-1.9997880676425,2.9890359823847223,-1.9997880676425,2.894724266339167,1810,344,31.0,225.1999999999996,15000.0,15000.0
FGPITF612 C0001,nfl_20260113_hou_pit,-1.983155878501389,2.989334660235278,-1.983155878501389,2.931590518209722,2664,763,41.0,292.6000000000005,15000.0,15000.0
FGBUFF617 C0001,nfl_20260117_buf_den,-1.9984333588730556,3.726411426460278,-1.9984333588730556,3.7261613172791668,5130,1684,40.0,338.0,25000.0,24856.0
FGDENF617 C0001,nfl_20260117_buf_den,-1.9484651843319445,3.7264007668630557,-1.9484651843319445,3.7239134709125,2712,545,33.0,293.6,24921.5,24922.0
FGHOUF618 C0001,nfl_20260118_hou_ne,-1.9977776533691667,3.2246580375058334,-1.9977776533691667,3.098161185629167,3320,994,43.5,257.4000000000001,15000.0,15000.0
FGNEXF618 C0001,nfl_20260118_hou_ne,-1.9684532136680555,3.2246693061875,-1.9684532136680555,3.136892975914167,1958,315,30.0,358.00000000000114,15000.0,15000.0
FGCHIF618 C0001,nfl_20260118_la_chi,-1.9834654440619444,3.5581634611319446,-1.9834654440619444,3.5543092285130555,4611,1421,45.0,292.0,25000.0,24999.0
FGLARF618 C0001,nfl_20260118_la_chi,-1.9836856167886112,3.543238200573611,-1.9836856167886112,3.5393518549602776,2404,437,41.0,713.8000000000006,25000.0,25000.0
FGSEAF617 C0001,nfl_20260118_sf_sea,-1.8441215306408334,3.1941066457830556,-1.4344693157869444,2.808831741943611,1017,103,30.0,394.0,15000.0,15000.0
FGSFXF617 C0001,nfl_20260118_sf_sea,-1.9950572509458333,3.194106636674167,-1.9950572509458333,2.7149969933947222,2878,995,62.0,416.0,15000.0,23793.0
FGLARF625 C0001,nfl_20260125_la_sea,-1.9732820301936111,3.3140402849130557,-1.9656688802447222,3.3107137443313888,4888,1724,50.0,398.5000000000002,25000.0,25000.0
FGSEAF625 C0001,nfl_20260125_la_sea,-1.9732750811947222,3.3906335423580556,-1.9068841105652778,3.389327231028611,2725,651,42.0,454.0,25000.0,25000.0
FGDENF625 C0001,nfl_20260125_ne_den,-1.9973602204202778,2.9868669613141665,-1.9973602204202778,2.9868669613141665,3128,869,32.0,250.0,25000.0,25000.0
FGNEXF625 C0001,nfl_20260125_ne_den,-1.9935511927252778,3.0078378393875,-1.9935511927252778,3.0076915446180554,3006,801,42.0,367.0,25000.0,25000.0
FGNEXG608 C0001,nfl_20260208_sea_ne,-1.9991950551625,3.908817745640278,-1.9991950551625,3.897458335273611,16282,4546,66.0,380.5,55932.0,90817.5
FGSEAG608 C0001,nfl_20260208_sea_ne,-1.9944966217941666,3.9088083688736113,-1.9944966217941666,3.9077442155208333,12654,2572,29.0,215.80000000000018,62000.0,55832.0
