cell,trades,hit_rate,mean_breakeven,mean_roc,pnl_total,hit_minus_breakeven,book,label
A:favorite,114,0.8771929824561403,0.8492017543859649,0.0325099149505472,31.910000000000004,0.0279912280701754,M1 logistic,"post-hoc, exploratory; meta-model over strategies already seen to fail on training; walk-forward on training only"
B:signal,31,0.2903225806451613,0.5114193548387097,-0.025700187753873643,-7.640000000000001,-0.2210967741935484,M1 logistic,"post-hoc, exploratory; meta-model over strategies already seen to fail on training; walk-forward on training only"
I10:fade,1,1.0,0.515,0.05142857142857143,0.45,0.485,M1 logistic,"post-hoc, exploratory; meta-model over strategies already seen to fail on training; walk-forward on training only"
I10:placebo,4,0.25,0.506,-0.025267753252283937,-0.9400000000000001,-0.256,M1 logistic,"post-hoc, exploratory; meta-model over strategies already seen to fail on training; walk-forward on training only"
I12:placebo,365,0.29863013698630136,0.32478630136986303,-0.1693889941398906,-100.47,-0.026156164383561664,M1 logistic,"post-hoc, exploratory; meta-model over strategies already seen to fail on training; walk-forward on training only"
I12:signal,363,0.27823691460055094,0.2951818181818182,-0.09508308994479177,-61.51,-0.016944903581267268,M1 logistic,"post-hoc, exploratory; meta-model over strategies already seen to fail on training; walk-forward on training only"
I13:placebo,40,0.4,0.47969999999999996,-0.23814984013963394,-31.88,-0.07969999999999994,M1 logistic,"post-hoc, exploratory; meta-model over strategies already seen to fail on training; walk-forward on training only"
I4:favorite,172,0.8604651162790697,0.847453488372093,0.030066092491353516,22.380000000000003,0.013011627906976742,M1 logistic,"post-hoc, exploratory; meta-model over strategies already seen to fail on training; walk-forward on training only"
I4:placebo,288,0.10069444444444445,0.10305208333333334,-0.003684931127278346,-6.789999999999997,-0.0023576388888888883,M1 logistic,"post-hoc, exploratory; meta-model over strategies already seen to fail on training; walk-forward on training only"
I7:placebo,134,0.3582089552238806,0.3555,-0.09016710227106958,3.6299999999999937,0.0027089552238805936,M1 logistic,"post-hoc, exploratory; meta-model over strategies already seen to fail on training; walk-forward on training only"
I7:signal,11,0.45454545454545453,0.41300000000000003,-0.07259960997489849,4.57,0.0415454545454545,M1 logistic,"post-hoc, exploratory; meta-model over strategies already seen to fail on training; walk-forward on training only"
I8:fade,196,0.22959183673469388,0.28103061224489795,-0.24695770733882297,-100.82000000000001,-0.051438775510204066,M1 logistic,"post-hoc, exploratory; meta-model over strategies already seen to fail on training; walk-forward on training only"
I8:placebo,235,0.14042553191489363,0.17111489361702129,-0.3619317520419836,-72.12,-0.03068936170212766,M1 logistic,"post-hoc, exploratory; meta-model over strategies already seen to fail on training; walk-forward on training only"
I9:placebo,207,0.28502415458937197,0.3517391304347826,-0.2652369629890372,-138.1,-0.06671497584541064,M1 logistic,"post-hoc, exploratory; meta-model over strategies already seen to fail on training; walk-forward on training only"
I9:signal,302,0.28807947019867547,0.28072516556291394,0.003550096803661581,17.21,0.007354304635761533,M1 logistic,"post-hoc, exploratory; meta-model over strategies already seen to fail on training; walk-forward on training only"
A:favorite,91,0.9010989010989011,0.856912087912088,0.0523920758709066,40.21000000000001,0.04418681318681317,M2 tree depth 3,"post-hoc, exploratory; meta-model over strategies already seen to fail on training; walk-forward on training only"
I12:placebo,261,0.42528735632183906,0.4852068965517241,-0.1834203874686551,-156.39,-0.05991954022988505,M2 tree depth 3,"post-hoc, exploratory; meta-model over strategies already seen to fail on training; walk-forward on training only"
I12:signal,292,0.4280821917808219,0.47273287671232883,-0.15993784152573165,-130.38,-0.04465068493150692,M2 tree depth 3,"post-hoc, exploratory; meta-model over strategies already seen to fail on training; walk-forward on training only"
I13:placebo,25,0.64,0.57796,0.1166181260727079,15.51,0.062039999999999984,M2 tree depth 3,"post-hoc, exploratory; meta-model over strategies already seen to fail on training; walk-forward on training only"
I13:signal,4,0.25,0.36125,-0.37027707808564225,-4.45,-0.11125000000000002,M2 tree depth 3,"post-hoc, exploratory; meta-model over strategies already seen to fail on training; walk-forward on training only"
I4:favorite,156,0.8141025641025641,0.8752307692307693,-0.05820322017172878,-90.36,-0.06112820512820516,M2 tree depth 3,"post-hoc, exploratory; meta-model over strategies already seen to fail on training; walk-forward on training only"
I4:placebo,785,0.08917197452229299,0.11977070063694269,-0.23892751153326722,-245.2,-0.0305987261146497,M2 tree depth 3,"post-hoc, exploratory; meta-model over strategies already seen to fail on training; walk-forward on training only"
I7:placebo,108,0.5462962962962963,0.4879814814814815,0.05947937866340367,62.98,0.058314814814814764,M2 tree depth 3,"post-hoc, exploratory; meta-model over strategies already seen to fail on training; walk-forward on training only"
I7:signal,7,0.7142857142857143,0.5614285714285715,0.3572153191445082,10.700000000000001,0.1528571428571428,M2 tree depth 3,"post-hoc, exploratory; meta-model over strategies already seen to fail on training; walk-forward on training only"
I8:fade,215,0.5023255813953489,0.5047488372093023,-0.05769938415697366,-5.210000000000006,-0.0024232558139534177,M2 tree depth 3,"post-hoc, exploratory; meta-model over strategies already seen to fail on training; walk-forward on training only"
I8:placebo,291,0.33676975945017185,0.3807422680412371,-0.2706792889904544,-127.96,-0.043972508591065274,M2 tree depth 3,"post-hoc, exploratory; meta-model over strategies already seen to fail on training; walk-forward on training only"
I9:placebo,261,0.5210727969348659,0.5803754789272031,-0.16691580539759668,-154.78,-0.059302681992337236,M2 tree depth 3,"post-hoc, exploratory; meta-model over strategies already seen to fail on training; walk-forward on training only"
I9:signal,255,0.4196078431372549,0.4377921568627451,-0.04792864708398637,-46.37,-0.018184313725490175,M2 tree depth 3,"post-hoc, exploratory; meta-model over strategies already seen to fail on training; walk-forward on training only"
A:favorite,27,0.9629629629629629,0.8774074074074074,0.09746409994615263,23.1,0.0855555555555555,benchmark b: best cell walk-forward,"post-hoc, exploratory; meta-model over strategies already seen to fail on training; walk-forward on training only"
I12:signal,70,0.4142857142857143,0.5108571428571428,-0.3066548951059922,-67.60000000000001,-0.09657142857142847,benchmark b: best cell walk-forward,"post-hoc, exploratory; meta-model over strategies already seen to fail on training; walk-forward on training only"
I13:placebo,11,0.2727272727272727,0.6171818181818182,-0.5530616230184511,-37.89,-0.34445454545454546,benchmark b: best cell walk-forward,"post-hoc, exploratory; meta-model over strategies already seen to fail on training; walk-forward on training only"
I4:favorite,66,0.8636363636363636,0.908469696969697,-0.049830631271096916,-29.590000000000003,-0.04483333333333339,benchmark b: best cell walk-forward,"post-hoc, exploratory; meta-model over strategies already seen to fail on training; walk-forward on training only"
I7:placebo,32,0.375,0.45365625000000004,-0.2208499302170668,-25.17,-0.07865625000000004,benchmark b: best cell walk-forward,"post-hoc, exploratory; meta-model over strategies already seen to fail on training; walk-forward on training only"
I9:placebo,45,0.4666666666666667,0.598288888888889,-0.2856272766838947,-59.230000000000004,-0.1316222222222223,benchmark b: best cell walk-forward,"post-hoc, exploratory; meta-model over strategies already seen to fail on training; walk-forward on training only"
I9:signal,263,0.4524714828897338,0.46393155893536125,-0.03635018684306997,-30.14,-0.011460076045627432,benchmark b: best cell walk-forward,"post-hoc, exploratory; meta-model over strategies already seen to fail on training; walk-forward on training only"
