cell,trades,hit_rate,mean_breakeven,mean_roc,pnl_total,hit_minus_breakeven,book,label,league
A:favorite,253,0.9130434782608695,0.9005375494071147,0.014514480199619977,31.64,0.012505928853754789,"eval weeks, all candidates","post-hoc, exploratory; meta-model over strategies already seen to fail on training; walk-forward on training only",
B:signal,9039,0.1848655824759376,0.5280486779511008,-0.09712495107909266,-3318.52,-0.3431830954751632,"eval weeks, all candidates","post-hoc, exploratory; meta-model over strategies already seen to fail on training; walk-forward on training only",
I10:fade,509,0.14538310412573674,0.5266463654223968,-0.15460766602696274,-195.83,-0.3812632612966601,"eval weeks, all candidates","post-hoc, exploratory; meta-model over strategies already seen to fail on training; walk-forward on training only",
I10:placebo,519,0.18497109826589594,0.5263892100192679,-0.08382571829770669,-254.96,-0.3414181117533719,"eval weeks, all candidates","post-hoc, exploratory; meta-model over strategies already seen to fail on training; walk-forward on training only",
I12:placebo,853,0.4958968347010551,0.547525205158265,-0.13324302477735442,-445.39000000000004,-0.05162837045720986,"eval weeks, all candidates","post-hoc, exploratory; meta-model over strategies already seen to fail on training; walk-forward on training only",
I12:signal,814,0.4987714987714988,0.5093157248157248,-0.04617290035626319,-80.83000000000003,-0.010544226044226057,"eval weeks, all candidates","post-hoc, exploratory; meta-model over strategies already seen to fail on training; walk-forward on training only",
I13:placebo,84,0.5119047619047619,0.5868452380952381,-0.15625713793974275,-62.95,-0.07494047619047628,"eval weeks, all candidates","post-hoc, exploratory; meta-model over strategies already seen to fail on training; walk-forward on training only",
I13:signal,20,0.35,0.47865,-0.36999063065832904,-25.73,-0.12865000000000004,"eval weeks, all candidates","post-hoc, exploratory; meta-model over strategies already seen to fail on training; walk-forward on training only",
I4:favorite,957,0.8892371995820272,0.9070282131661442,-0.016196431613631792,-165.26000000000002,-0.017791013584117055,"eval weeks, all candidates","post-hoc, exploratory; meta-model over strategies already seen to fail on training; walk-forward on training only",
I4:placebo,995,0.10753768844221105,0.1335748743718593,-0.17524421628330747,-264.07,-0.02603718592964825,"eval weeks, all candidates","post-hoc, exploratory; meta-model over strategies already seen to fail on training; walk-forward on training only",
I7:placebo,271,0.5608856088560885,0.5392619926199262,-0.008231555153449194,58.59999999999999,0.02162361623616227,"eval weeks, all candidates","post-hoc, exploratory; meta-model over strategies already seen to fail on training; walk-forward on training only",
I7:signal,19,0.5263157894736842,0.5093157894736842,-0.1236541979624997,3.2299999999999973,0.017000000000000015,"eval weeks, all candidates","post-hoc, exploratory; meta-model over strategies already seen to fail on training; walk-forward on training only",
I8:fade,673,0.5215453194650818,0.5554918276374443,-0.09025895788994237,-228.46,-0.033946508172362555,"eval weeks, all candidates","post-hoc, exploratory; meta-model over strategies already seen to fail on training; walk-forward on training only",
I8:placebo,723,0.4467496542185339,0.47396127247579534,-0.14302995016405962,-196.74,-0.027211618257261427,"eval weeks, all candidates","post-hoc, exploratory; meta-model over strategies already seen to fail on training; walk-forward on training only",
I9:placebo,764,0.5445026178010471,0.6006112565445026,-0.12361539551745983,-423.67,-0.05610863874345551,"eval weeks, all candidates","post-hoc, exploratory; meta-model over strategies already seen to fail on training; walk-forward on training only",
I9:signal,723,0.44951590594744123,0.45669709543568465,-0.015583216641841107,-56.92,-0.007181189488243422,"eval weeks, all candidates","post-hoc, exploratory; meta-model over strategies already seen to fail on training; walk-forward on training only",
,12631,0.3238065077982741,0.5298149790198717,-0.097833439104688,-3994.33,-0.20600847122159766,"eval weeks, all candidates","post-hoc, exploratory; meta-model over strategies already seen to fail on training; walk-forward on training only",CFB
,4585,0.3044711014176663,0.5349733914940022,-0.08653987457174837,-1631.53,-0.23050229007633594,"eval weeks, all candidates","post-hoc, exploratory; meta-model over strategies already seen to fail on training; walk-forward on training only",NFL
