sig,cfg,mean_filled,mean_unfilled,count_filled,count_unfilled
A,A1.W300,0.903,0.929,124.0,156.0
A,A1.W60,0.921,0.917,38.0,242.0
A,A2.W300,0.909,0.919,22.0,258.0
A,A2.W60,0.667,0.921,3.0,277.0
I12,A1.W300,0.483,0.607,689.0,150.0
I12,A1.W60,0.474,0.57,567.0,272.0
I12,A2.W300,0.469,0.583,573.0,266.0
I12,A2.W60,0.451,0.549,376.0,463.0
I13,A1.W300,0.368,0.0,19.0,1.0
I13,A1.W60,0.5,0.125,12.0,8.0
I13,A2.W300,0.385,0.286,13.0,7.0
I13,A2.W60,0.0,0.368,1.0,19.0
I7,A1.W300,0.5,0.545,8.0,11.0
I7,A1.W60,0.25,0.6,4.0,15.0
I7,A2.W300,,0.526,,19.0
I7,A2.W60,,0.526,,19.0
I8,A1.W300,0.531,0.506,420.0,245.0
I8,A1.W60,0.556,0.507,196.0,469.0
I8,A2.W300,0.479,0.529,94.0,571.0
I8,A2.W60,0.571,0.52,21.0,644.0
I9,A1.W300,0.421,0.553,560.0,161.0
I9,A1.W60,0.419,0.502,450.0,271.0
I9,A2.W300,0.415,0.519,478.0,243.0
I9,A2.W60,0.42,0.471,301.0,420.0
