round,trial,method,params,cost_line,trades,games,roc,roc_lo,roc_hi,pnl,c_per_contract,sharpe_daily,sharpe_x365,max_dd,excl5_pnl,excl5_roc,game_days,win_rate,breakeven,alt_roc,alt_roc_lo,alt_roc_hi,alt_c_per_contract,holm_p,raw_p,label
1,R1.A.I7.A1.W300,maker execution of existing signal,signal=I7 limit=A1 W=300s,maker175 (alt maker0),8,8,0.06185293336872848,-0.7056846009391586,0.7463330035215506,2.33,2.9125,0.057030731736243914,1.0895705999454866,10.59,-14.54,-1.0,8.0,0.5,0.47087500000000004,0.07238605898123324,-0.7025327988338192,0.7647801544860365,3.3750000000000018,1.0,0.43211943283964716,"post-hoc, exploratory; training only; walk-forward test weeks"
1,R1.A.A.A2.W300,maker execution of existing signal,signal=A limit=A2 W=300s,maker175 (alt maker0),22,22,0.06067034365719136,-0.09091759526088918,0.17352266173747513,11.440000000000001,5.2,0.2827789577140094,5.402484401451322,7.93,1.59,0.010713563776025874,12.0,0.9090909090909091,0.8570909090909091,0.06382978723404255,-0.08799505804922393,0.17710005350454788,5.454545454545454,1.0,0.16434704831796876,"post-hoc, exploratory; training only; walk-forward test weeks"
1,R1.A.A.A1.W60,maker execution of existing signal,signal=A limit=A1 W=60s,maker175 (alt maker0),38,38,0.05829704886308663,-0.04642453601031936,0.13852305817508556,19.28,5.0736842105263165,0.22268932866991542,4.254473650495679,11.75,9.63,0.033164583118090715,28.0,0.9210526315789473,0.8703157894736843,0.06124924196482715,-0.04364570967050462,0.1419801790067795,5.3157894736842115,1.0,0.1218087414911958,"post-hoc, exploratory; training only; walk-forward test weeks"
1,R1.C4.b0.20-0.40,in-game price band at kickoff + 20 min,"band=[0.2,0.4)",taker,400,400,0.04520512150509537,-0.10112216574564557,0.19240392621528005,58.81999999999998,1.4704999999999995,0.06657760343780283,1.2719633277045717,86.94,19.71999999999999,0.015283504355643728,87.0,0.34,0.325295,0.04520512150509537,-0.10112216574564557,0.19240392621528005,1.4704999999999995,1.0,0.2677761254380844,"post-hoc, exploratory; training only; walk-forward test weeks"
1,R1.A.A.A1.W300,maker execution of existing signal,signal=A limit=A1 W=300s,maker175 (alt maker0),124,124,0.03162102664713954,-0.030447189679468304,0.08377653884844473,34.330000000000005,2.7685483870967746,0.14524794769139443,2.774958144301486,20.57,24.480000000000008,0.023414186242252662,51.0,0.9032258064516129,0.8755403225806451,0.03435537495382343,-0.027870039908838073,0.08665868905423182,2.9999999999999996,1.0,0.15102877753034916,"post-hoc, exploratory; training only; walk-forward test weeks"
1,R1.A.I13.A1.W60,maker execution of existing signal,signal=I13 limit=A1 W=60s,maker175 (alt maker0),12,12,0.02827763496143961,-0.5343205562334391,0.5690450525972804,1.6500000000000012,1.375000000000001,0.03294014358220645,0.6293205595036423,15.919999999999998,-23.909999999999997,-0.7051017398997345,10.0,0.5,0.4862499999999999,0.03806228373702417,-0.5305347711267605,0.5847350036473811,1.8333333333333313,1.0,0.4566010331427456,"post-hoc, exploratory; training only; walk-forward test weeks"
1,R1.A.I9.A2.W300,maker execution of existing signal,signal=I9 limit=A2 W=300s,maker175 (alt maker0),478,478,0.022215813704386512,-0.07824741715361315,0.1249796252942449,43.14,0.9025104602510461,0.046889568538800205,0.8958239490996639,79.03,-1.0399999999999903,-0.0005371789839052862,100.0,0.41527196652719667,0.40624686192468623,0.032832093241063544,-0.06869737006607289,0.13654711237213554,1.320083682008368,1.0,0.3199614183207302,"post-hoc, exploratory; training only; walk-forward test weeks"
1,R1.A.I8.A1.W60,maker execution of existing signal,signal=I8 limit=A1 W=60s,maker175 (alt maker0),196,196,0.01891060695289641,-0.09331437539765115,0.13122197277745437,20.230000000000008,1.0321428571428575,0.037482261332006626,0.7160975972691894,34.720000000000006,-18.18999999999999,-0.017189729632674653,75.0,0.5561224489795918,0.5458010204081633,0.026752072343632253,-0.08650971985501653,0.13971870080486012,1.4489795918367347,1.0,0.3728008681176629,"post-hoc, exploratory; training only; walk-forward test weeks"
1,R1.C1.d0.05.s15.maker.settle,polymarket.com leads Kalshi,d=0.05 s=15 exec=maker exit=settle,maker175 (alt maker0),764,764,0.018528422528850383,-0.03637998893574986,0.07577134277719191,77.95,1.0202879581151834,0.057741463585046546,1.1031491128511541,87.47,32.230000000000004,0.007668751799408487,109.0,0.5608638743455497,0.5506609947643979,0.02583131837877954,-0.02945638880605135,0.08356306406958476,1.4123036649214655,1.0,0.27390711619040187,"post-hoc, exploratory; training only; walk-forward test weeks"
1,R1.A.I9.A2.W60,maker execution of existing signal,signal=I9 limit=A2 W=60s,maker175 (alt maker0),301,301,0.009158210479290321,-0.12241072924840922,0.13308984463626686,11.48,0.3813953488372093,0.018184759662878473,0.3474193455448012,76.78,-31.490000000000013,-0.025262938330832995,83.0,0.420265780730897,0.41645182724252494,0.019503546099290805,-0.11359186525119798,0.1448565631344386,0.8039867109634549,1.0,0.434258823402051,"post-hoc, exploratory; training only; walk-forward test weeks"
1,R1.A.I9.A1.W300,maker execution of existing signal,signal=I9 limit=A1 W=300s,maker175 (alt maker0),560,560,0.007861749613759987,-0.08049360041437222,0.09900570762602368,18.369999999999983,0.328035714285714,0.017206443166940477,0.32872863513369305,83.72999999999999,-25.300000000000022,-0.010856971205424204,106.0,0.4205357142857143,0.41725535714285716,0.018026196342886772,-0.0710571651197885,0.11027890803356816,0.7446428571428566,1.0,0.42983910014691196,"post-hoc, exploratory; training only; walk-forward test weeks"
1,R1.A.I12.A1.W300,maker execution of existing signal,signal=I12 limit=A1 W=300s,maker175 (alt maker0),689,689,0.004741169609374766,-0.06296088956524788,0.06927144591865578,15.690000000000026,0.22772133526850544,0.012092821713270892,0.23103303443656908,121.92000000000002,-29.009999999999994,-0.008780239769250091,108.0,0.4825834542815675,0.4803062409288825,0.013070899728832155,-0.05507834679170028,0.07806989342971293,0.6226415094339626,1.0,0.45010118731980164,"post-hoc, exploratory; training only; walk-forward test weeks"
1,R1.A.I9.A1.W60,maker execution of existing signal,signal=I9 limit=A1 W=60s,maker175 (alt maker0),450,450,0.0026222427888323214,-0.10087653829114625,0.1074944043075565,4.9299999999999855,0.10955555555555523,0.00527273524356028,0.10073546538468554,75.33000000000001,-38.02999999999999,-0.020303999402038402,99.0,0.41888888888888887,0.41779333333333335,0.012733036050072541,-0.0915731514584704,0.11865793610837753,0.5266666666666661,1.0,0.4791147050254121,"post-hoc, exploratory; training only; walk-forward test weeks"
1,R1.A.I12.A2.W300,maker execution of existing signal,signal=I12 limit=A2 W=300s,maker175 (alt maker0),573,573,0.002000268692809475,-0.07266586963560828,0.07776342474791605,5.359999999999999,0.09354275741710295,0.004524130672168007,0.08643339512989606,94.33000000000001,-38.53000000000003,-0.014411657995234776,101.0,0.468586387434555,0.46765095986038396,0.010652313019911926,-0.06447412700126544,0.08703650725206788,0.49389179755671864,1.0,0.4818995495296329,"post-hoc, exploratory; training only; walk-forward test weeks"
1,R1.C1.d0.03.s15.maker.settle,polymarket.com leads Kalshi,d=0.03 s=15 exec=maker exit=settle,maker175 (alt maker0),849,849,0.00086076267159213,-0.05520447648384615,0.05517548374281043,3.8399999999999963,0.04522968197879854,0.0030746380423668303,0.05874087732084708,128.61,-40.959999999999994,-0.009192183053707842,110.0,0.5259128386336867,0.5254605418138987,0.008105484184145762,-0.04814894279145066,0.06295921240535521,0.42285041224970515,1.0,0.4871654141769689,"post-hoc, exploratory; training only; walk-forward test weeks"
1,R1.A.I12.A1.W60,maker execution of existing signal,signal=I12 limit=A1 W=60s,maker175 (alt maker0),567,567,0.00031294706723890606,-0.0726174714691198,0.07620875743467313,0.8399999999999821,0.0148148148148145,0.0008110552445730906,0.015495188690641145,108.07999999999998,-42.74000000000002,-0.015961221029674285,104.0,0.47354497354497355,0.4733968253968255,0.008829607364268275,-0.06481470623794201,0.08537774890597583,0.4144620811287476,1.0,0.49670659932578665,"post-hoc, exploratory; training only; walk-forward test weeks"
1,R1.B1,fee-band walk-forward,"taker, bands P<=0.10/P>=0.90",taker,100,76,-0.0037194473963868195,-0.07201469324350991,0.05098899764314114,-3.359999999999995,-0.3359999999999995,-0.026569000833465323,-0.5076000481977603,30.93,-12.100000000000003,-0.014899642901120558,25.0,0.9,0.9033599999999999,-0.0037194473963868195,-0.07201469324350991,0.05098899764314114,-0.3359999999999995,1.0,0.5535478290054998,"post-hoc, exploratory; training only; walk-forward test weeks"
1,R1.A.I12.A2.W60,maker execution of existing signal,signal=I12 limit=A2 W=60s,maker175 (alt maker0),376,376,-0.0050422930399920286,-0.1073360038973454,0.09733995305796958,-8.590000000000021,-0.2284574468085112,-0.010506779315098871,-0.2007317369658051,84.57000000000001,-50.55000000000002,-0.029813334906077682,87.0,0.4507978723404255,0.45308244680851056,0.004027958772657269,-0.09908128660887741,0.10739581262230169,0.18085106382978638,1.0,0.5389956243232613,"post-hoc, exploratory; training only; walk-forward test weeks"
1,R1.A.I8.A1.W300,maker execution of existing signal,signal=I8 limit=A1 W=300s,maker175 (alt maker0),420,420,-0.005449955847329878,-0.08304895130563521,0.07212873047602603,-12.220000000000006,-0.29095238095238113,-0.013750654179013368,-0.26270587922246524,63.38000000000001,-53.179999999999986,-0.023813575260391007,93.0,0.530952380952381,0.5338619047619048,0.001976994967649171,-0.0760044108773901,0.08021686493759093,0.10476190476190464,1.0,0.5526750255007453,"post-hoc, exploratory; training only; walk-forward test weeks"
1,R1.C4.b0.80-0.99,in-game price band at kickoff + 20 min,"band=[0.8,0.99)",taker,283,283,-0.012921041595784248,-0.0544236449683216,0.026760276333908435,-32.66,-1.1540636042402825,-0.07341353089615935,-1.4025635384195934,64.01,-42.25999999999999,-0.016990584016146275,65.0,0.8816254416961131,0.893166077738516,-0.012921041595784248,-0.0544236449683216,0.026760276333908435,-1.1540636042402825,1.0,0.7228513796247095,"post-hoc, exploratory; training only; walk-forward test weeks"
1,R1.C1.d0.02.s15.maker.settle,polymarket.com leads Kalshi,d=0.02 s=15 exec=maker exit=settle,maker175 (alt maker0),865,865,-0.022618748997195532,-0.07796370785227043,0.03882774858021407,-100.08999999999999,-1.1571098265895954,-0.07178456364484315,-1.3714421627809885,177.8,-144.89,-0.032781358812097136,110.0,0.5,0.511571098265896,-0.015389518736056092,-0.07110461166531476,0.046529498602178476,-0.78150289017341,1.0,0.7734509393067118,"post-hoc, exploratory; training only; walk-forward test weeks"
1,R1.C3.rev.maker.settle,Kalshi own large move,mode=rev exec=maker exit=settle,maker175 (alt maker0),943,943,-0.02500383367249246,-0.0757311158844826,0.031054133391445644,-120.66000000000004,-1.2795334040296928,-0.08805443774615047,-1.6822776710396536,181.58,-164.95000000000005,-0.03422234670484134,111.0,0.49893955461293743,0.5117348886532344,-0.01768377977743908,-0.06890838239073818,0.03887944117039342,-0.8981972428419938,1.0,0.822216183674259,"post-hoc, exploratory; training only; walk-forward test weeks"
1,R1.C1.d0.05.s15.taker.settle,polymarket.com leads Kalshi,d=0.05 s=15 exec=taker exit=settle,taker,818,818,-0.026229556623221535,-0.08028612954229483,0.02420313482562819,-124.31000000000003,-1.5196821515892422,-0.1066689891368175,-2.0379081760144953,196.14999999999998,-168.14000000000004,-0.03552398619098528,109.0,0.5641809290953546,0.579377750611247,-0.026229556623221535,-0.08028612954229483,0.02420313482562819,-1.5196821515892422,1.0,0.8660768468903748,"post-hoc, exploratory; training only; walk-forward test weeks"
1,R1.C3.mom.maker.settle,Kalshi own large move,mode=mom exec=maker exit=settle,maker175 (alt maker0),938,938,-0.028096467950150014,-0.08435976520113936,0.027156862949760465,-134.57,-1.4346481876332622,-0.09394410391918326,-1.7947995852824572,161.76999999999998,-177.85000000000002,-0.037184942032470185,111.0,0.4962686567164179,0.5106151385927505,-0.0206803694275556,-0.07747340186617498,0.03477423077581379,-1.0479744136460558,1.0,0.8377787756030914,"post-hoc, exploratory; training only; walk-forward test weeks"
1,R1.C1.d0.05.s5.maker.settle,polymarket.com leads Kalshi,d=0.05 s=5 exec=maker exit=settle,maker175 (alt maker0),799,799,-0.028367519121450604,-0.08256821094095236,0.028536165339732883,-123.06000000000003,-1.54017521902378,-0.08073722234334672,-1.5424824670567368,185.11999999999995,-167.56,-0.03867459423527891,110.0,0.5275344180225282,0.542936170212766,-0.02129240485754754,-0.0756532501416323,0.03600654461957014,-1.1476846057571968,1.0,0.8005353454274405,"post-hoc, exploratory; training only; walk-forward test weeks"
1,R1.C3.rev.taker.settle,Kalshi own large move,mode=rev exec=taker exit=settle,taker,946,946,-0.04431931263804276,-0.09894757925219311,0.009870732003747811,-219.12000000000006,-2.3162790697674422,-0.1442600411512481,-2.7560842163530355,240.43999999999994,-262.84000000000003,-0.053229752280349305,111.0,0.49947145877378435,0.5226342494714588,-0.04431931263804276,-0.09894757925219311,0.009870732003747811,-2.3162790697674422,1.0,0.9342968076760966,"post-hoc, exploratory; training only; walk-forward test weeks"
1,R1.A.I8.A2.W60,maker execution of existing signal,signal=I8 limit=A2 W=60s,maker175 (alt maker0),21,21,-0.044509913209650455,-0.3604221114431803,0.27444275798434037,-5.590000000000001,-2.661904761904762,-0.0869664359627892,-1.6614914261546818,13.060000000000002,-29.86,-0.2990186260765071,13.0,0.5714285714285714,0.598047619047619,-0.03769045709703288,-0.3558905717428225,0.2842740870514489,-2.2380952380952377,1.0,0.6266261434383104,"post-hoc, exploratory; training only; walk-forward test weeks"
1,R1.C1.d0.02.s5.maker.settle,polymarket.com leads Kalshi,d=0.02 s=5 exec=maker exit=settle,maker175 (alt maker0),880,880,-0.0473488361941968,-0.10021727444497222,0.006350204771943308,-216.95,-2.465340909090909,-0.1848208246196285,-3.530996896454882,268.98999999999995,-260.83,-0.05700168056942675,110.0,0.4960227272727273,0.5206761363636364,-0.04036406806489908,-0.09382856824248038,0.013563106704006057,-2.0863636363636364,1.0,0.9724171255142273,"post-hoc, exploratory; training only; walk-forward test weeks"
1,R1.C1.d0.03.s5.maker.settle,polymarket.com leads Kalshi,d=0.03 s=5 exec=maker exit=settle,maker175 (alt maker0),862,862,-0.048192980776761554,-0.10120144338599592,0.007981892033666733,-221.51999999999998,-2.56983758700696,-0.17455655661850847,-3.3348983316371656,236.80000000000004,-265.60999999999996,-0.05785941301918481,110.0,0.5075406032482599,0.5332389791183295,-0.0413270225260759,-0.09464510850627075,0.015256392108711502,-2.1879350348027837,1.0,0.9650643498805535,"post-hoc, exploratory; training only; walk-forward test weeks"
1,R1.C1.d0.05.s5.taker.settle,polymarket.com leads Kalshi,d=0.05 s=5 exec=taker exit=settle,taker,837,837,-0.048382144494496404,-0.1002591601571064,0.0035169718302818964,-230.06000000000006,-2.74862604540024,-0.16500508078363593,-3.152417642034632,274.60999999999996,-273.04,-0.05750583398623432,110.0,0.540621266427718,0.5681075268817204,-0.048382144494496404,-0.1002591601571064,0.0035169718302818964,-2.74862604540024,1.0,0.9568225066836118,"post-hoc, exploratory; training only; walk-forward test weeks"
1,R1.C1.d0.03.s15.taker.settle,polymarket.com leads Kalshi,d=0.03 s=15 exec=taker exit=settle,taker,888,888,-0.053889344016624374,-0.10449964252422803,-0.0036665978416313464,-269.70000000000005,-3.0371621621621627,-0.22642475005410667,-4.325838775836266,303.20000000000005,-312.68000000000006,-0.06256503017400075,110.0,0.5332207207207207,0.5635923423423423,-0.053889344016624374,-0.10449964252422803,-0.0036665978416313464,-3.0371621621621627,1.0,0.9903395449372907,"post-hoc, exploratory; training only; walk-forward test weeks"
1,R1.C1.d0.05.s15.maker.H60,polymarket.com leads Kalshi,d=0.05 s=15 exec=maker exit=H60,maker175 (alt maker0),6180,764,-0.054838100119331434,-0.05766368299235082,-0.051919537080392195,-1906.65,-3.0851941747572815,-0.8088769708496959,-15.453572829588877,1906.649999999999,-1923.56,-0.05565742138978046,109.0,0.42857142857142855,0.5477142857142857,-0.048157985442306525,-0.05097440227982554,-0.04524154850704808,-2.690355987055016,1.0,0.9999999999999046,"post-hoc, exploratory; training only; walk-forward test weeks"
1,R1.C1.d0.03.s15.maker.H60,polymarket.com leads Kalshi,d=0.03 s=15 exec=maker exit=H60,maker175 (alt maker0),13986,849,-0.0561572443383564,-0.05786062143605409,-0.05448161659464529,-4266.290000000001,-3.050400400400401,-0.8827996129880736,-16.865862924633912,4266.289999999999,-4286.55,-0.056449829770159096,111.0,0.47619047619047616,0.46690476190476204,-0.04955999952281919,-0.05124202013283938,-0.047914370650575584,-2.6733590733590735,1.0,0.9999999999999991,"post-hoc, exploratory; training only; walk-forward test weeks"
1,R1.C1.d0.02.s15.maker.H60,polymarket.com leads Kalshi,d=0.02 s=15 exec=maker exit=H60,maker175 (alt maker0),21639,865,-0.05693401192758009,-0.058345089049114965,-0.05547398371880275,-6524.73,-3.015264106474421,-0.9397113508019842,-17.953160148885285,6524.730000000003,-6553.200000000001,-0.057193182515391634,111.0,0.5185185185185185,0.5215185185185186,-0.05034435673213457,-0.05171608137402688,-0.0489171076162252,-2.647770229677896,1.0,1.0,"post-hoc, exploratory; training only; walk-forward test weeks"
1,R1.C1.d0.03.s5.maker.H60,polymarket.com leads Kalshi,d=0.03 s=5 exec=maker exit=H60,maker175 (alt maker0),18187,862,-0.05781738460035361,-0.05944564597227254,-0.05621243193152475,-5698.8,-3.13344696761423,-0.8573092731606868,-16.378870666021708,5698.800000000001,-5725.77,-0.058108230164924,111.0,0.45454545454545453,0.49775757575757573,-0.05114797078245517,-0.05278125370698529,-0.04956437672973512,-2.7525100346401277,1.0,0.9999999999999964,"post-hoc, exploratory; training only; walk-forward test weeks"
1,R1.C1.d0.03.s5.maker.H300,polymarket.com leads Kalshi,d=0.03 s=5 exec=maker exit=H300,maker175 (alt maker0),10017,862,-0.058074052080482115,-0.06214073199817861,-0.054096940520895226,-3129.4800000000005,-3.1241689128481585,-0.7665322943946656,-14.644578921830831,3129.479999999998,-3175.4300000000003,-0.05932824854777575,111.0,0.5116279069767442,0.5379534883720929,-0.05150435863177271,-0.055559019553195484,-0.04752658004933368,-2.7515523609863233,1.0,0.9999999999995067,"post-hoc, exploratory; training only; walk-forward test weeks"
1,R1.C1.d0.02.s15.maker.H300,polymarket.com leads Kalshi,d=0.02 s=15 exec=maker exit=H300,maker175 (alt maker0),11180,865,-0.05822627237504343,-0.061765166606975556,-0.0544596125947033,-3425.7800000000007,-3.0642039355992847,-0.8484151419338102,-16.208948527521365,3425.7800000000016,-3456.0,-0.058903093503206945,111.0,0.5208333333333334,0.5327916666666667,-0.0517579572271765,-0.055317270667142406,-0.04799365429863869,-2.7052236135957064,1.0,0.9999999999999943,"post-hoc, exploratory; training only; walk-forward test weeks"
1,R1.C1.d0.02.s5.maker.H300,polymarket.com leads Kalshi,d=0.02 s=5 exec=maker exit=H300,maker175 (alt maker0),12637,880,-0.05827019915516873,-0.06144517400105055,-0.05519015734332766,-3864.81,-3.058328717258843,-0.7853672534680006,-15.004420309670508,3864.8099999999995,-3906.19,-0.0592600919685242,111.0,0.46875,0.5185624999999999,-0.05176709558711902,-0.054927080112074034,-0.048672209003220626,-2.6983777795362824,1.0,0.9999999999998218,"post-hoc, exploratory; training only; walk-forward test weeks"
1,R1.C1.d0.02.s5.maker.H60,polymarket.com leads Kalshi,d=0.02 s=5 exec=maker exit=H60,maker175 (alt maker0),26528,880,-0.05845361364710294,-0.05984843881615105,-0.057122014702558024,-8225.06,-3.1005202050663447,-0.9223605932008809,-17.621674390358212,8225.060000000003,-8256.84,-0.05868706592887888,111.0,0.47619047619047616,0.5219761904761905,-0.05184541351833747,-0.05320417153089776,-0.050492518344834474,-2.730839113389626,1.0,0.9999999999999999,"post-hoc, exploratory; training only; walk-forward test weeks"
1,R1.C1.d0.05.s5.maker.H60,polymarket.com leads Kalshi,d=0.05 s=5 exec=maker exit=H60,maker175 (alt maker0),8958,799,-0.05855711233772038,-0.061252267229971034,-0.05600600705543178,-2941.89,-3.2840924313462825,-0.7894360623979149,-15.082154795128858,2941.890000000001,-2961.97,-0.0591648168319017,110.0,0.42857142857142855,0.5716666666666667,-0.05185988517544422,-0.05455916244135961,-0.04929760986633907,-2.887943737441393,1.0,0.9999999999998048,"post-hoc, exploratory; training only; walk-forward test weeks"
1,R1.C1.d0.03.s15.maker.H300,polymarket.com leads Kalshi,d=0.03 s=15 exec=maker exit=H300,maker175 (alt maker0),8484,849,-0.058648798432529375,-0.0626017833086226,-0.054483219238720695,-2687.98,-3.168293257897218,-0.8134287778253904,-15.540534979755217,2687.9800000000005,-2725.13,-0.0598271308913466,111.0,0.46511627906976744,0.48711627906976745,-0.05213623950664479,-0.05612147685310441,-0.04797190210219245,-2.7971239981140967,1.0,0.9999999999999613,"post-hoc, exploratory; training only; walk-forward test weeks"
1,R1.C1.d0.05.s15.maker.H300,polymarket.com leads Kalshi,d=0.05 s=15 exec=maker exit=H300,maker175 (alt maker0),4536,764,-0.05971034851644573,-0.0662696693209798,-0.05265201549243474,-1511.5,-3.3322310405643742,-0.7239100132123131,-13.830281383204165,1511.5000000000002,-1550.9700000000003,-0.061938632842966364,109.0,0.5306122448979592,0.5574081632653061,-0.05301889795106426,-0.059616031128263705,-0.04594032543576992,-2.937896825396826,1.0,0.9999999999918254,"post-hoc, exploratory; training only; walk-forward test weeks"
1,R1.C3.mom.maker.H60,Kalshi own large move,mode=mom exec=maker exit=H60,maker175 (alt maker0),29764,938,-0.06372726183651915,-0.06574683494882715,-0.06180479963326483,-10096.5,-3.3921851901626123,-0.6761817470766984,-12.918434139015806,10096.499999999998,-10129.74,-0.06394982164928108,112.0,0.48863636363636365,0.5485454545454546,-0.05672394244569548,-0.058746789616896736,-0.054782624927963104,-2.996982932401559,1.0,0.9999999999525808,"post-hoc, exploratory; training only; walk-forward test weeks"
1,R1.C1.d0.05.s5.maker.H300,polymarket.com leads Kalshi,d=0.05 s=5 exec=maker exit=H300,maker175 (alt maker0),6021,799,-0.06486078300773472,-0.07052735988926889,-0.05949386249517508,-2155.0299999999997,-3.57918950340475,-0.7232855420652151,-13.818350878690582,2156.59,-2192.53,-0.06644936430725402,110.0,0.4696969696969697,0.5177878787878788,-0.058134726962974635,-0.06379658214984907,-0.052735925235376784,-3.1851187510380337,1.0,0.9999999999934986,"post-hoc, exploratory; training only; walk-forward test weeks"
1,R1.C1.d0.02.s5.taker.settle,polymarket.com leads Kalshi,d=0.02 s=5 exec=taker exit=settle,taker,914,914,-0.06630326784038204,-0.11710607869396206,-0.015878302908344195,-337.66,-3.694310722100657,-0.26773232367079525,-5.1150188616885535,391.2300000000001,-381.07000000000005,-0.07492425389347769,110.0,0.5202407002188184,0.557183807439825,-0.06630326784038204,-0.11710607869396206,-0.015878302908344195,-3.694310722100657,1.0,0.997041018049274,"post-hoc, exploratory; training only; walk-forward test weeks"
1,R1.C3.mom.maker.H300,Kalshi own large move,mode=mom exec=maker exit=H300,maker175 (alt maker0),13261,938,-0.06865162323346774,-0.07279702911370596,-0.06471639175510643,-4719.3,-3.558781389035518,-0.6587901852398845,-12.586168816660075,4719.300000000001,-4756.0599999999995,-0.06921073544501025,112.0,0.42168674698795183,0.4620662650602409,-0.0616747958423956,-0.06587322241409531,-0.05769086918769666,-3.1733428851519494,1.0,0.9999999998817288,"post-hoc, exploratory; training only; walk-forward test weeks"
1,R1.C4.b0.40-0.60,in-game price band at kickoff + 20 min,"band=[0.4,0.6)",taker,406,238,-0.07454187461931093,-0.1128235638493327,-0.03649361858477942,-157.87000000000003,-3.8884236453201977,-0.5053208217024695,-9.654140743163605,161.47,-187.83000000000004,-0.08953537703245737,79.0,0.4827586206896552,0.5216428571428571,-0.07454187461931093,-0.1128235638493327,-0.03649361858477942,-3.8884236453201977,1.0,0.9999840687565102,"post-hoc, exploratory; training only; walk-forward test weeks"
1,R1.C1.d0.03.s5.taker.settle,polymarket.com leads Kalshi,d=0.03 s=5 exec=taker exit=settle,taker,898,898,-0.07549447921466612,-0.12542410235385001,-0.02781589204716335,-388.28999999999996,-4.323942093541202,-0.33026556778189514,-6.309714812948253,420.04999999999995,-430.02000000000004,-0.08374261443967114,110.0,0.529510022271715,0.5727494432071268,-0.07549447921466612,-0.12542410235385001,-0.02781589204716335,-4.323942093541202,1.0,0.9996172175402545,"post-hoc, exploratory; training only; walk-forward test weeks"
1,R1.C1.d0.05.s15.taker.H60,polymarket.com leads Kalshi,d=0.05 s=15 exec=taker exit=H60,taker,7613,818,-0.07621811077267364,-0.07876418648712079,-0.07352969318532507,-3390.8500000000004,-4.454026008143964,-0.8222101572991698,-15.708302999037254,3390.8499999999995,-3421.57,-0.07694196627845293,109.0,0.4864864864864865,0.6008648648648648,-0.07621811077267364,-0.07876418648712079,-0.07352969318532507,-4.454026008143964,1.0,0.9999999999999529,"post-hoc, exploratory; training only; walk-forward test weeks"
1,R1.C4.b0.60-0.80,in-game price band at kickoff + 20 min,"band=[0.6,0.8)",taker,425,424,-0.07725834475853291,-0.13944324187323595,-0.01428137769489834,-236.10999999999996,-5.555529411764705,-0.2543832284981787,-4.859984756511295,248.99999999999994,-255.75,-0.08452449805833263,93.0,0.6635294117647059,0.719084705882353,-0.07725834475853291,-0.13944324187323595,-0.01428137769489834,-5.555529411764705,1.0,0.9919062235598729,"post-hoc, exploratory; training only; walk-forward test weeks"
1,R1.C1.d0.05.s5.taker.H60,polymarket.com leads Kalshi,d=0.05 s=5 exec=taker exit=H60,taker,10790,837,-0.07757153749398091,-0.07980058947433034,-0.07528296402383634,-4876.34,-4.519314179796108,-0.8245568613731707,-15.753136717419633,4876.339999999998,-4910.23,-0.07817121049374667,110.0,0.5625,0.6105208333333333,-0.07757153749398091,-0.07980058947433034,-0.07528296402383634,-4.519314179796108,1.0,0.9999999999999704,"post-hoc, exploratory; training only; walk-forward test weeks"
1,R1.C1.d0.03.s15.taker.H60,polymarket.com leads Kalshi,d=0.03 s=15 exec=taker exit=H60,taker,17184,888,-0.07801690726734847,-0.07977705060348007,-0.07637900195433392,-7597.9800000000005,-4.421543296089386,-0.8837060384936302,-16.88318015960229,7597.980000000003,-7628.009999999999,-0.0783429159835977,111.0,0.56,0.6184599999999999,-0.07801690726734847,-0.07977705060348007,-0.07637900195433392,-4.421543296089386,1.0,0.9999999999999992,"post-hoc, exploratory; training only; walk-forward test weeks"
1,R1.C1.d0.03.s5.taker.H300,polymarket.com leads Kalshi,d=0.03 s=5 exec=taker exit=H300,taker,11703,898,-0.07893957235888555,-0.08224084653447396,-0.0754935950233021,-5204.01,-4.446731607280185,-0.7930031065577459,-15.15030307811484,5204.0099999999975,-5244.13,-0.07984635895012254,111.0,0.5135135135135135,0.526036036036036,-0.07893957235888555,-0.08224084653447396,-0.0754935950233021,-4.446731607280185,1.0,0.9999999999998822,"post-hoc, exploratory; training only; walk-forward test weeks"
1,R1.C1.d0.05.s15.taker.H300,polymarket.com leads Kalshi,d=0.05 s=15 exec=taker exit=H300,taker,5519,818,-0.07903929164636803,-0.0849591964811586,-0.07317699413976542,-2535.8500000000004,-4.594763544120313,-0.7753859988331607,-14.81372870762361,2535.849999999997,-2573.55,-0.08067145179461106,109.0,0.5324675324675324,0.5542467532467532,-0.07903929164636803,-0.0849591964811586,-0.07317699413976542,-4.594763544120313,1.0,0.9999999999994427,"post-hoc, exploratory; training only; walk-forward test weeks"
1,R1.C1.d0.03.s15.taker.H300,polymarket.com leads Kalshi,d=0.03 s=15 exec=taker exit=H300,taker,10023,888,-0.07918630696685627,-0.08269795148963913,-0.07562076233863824,-4493.639999999999,-4.483328344806944,-0.8152830961867462,-15.575961682305984,4493.639999999999,-4525.92,-0.07983562672251145,111.0,0.5169491525423728,0.5215169491525424,-0.07918630696685627,-0.08269795148963913,-0.07562076233863824,-4.483328344806944,1.0,0.999999999999965,"post-hoc, exploratory; training only; walk-forward test weeks"
1,R1.C1.d0.03.s5.taker.H60,polymarket.com leads Kalshi,d=0.03 s=5 exec=taker exit=H60,taker,22111,898,-0.07927741275398462,-0.08085273747805535,-0.07783099824395609,-9918.08,-4.48558635973045,-0.8681370200868759,-16.585734480587288,9918.08,-9948.8,-0.07955897102408664,111.0,0.5666666666666667,0.6172500000000001,-0.07927741275398462,-0.08085273747805535,-0.07783099824395609,-4.48558635973045,1.0,0.9999999999999981,"post-hoc, exploratory; training only; walk-forward test weeks"
1,R1.C1.d0.02.s15.taker.H60,polymarket.com leads Kalshi,d=0.02 s=15 exec=taker exit=H60,taker,26516,904,-0.0796520030276638,-0.08090996280786016,-0.07824037780719419,-11665.0,-4.399230653190527,-0.9446020213180946,-18.046596277901102,11665.000000000002,-11701.570000000002,-0.07991517015993663,111.0,0.5303030303030303,0.5503787878787879,-0.0796520030276638,-0.08090996280786016,-0.07824037780719419,-4.399230653190527,1.0,1.0,"post-hoc, exploratory; training only; walk-forward test weeks"
1,R1.C1.d0.02.s5.taker.H60,polymarket.com leads Kalshi,d=0.02 s=5 exec=taker exit=H60,taker,32186,914,-0.07994843660825848,-0.08117130332135061,-0.07869472325620148,-14256.43,-4.429388554029702,-0.9155142257312567,-17.490874723507982,14256.430000000002,-14292.84,-0.08017065721098907,111.0,0.5189873417721519,0.5467088607594937,-0.07994843660825848,-0.08117130332135061,-0.07869472325620148,-4.429388554029702,1.0,0.9999999999999999,"post-hoc, exploratory; training only; walk-forward test weeks"
1,R1.C1.d0.02.s5.taker.H300,polymarket.com leads Kalshi,d=0.02 s=5 exec=taker exit=H300,taker,14582,914,-0.08035697371241694,-0.08319274942696171,-0.07736029487367464,-6447.49,-4.421540255109038,-0.8150083917388399,-15.570713461197805,6447.489999999999,-6493.63,-0.08108064912666021,111.0,0.47101449275362317,0.491927536231884,-0.08035697371241694,-0.08319274942696171,-0.07736029487367464,-4.421540255109038,1.0,0.9999999999999645,"post-hoc, exploratory; training only; walk-forward test weeks"
1,R1.C1.d0.02.s15.taker.H300,polymarket.com leads Kalshi,d=0.02 s=15 exec=taker exit=H300,taker,12972,904,-0.08086741220267311,-0.08406153481890151,-0.07770181369209245,-5762.37,-4.442160037002775,-0.8266919648577173,-15.793927812216769,5762.369999999999,-5800.3,-0.08149619270885657,111.0,0.5234899328859061,0.5397718120805369,-0.08086741220267311,-0.08406153481890151,-0.07770181369209245,-4.442160037002775,1.0,0.9999999999999812,"post-hoc, exploratory; training only; walk-forward test weeks"
1,R1.C3.mom.taker.settle,Kalshi own large move,mode=mom exec=taker exit=settle,taker,944,944,-0.08093762402831954,-0.13507610098567716,-0.03110750565537933,-403.7800000000001,-4.277330508474577,-0.26900223650377175,-5.139280512296577,403.78000000000003,-446.23,-0.08958229192388227,111.0,0.4856991525423729,0.5284724576271187,-0.08093762402831954,-0.13507610098567716,-0.03110750565537933,-4.277330508474577,1.0,0.9972633045865873,"post-hoc, exploratory; training only; walk-forward test weeks"
1,R1.C3.mom.taker.H60,Kalshi own large move,mode=mom exec=taker exit=H60,taker,32871,944,-0.08148482887684871,-0.08289214440704622,-0.08012804127363264,-14717.45,-4.477335645401722,-0.7222816751367513,-13.799172027951471,14717.450000000003,-14746.64,-0.08167910235095001,112.0,0.47863247863247865,0.5672905982905984,-0.08148482887684871,-0.08289214440704622,-0.08012804127363264,-4.477335645401722,1.0,0.9999999999959451,"post-hoc, exploratory; training only; walk-forward test weeks"
1,R1.C1.d0.05.s5.taker.H300,polymarket.com leads Kalshi,d=0.05 s=5 exec=taker exit=H300,taker,7119,837,-0.08212386532370733,-0.08686404766396193,-0.07729447947795279,-3368.2200000000003,-4.731310577328276,-0.7709119328016157,-14.72825179610981,3368.2200000000003,-3406.75,-0.08335790373865735,110.0,0.5465116279069767,0.550453488372093,-0.08212386532370733,-0.08686404766396193,-0.07729447947795279,-4.731310577328276,1.0,0.9999999999994756,"post-hoc, exploratory; training only; walk-forward test weeks"
1,R1.C3.rev.maker.H300,Kalshi own large move,mode=rev exec=maker exit=H300,maker175 (alt maker0),13014,943,-0.08438473304160969,-0.0880490767808974,-0.08055204432423221,-5504.860000000001,-4.229952358998003,-0.6996409340362509,-13.366621276574643,5504.859999999999,-5538.97,-0.0849722162819246,112.0,0.4602272727272727,0.5189318181818181,-0.07731473042570217,-0.0810030881661253,-0.07349765076669759,-3.845858306439219,1.0,0.9999999999863485,"post-hoc, exploratory; training only; walk-forward test weeks"
1,R1.C3.mom.taker.H300,Kalshi own large move,mode=mom exec=taker exit=H300,taker,13818,944,-0.08646471931072224,-0.09019148474960695,-0.08290245677382585,-6392.75,-4.6263931104356635,-0.718117014186001,-13.71960629220632,6392.750000000003,-6430.96,-0.08715152724142493,112.0,0.43315508021390375,0.5006256684491979,-0.08646471931072224,-0.09019148474960695,-0.08290245677382585,-4.6263931104356635,1.0,0.9999999999949264,"post-hoc, exploratory; training only; walk-forward test weeks"
1,R1.C3.rev.maker.H60,Kalshi own large move,mode=rev exec=maker exit=H60,maker175 (alt maker0),28884,943,-0.08839417271799584,-0.09023364214261989,-0.0865530323225224,-12469.24,-4.317005954853898,-0.7201422199533931,-13.758297794065275,12469.239999999993,-12510.02,-0.0887033204840173,112.0,0.5288461538461539,0.5495576923076922,-0.08095754367057216,-0.08278304382795425,-0.07912202756974099,-3.921821769837973,1.0,0.9999999999954501,"post-hoc, exploratory; training only; walk-forward test weeks"
1,R1.C1.d0.02.s15.taker.settle,polymarket.com leads Kalshi,d=0.02 s=15 exec=taker exit=settle,taker,904,904,-0.0921384203007881,-0.14206512575648503,-0.04249606039015193,-459.24,-5.080088495575221,-0.31879387688788424,-6.090548466151528,511.91999999999996,-502.11,-0.10088384624812392,110.0,0.5005530973451328,0.551353982300885,-0.0921384203007881,-0.14206512575648503,-0.04249606039015193,-5.080088495575221,1.0,0.9994306122301629,"post-hoc, exploratory; training only; walk-forward test weeks"
1,R1.C3.rev.taker.H300,Kalshi own large move,mode=rev exec=taker exit=H300,taker,13765,946,-0.09543241212970512,-0.09936451571011332,-0.09144168748801643,-6799.17,-4.939462404649474,-0.7459521340012485,-14.251395509586807,6799.169999999998,-6837.48,-0.09617180927727674,112.0,0.4129353233830846,0.48618905472636825,-0.09543241212970512,-0.09936451571011332,-0.09144168748801643,-4.939462404649474,1.0,0.9999999999988732,"post-hoc, exploratory; training only; walk-forward test weeks"
1,R1.C3.rev.taker.H60,Kalshi own large move,mode=rev exec=taker exit=H60,taker,32386,946,-0.10469398097112582,-0.1064001784869675,-0.10283961709701438,-17085.440000000002,-5.275563515099117,-0.7555122059742593,-14.434040428177877,17085.440000000006,-17126.53,-0.10496326154385478,112.0,0.49640287769784175,0.5432805755395683,-0.10469398097112582,-0.1064001784869675,-0.10283961709701438,-5.275563515099117,1.0,0.9999999999993302,"post-hoc, exploratory; training only; walk-forward test weeks"
1,R1.A.I8.A2.W300,maker execution of existing signal,signal=I8 limit=A2 W=300s,maker175 (alt maker0),94,94,-0.12768720801752378,-0.2919111080541426,0.023057952621340305,-65.86999999999999,-7.007446808510637,-0.3219837432920442,-6.15149077823338,72.77,-99.36999999999999,-0.19899072831768025,39.0,0.4787234042553192,0.5487978723404255,-0.12109375000000006,-0.2863379174735082,0.0298471655968077,-6.595744680851065,1.0,0.9738137822527926,"post-hoc, exploratory; training only; walk-forward test weeks"
1,R1.A.I13.A2.W300,maker execution of existing signal,signal=I13 limit=A2 W=300s,maker175 (alt maker0),13,13,-0.13614374568071871,-0.6621107901118929,0.4201988059874523,-7.879999999999999,-6.06153846153846,-0.1295570940494648,-2.4751848063867437,16.52,-30.459999999999997,-1.0,11.0,0.38461538461538464,0.44523076923076926,-0.12739965095986036,-0.6587030716723549,0.4362933580083979,-5.615384615384613,1.0,0.6713922928610887,"post-hoc, exploratory; training only; walk-forward test weeks"
1,R1.A.I13.A1.W300,maker execution of existing signal,signal=I13 limit=A1 W=300s,maker175 (alt maker0),19,19,-0.20948616600790512,-0.6280464700685855,0.1834709069732109,-18.55,-9.763157894736842,-0.2412469351475865,-4.609016224435306,24.15,-44.11000000000001,-0.6880361878022151,14.0,0.3684210526315789,0.4660526315789473,-0.20182440136830102,-0.6240836466165411,0.19479838222159782,-9.315789473684212,1.0,0.8170723777941237,"post-hoc, exploratory; training only; walk-forward test weeks"
1,R1.A.A.A2.W60,maker execution of existing signal,signal=A limit=A2 W=60s,maker175 (alt maker0),3,3,-0.23576614444019872,-0.9999999999999999,0.17233294255568585,-6.17,-20.566666666666666,-0.401648788569933,-7.6734893312161825,7.93,0.0,,3.0,0.6666666666666666,0.8723333333333333,-0.23371647509578544,-1.0,0.17647058823529413,-20.333333333333332,1.0,0.7764898794337374,"post-hoc, exploratory; training only; walk-forward test weeks"
1,R1.C4.b0.01-0.20,in-game price band at kickoff + 20 min,"band=[0.01,0.2)",taker,306,306,-0.45075999489079055,-0.6565578085832563,-0.22405814042167865,-176.45,-5.766339869281046,-0.3673418785721757,-7.018056736007575,184.42000000000002,-221.11999999999998,-0.5726717082772195,62.0,0.07026143790849673,0.1279248366013072,-0.45075999489079055,-0.6565578085832563,-0.22405814042167865,-5.766339869281046,1.0,0.9971389422033003,"post-hoc, exploratory; training only; walk-forward test weeks"
1,R1.A.I7.A1.W60,maker execution of existing signal,signal=I7 limit=A1 W=60s,maker175 (alt maker0),4,4,-0.4869163673678809,-1.0,0.42857142857142855,-9.49,-23.725,-0.4748100730887981,-9.071233709364193,11.6,0.0,,4.0,0.25,0.48724999999999996,-0.4818652849740933,-1.0,0.44230769230769224,-23.25,1.0,0.8307224897982797,"post-hoc, exploratory; training only; walk-forward test weeks"
1,R1.A.I13.A2.W60,maker execution of existing signal,signal=I13 limit=A2 W=60s,maker175 (alt maker0),1,1,-0.9999999999999999,,,-3.34,-33.4,,,3.34,0.0,,1.0,0.0,0.334,-0.9999999999999999,,,-32.99999999999999,1.0,0.8402572463882895,"post-hoc, exploratory; training only; walk-forward test weeks"
1,R1.B2,fee-band walk-forward,"maker A2 W300, bands P<=0.10/P>=0.90",maker175 (alt maker0),13,13,-1.0,-1.0000000000000002,-0.9999999999999998,-9.82,-7.553846153846154,-1.8581396573486642,-35.499708308200375,9.82,-7.0600000000000005,-1.0,9.0,0.0,0.07553846153846153,-1.0,-1.0000000000000002,-1.0,-7.384615384615384,1.0,0.9965474279572255,"post-hoc, exploratory; training only; walk-forward test weeks"
1,R1.A.I7.A2.W60,maker execution of existing signal,signal=I7 limit=A2 W=60s,maker175 (alt maker0),0,0,,,,,,,,,,,,,,,,,,1.0,1.0,"post-hoc, exploratory; training only; walk-forward test weeks"
1,R1.A.I7.A2.W300,maker execution of existing signal,signal=I7 limit=A2 W=300s,maker175 (alt maker0),0,0,,,,,,,,,,,,,,,,,,1.0,1.0,"post-hoc, exploratory; training only; walk-forward test weeks"
2,R2.CONS.A2.W300,search 2-leg pre-game consensus + maker,limit=A2 W=300,maker175 (alt maker0),17,17,0.1351658152923052,-0.07500597760756514,0.34904578235160094,16.67,9.805882352941179,0.3169867478535289,6.056023314427232,8.7,-2.7299999999999995,-0.02944031057910061,14.0,0.8235294117647058,0.7254705882352941,0.1400651465798046,-0.07095248305581124,0.35593986575535597,10.11764705882353,1.0,0.12202694006499415,"post-hoc, exploratory; training only; walk-forward test weeks"
2,R2.CONS.A1.W60,search 2-leg pre-game consensus + maker,limit=A1 W=60,maker175 (alt maker0),26,26,0.12433242762109999,-0.004886234699974037,0.25224411429485544,26.54,10.207692307692309,0.42928526158127206,8.201483406736791,8.03,7.74,0.042466805662240766,22.0,0.9230769230769231,0.8209999999999998,0.12781954887218047,-0.001901140684410644,0.25666091412983205,10.461538461538462,1.0,0.029425405792504744,"post-hoc, exploratory; training only; walk-forward test weeks"
2,R2.VOL.low.maker,polymarket.com lead by Kalshi vol regime (walk-forward median),regime=low exec=maker d=0.05 s=15 settle,maker175 (alt maker0),687,687,0.050450588015385545,-0.008374331737820293,0.10695863027394568,191.63,2.7893740902474526,0.18385538355017045,3.5125521707212837,44.4,147.03,0.038763818327062965,96.0,0.5807860262008734,0.552892285298399,0.05773818991569907,-0.0016240420931387086,0.11472665730589614,3.170305676855896,1.0,0.03741745282186404,"post-hoc, exploratory; training only; walk-forward test weeks"
2,R2.CONS.A1.W300,search 2-leg pre-game consensus + maker,limit=A1 W=300,maker175 (alt maker0),64,64,0.04439599098521356,-0.0413210444520748,0.12474775806592123,24.230000000000004,3.7859375000000006,0.19463887345663247,3.718570456112194,21.15,5.3300000000000045,0.010356150543066439,33.0,0.890625,0.852765625,0.0472166084879662,-0.038979504171140045,0.1278315214788563,4.015624999999999,1.0,0.13360568985784949,"post-hoc, exploratory; training only; walk-forward test weeks"
2,R2.VOL.low.taker,polymarket.com lead by Kalshi vol regime (walk-forward median),regime=low exec=taker d=0.05 s=15 settle,taker,756,756,0.006339252707531804,-0.04602626659208446,0.06132451398550845,27.77999999999995,0.3674603174603168,0.03117616717049133,0.5956198374772987,104.65000000000002,-16.05000000000001,-0.0036676911826875867,97.0,0.5833333333333334,0.5796587301587302,0.006339252707531804,-0.04602626659208446,0.06132451398550845,0.3674603174603168,1.0,0.37961684693574405,"post-hoc, exploratory; training only; walk-forward test weeks"
2,R2.TP.I12.tp0.06,take-profit exit,entry=I12 tp=0.06 stop=60min,maker175 (alt maker0),689,689,-0.0021031574557838365,-0.034055318356308824,0.028494543522190073,-6.960000000000001,-0.10101596516690857,-0.01459420953481744,-0.2788219816663439,30.11000000000001,-46.50000000000001,-0.014095821271049004,108.0,0.31137724550898205,0.4446347305389221,0.006169830291581614,-0.026000944665741824,0.037039244201086965,0.29390420899854847,1.0,0.5601474658434528,"post-hoc, exploratory; training only; walk-forward test weeks"
2,R2.VOL.high.maker,polymarket.com lead by Kalshi vol regime (walk-forward median),regime=high exec=maker d=0.05 s=15 settle,maker175 (alt maker0),449,449,-0.004650180492707953,-0.08324918211167345,0.07450288301954093,-11.890000000000008,-0.26481069042316274,-0.012090378949315823,-0.23098636549673573,82.26000000000002,-54.05,-0.021203977952570566,103.0,0.566815144766147,0.5694632516703787,0.002797588557468774,-0.07650179159401033,0.08265100830655858,0.15812917594654846,1.0,0.548737087521723,"post-hoc, exploratory; training only; walk-forward test weeks"
2,R2.TP.I9.tp0.06,take-profit exit,entry=I9 tp=0.06 stop=60min,maker175 (alt maker0),478,478,-0.006262037428032919,-0.045433285143944756,0.032910351864705846,-12.160000000000007,-0.2543933054393307,-0.029078228816958485,-0.5555387815112093,39.510000000000005,-45.45,-0.023608549983118197,100.0,0.16853932584269662,0.36114606741573035,0.0040584837920807516,-0.03558541703124839,0.04377818330620326,0.16317991631799172,1.0,0.6141747015480465,"post-hoc, exploratory; training only; walk-forward test weeks"
2,R2.TP.C1.tp0.06,take-profit exit,entry=C1 tp=0.06 stop=60min,maker175 (alt maker0),764,764,-0.02981186341973592,-0.060601848223153634,-0.0005138475151477988,-125.42000000000004,-1.6416230366492153,-0.18057477589974727,-3.449876249563749,145.38000000000002,-157.70000000000005,-0.03764325083008501,109.0,0.43023255813953487,0.5943581395348837,-0.022855569653587416,-0.05387052186373067,0.0065792017556256695,-1.249607329842932,1.0,0.9689543102406801,"post-hoc, exploratory; training only; walk-forward test weeks"
2,R2.TP.I9.tp0.03,take-profit exit,entry=I9 tp=0.03 stop=60min,maker175 (alt maker0),478,478,-0.03569773310125344,-0.06335215169086436,-0.007327142474185604,-69.32,-1.4502092050209203,-0.22848140314497473,-4.365131077966641,88.26999999999998,-95.94,-0.049918311705880514,100.0,0.12,0.3550999999999999,-0.025682917945782816,-0.053647909792687236,0.0030460536196350637,-1.0326359832635983,1.0,0.9877292350118232,"post-hoc, exploratory; training only; walk-forward test weeks"
2,R2.TP.I12.tp0.03,take-profit exit,entry=I12 tp=0.03 stop=60min,maker175 (alt maker0),689,689,-0.037412632844913286,-0.06353890003545005,-0.013288978578014372,-123.81,-1.7969521044992744,-0.27951743281354036,-5.340173055719758,127.91999999999994,-157.27999999999997,-0.04772684513658349,108.0,0.22448979591836735,0.4141122448979591,-0.029432375613174494,-0.05583002669461023,-0.0052572533329947055,-1.4020319303338173,1.0,0.9977585192185164,"post-hoc, exploratory; training only; walk-forward test weeks"
2,R2.TP.C1.tp0.03,take-profit exit,entry=C1 tp=0.03 stop=60min,maker175 (alt maker0),764,764,-0.04159208946886773,-0.06470848969979966,-0.01999204842980031,-174.97999999999996,-2.2903141361256543,-0.30217276407885146,-5.773002551803907,183.97999999999996,-205.25,-0.04901703237392891,109.0,0.3317757009345794,0.5597476635514019,-0.03472026046778866,-0.05783792775309082,-0.012903190432775258,-1.8982984293193716,1.0,0.9989549894329033,"post-hoc, exploratory; training only; walk-forward test weeks"
2,R2.ARB.S0.95,Kalshi two-market complement arbitrage,S<=0.95,taker,1492,758,-0.05783952331498467,-0.06393781187149684,-0.05172894563578896,-456.13,-3.057171581769437,-0.6828429461746737,-13.045696169092913,456.13000000000005,-485.87,-0.06176939105273796,107.0,0.4979892761394102,0.5285609919571046,-0.05783952331498467,-0.06393781187149684,-0.05172894563578896,-3.057171581769437,1.0,0.9999999998927692,"post-hoc, exploratory; training only; walk-forward test weeks"
2,R2.ARB.S0.97,Kalshi two-market complement arbitrage,S<=0.97,taker,1733,887,-0.05969820476879864,-0.0655955590168655,-0.05361736648347667,-544.73,-3.143277553375649,-0.6269235469828919,-11.977357547597371,544.73,-579.75,-0.06364060484645571,110.0,0.49509521061742645,0.5265279861511829,-0.05969820476879864,-0.0655955590168655,-0.05361736648347667,-3.143277553375649,1.0,0.9999999990815749,"post-hoc, exploratory; training only; walk-forward test weeks"
2,R2.VOL.high.taker,polymarket.com lead by Kalshi vol regime (walk-forward median),regime=high exec=taker d=0.05 s=15 settle,taker,469,469,-0.06548450756975557,-0.1361525662161738,0.006830506094325573,-181.84000000000003,-3.8771855010660987,-0.1799994958721336,-3.43888554006834,191.84000000000006,-221.16000000000003,-0.07995199120802847,103.0,0.5533049040511727,0.5920767590618337,-0.06548450756975557,-0.1361525662161738,0.006830506094325573,-3.8771855010660987,1.0,0.9646638286489966,"post-hoc, exploratory; training only; walk-forward test weeks"
2,R2.CONS.A2.W60,search 2-leg pre-game consensus + maker,limit=A2 W=60,maker175 (alt maker0),4,4,-0.3222636394442562,-0.9999999999999999,0.09649122807017545,-9.51,-23.775,-0.5620736224485656,-10.738401478997943,9.799999999999999,0.0,,4.0,0.5,0.73775,-0.31972789115646255,-1.0,0.09890109890109891,-23.5,1.0,0.8609060430783115,"post-hoc, exploratory; training only; walk-forward test weeks"
3,R3.VOLX.I9.low,calm-market filter on maker signal,signal=I9 regime=low,maker175 (alt maker0),118,118,0.09159063291660657,-0.10333722234764606,0.28485111688244463,44.46999999999999,3.7686440677966093,0.19640838523594312,3.7523769311879613,19.880000000000003,1.8000000000000054,0.003764115432873286,30.0,0.4491525423728814,0.41146610169491526,0.10210022873778334,-0.09473715973700095,0.29708135785781603,4.161016949152542,1.0,0.14264382578683898,"post-hoc, exploratory; training only; walk-forward test weeks"
3,R3.FEE.R2.VOL.low.maker,100-contract order fee rounding,fills of R2.VOL.low.maker,maker175 per 100 (alt maker0),687,687,0.051410273200658885,-0.0074283399698361965,0.10797505505956867,195.09699999999998,2.8398398835516736,0.18708160669059515,3.574189077274187,44.226,150.481,0.03970978902599512,96.0,0.5807860262008734,0.5523876273653567,0.05773818991569907,-0.0016240420931387086,0.11472665730589614,3.170305676855896,1.0,0.034983348504277534,"post-hoc, exploratory; training only; walk-forward test weeks"
3,R3.FEE.R1.A.A.A1.W300,100-contract order fee rounding,fills of R1.A.A.A1.W300,maker175 per 100 (alt maker0),124,124,0.03207067472541852,-0.0300399175348521,0.08425835215739202,34.803000000000004,2.806693548387097,0.1472194790499902,2.8126241980202282,20.545,24.943000000000005,0.023867597652568243,51.0,0.9032258064516129,0.8751588709677419,0.03435537495382343,-0.027870039908838073,0.08665868905423182,2.9999999999999996,1.0,0.1478252867757336,"post-hoc, exploratory; training only; walk-forward test weeks"
3,R3.FAV,"favourite 0.80-0.90 at kickoff - 5 min, maker",limit=last W=300s,maker175 (alt maker0),87,87,0.031025734944989357,-0.05632683951234327,0.11115628006558534,22.870000000000008,2.628735632183909,0.09741784679568705,1.8611653497533212,22.230000000000004,13.020000000000003,0.018680593417314706,48.0,0.8735632183908046,0.8472758620689657,0.03429504627109418,-0.05341766888960318,0.11458474921843141,2.896551724137931,1.0,0.24986025382445765,"post-hoc, exploratory; training only; walk-forward test weeks"
3,R3.FEE.R1.C1.d0.05.s15.maker.settle,100-contract order fee rounding,fills of R1.C1.d0.05.s15.maker.settle,maker175 per 100 (alt maker0),764,764,0.019480039009089196,-0.035478906476935586,0.0767933948704781,81.87700000000001,1.0716884816753929,0.0606249691738918,1.158238409774687,86.58600000000001,36.144999999999996,0.008608299167272983,109.0,0.5608638743455497,0.5501469895287958,0.02583131837877954,-0.02945638880605135,0.08356306406958476,1.4123036649214655,1.0,0.26402095917047586,"post-hoc, exploratory; training only; walk-forward test weeks"
3,R3.VOLX.I12.high,calm-market filter on maker signal,signal=I12 regime=high,maker175 (alt maker0),382,382,0.017015762416620648,-0.07899453799640013,0.11143365159999684,32.039999999999964,0.8387434554973813,0.03671500869820342,0.7014392562822819,93.73,-9.920000000000016,-0.005290892411409562,99.0,0.5013089005235603,0.4929214659685864,0.025874537954679387,-0.07124500730805886,0.12115111778011405,1.2643979057591614,1.0,0.3577179637880019,"post-hoc, exploratory; training only; walk-forward test weeks"
3,R3.VOLX.I9.high,calm-market filter on maker signal,signal=I9 regime=high,maker175 (alt maker0),360,360,-0.0009132545508229653,-0.11433635929041305,0.12059284954312535,-1.3299999999999912,-0.0369444444444442,-0.0015883112577605915,-0.030344643972340435,79.19,-43.89000000000001,-0.03029215468393046,97.0,0.4041666666666667,0.40453611111111115,0.00971547536433032,-0.10470522006881183,0.13250283338973975,0.38888888888888856,1.0,0.5062307191751712,"post-hoc, exploratory; training only; walk-forward test weeks"
3,R3.PAIR.HEDGENOW,"passive both-side pairs, orphan handling",orphan=HEDGENOW h=0.02 W=900s slots=15min,maker175 maker legs + taker (alt maker0),9558,987,-0.008709759034705476,-0.011980929662279111,-0.005263764329517294,-802.1,-0.839192299644277,-0.2976633239251836,-5.686849818635876,820.1000000000004,-1019.82,-0.011118861768372418,112.0,,,-0.003162058616123813,-0.0064407139582333545,0.000311418399124223,-0.30297133291483574,1.0,0.9989513481847179,"post-hoc, exploratory; training only; walk-forward test weeks"
3,R3.VOLX.I12.low,calm-market filter on maker signal,signal=I12 regime=low,maker175 (alt maker0),307,307,-0.011462824692396692,-0.10700094861700744,0.0915511657113637,-16.35,-0.5325732899022803,-0.026204686416450063,-0.5006398310335846,74.16,-60.44000000000001,-0.04255019571400412,54.0,0.4592833876221498,0.4646091205211727,-0.003815175922000857,-0.09971899583063165,0.10005084239599968,-0.17589576547231348,1.0,0.5765268841257405,"post-hoc, exploratory; training only; walk-forward test weeks"
3,R3.PAIR.HEDGEDL,"passive both-side pairs, orphan handling",orphan=HEDGEDL h=0.02 W=900s slots=15min,maker175 maker legs + taker (alt maker0),9558,987,-0.0326892545678926,-0.036333542337852825,-0.028729892430204483,-3001.41,-3.140207156308851,-0.521518555994674,-9.963598022304543,3001.4099999999994,-3223.8499999999995,-0.03526460899475326,112.0,,,-0.027259408115032115,-0.030959182203045325,-0.023292551429548752,-2.60398618957941,1.0,0.9999998871245975,"post-hoc, exploratory; training only; walk-forward test weeks"
3,R3.PAIR.CUT,"passive both-side pairs, orphan handling",orphan=CUT h=0.02 W=900s slots=15min,maker175 maker legs + taker (alt maker0),9558,987,-0.040264915142244326,-0.043454352064983735,-0.037013207136081694,-2843.3399999999997,-2.9748273697426235,-0.5777248238153422,-11.037417261259577,2843.3400000000015,-2900.9900000000002,-0.04127662892424567,112.0,,,-0.033248363486455,-0.03643962127190254,-0.029956862994164273,-2.438606403013183,1.0,0.9999999925924212,"post-hoc, exploratory; training only; walk-forward test weeks"
4,R4.REQUOTE,"passive pairs, passive orphan completion then taker hedge","h=0.02 L2=min(0.99-e1, other last)",maker175 + taker (alt maker0),9558,987,-0.02222696285202578,-0.025694882745734622,-0.01830329760815541,-2042.15,-2.1365871521238757,-0.4609801225261743,-8.807012874860012,2044.2799999999997,-2248.19,-0.02457221133070123,112.0,,,-0.01631557266562876,-0.019801395785687702,-0.012353754517990808,-1.5589244611843485,1.0,0.9999982010745472,"post-hoc, exploratory; training only; walk-forward test weeks"
4,R4.PAIRCALM.h0.03,"passive pairs in calm slots, taker hedge of orphans",h=0.03 W=900s calm=walk-forward median,maker175 + taker (alt maker0),674,279,-0.03611338525375933,-0.05818672277505524,-0.01501750538178445,-206.44,-3.0629080118694363,-0.47023236431825693,-8.983776706102136,206.44000000000005,-282.66999999999996,-0.05081552563786814,38.0,,,-0.032263730087640725,-0.0545200769120119,-0.011148257721913609,-2.725519287833828,1.0,0.9962851052445683,"post-hoc, exploratory; training only; walk-forward test weeks"
4,R4.PAIRCALM.h0.02,"passive pairs in calm slots, taker hedge of orphans",h=0.02 W=900s calm=walk-forward median,maker175 + taker (alt maker0),829,306,-0.03638492817757587,-0.057786677593682216,-0.014388590471730718,-247.32,-2.98335343787696,-0.4255047511041985,-8.129256855486222,247.32,-349.8,-0.05316271011276939,41.0,,,-0.032493449020528864,-0.053909091429472394,-0.010421618318637811,-2.6535585042219543,1.0,0.9946687084179615,"post-hoc, exploratory; training only; walk-forward test weeks"
4,R4.REQUOTECALM,R4.REQUOTE in calm slots,h=0.02 calm,maker175 + taker (alt maker0),829,306,-0.0450380320838283,-0.06229082840738093,-0.028031090433821838,-311.27000000000004,-3.754764776839566,-0.4686258745589112,-8.953084762344657,311.27000000000004,-362.69000000000005,-0.054354390807905065,41.0,,,-0.04086775310192089,-0.05824021348952717,-0.023769911421137376,-3.392279855247286,1.0,0.9972305514927766,"post-hoc, exploratory; training only; walk-forward test weeks"
5,R5.PAIRPRE.h0.01,"pre-game passive pairs, taker hedge of orphans",h=0.01 W=900s slots ko-2h..ko-15min,maker175 + taker (alt maker0),1705,675,-0.02181558842493992,-0.030061447416967473,-0.013114076351648352,-357.28,-2.0954838709677417,-0.4381292763404818,-8.370448071466754,357.2800000000001,-432.53,-0.026580378097321066,109.0,,,-0.016912540808561822,-0.0251804270894218,-0.008148919268325542,-1.6164222873900296,1.0,0.9999934557620632,"post-hoc, exploratory; training only; walk-forward test weeks"
5,R5.PAIRPRE.h0.02,"pre-game passive pairs, taker hedge of orphans",h=0.02 W=900s slots ko-2h..ko-15min,maker175 + taker (alt maker0),155,127,-0.03147057262643952,-0.05555937767204488,-0.0034710217622252173,-47.440000000000005,-3.060645161290323,-0.27246781353452904,-5.205490268503507,47.43999999999999,-77.33000000000001,-0.05234443218509068,55.0,,,-0.027185501066098072,-0.05131994321379859,0.001068672047963864,-2.6322580645161295,1.0,0.9755982419246053,"post-hoc, exploratory; training only; walk-forward test weeks"
5,R5.ANCHOR,polymarket.com-anchored one-sided maker quote,gap>=0.03 slots 5min W=300s first fill per game,maker175 (alt maker0),695,695,-0.04543135811444439,-0.11158438682973505,0.02764589027355112,-148.73000000000005,-2.1400000000000006,-0.13398027638319301,-2.5596895862187328,156.24999999999997,-194.04000000000002,-0.05935687541296528,101.0,0.44964028776978415,0.47104028776978424,-0.03742491914369321,-0.10405217478996709,0.036429218710303586,-1.7482014388489202,1.0,0.909469136553426,"post-hoc, exploratory; training only; walk-forward test weeks"
5,R5.SL.R2.VOL.low.maker.sl0.2,stop-loss exit,entries=R2.VOL.low.maker sl=0.2,maker175 entry + taker exit (alt maker0),687,687,-0.04820488788611958,-0.08823240551952931,-0.006116187845400129,-183.09999999999997,-2.665211062590975,-0.192112857754835,-3.670310993890879,183.1,-227.7,-0.060032112038850824,96.0,0.7796052631578947,0.5413190789473683,-0.04160171783044378,-0.08185336945130792,0.0006770023785033569,-2.2842794759825322,1.0,0.9685476514592377,"post-hoc, exploratory; training only; walk-forward test weeks"
5,R5.SL.R1.A.I12.A1.W300.sl0.2,stop-loss exit,entries=R1.A.I12.A1.W300 sl=0.2,maker175 entry + taker exit (alt maker0),689,689,-0.05536199388996498,-0.10258109762428419,-0.00587661896533108,-183.21,-2.6590711175616835,-0.18101709712136013,-3.458326784637194,189.40999999999994,-227.91000000000003,-0.06897981543639396,108.0,0.697986577181208,0.4506241610738255,-0.04753054446848054,-0.09529754054281814,0.0023814281705138063,-2.264150943396226,1.0,0.9686618315009426,"post-hoc, exploratory; training only; walk-forward test weeks"
5,R5.SL.R1.A.I12.A1.W300.sl0.1,stop-loss exit,entries=R1.A.I12.A1.W300 sl=0.1,maker175 entry + taker exit (alt maker0),689,689,-0.08798813045619784,-0.12137800473636479,-0.05199323516126807,-291.18000000000006,-4.22612481857765,-0.4017585172360085,-7.675585694438034,294.8100000000001,-335.88,-0.10165828795917688,108.0,0.7748344370860927,0.4917814569536423,-0.08042716553426162,-0.1140411965311454,-0.04415332169110439,-3.8312046444121908,1.0,0.9999689584734467,"post-hoc, exploratory; training only; walk-forward test weeks"
5,R5.SL.R2.VOL.low.maker.sl0.1,stop-loss exit,entries=R2.VOL.low.maker sl=0.1,maker175 entry + taker exit (alt maker0),687,687,-0.09172355510389983,-0.12063485068407719,-0.06324554034346443,-348.4,-5.071324599708879,-0.4145990303598326,-7.920903353216057,348.40000000000015,-392.29,-0.10344491147758857,96.0,0.9103448275862069,0.6356206896551724,-0.08542229998409417,-0.11439553181988865,-0.05681883966457568,-4.690393013100437,1.0,0.9999459689322772,"post-hoc, exploratory; training only; walk-forward test weeks"
6,R6.BIG.follow.maker,large single print (>p99 and >=1000),dir=follow exec=maker,maker175 (alt maker0),611,611,-0.030170178338047072,-0.10736919730983341,0.045610592361371056,-87.26000000000002,-1.428150572831424,-0.08232522095072692,-1.5728211378519465,158.13999999999993,-131.55,-0.045573435415981016,111.0,0.4590834697217676,0.4733649754500818,-0.02234150081907218,-0.10030817076408258,0.05383355093024279,-1.0490998363338788,1.0,0.8061916543251628,"post-hoc, exploratory; training only; walk-forward test weeks"
6,R6.BIG.fade.maker,large single print (>p99 and >=1000),dir=fade exec=maker,maker175 (alt maker0),626,626,-0.037054156074262386,-0.099283714332117,0.02856033946602614,-120.25000000000001,-1.9209265175718853,-0.10484844066538436,-2.0031266463048105,165.49000000000004,-163.53000000000003,-0.050495132050652626,105.0,0.4992012779552716,0.5184105431309903,-0.02989476298388848,-0.09246144344731835,0.03630952130658753,-1.5383386581469645,1.0,0.857497014315598,"post-hoc, exploratory; training only; walk-forward test weeks"
6,R6.IMB.fade.w60.taker,"aggressor imbalance |I|>=0.8, vol>=500",fade w=60s exec=taker,taker,904,904,-0.04005496948385272,-0.08695340351660952,0.00269818278827528,-218.01999999999995,-2.4117256637168136,-0.15474932864895463,-2.956481772616786,256.95,-261.43,-0.04808854340072438,111.0,0.5779867256637168,0.602103982300885,-0.04005496948385272,-0.08695340351660952,0.00269818278827528,-2.4117256637168136,1.0,0.9470611408867099,"post-hoc, exploratory; training only; walk-forward test weeks"
6,R6.BIG.follow.taker,large single print (>p99 and >=1000),dir=follow exec=taker,taker,908,908,-0.040732813591651616,-0.09885747862819835,0.013900188752373652,-183.64999999999998,-2.0225770925110127,-0.14606279811299322,-2.790525839747396,238.02,-228.31,-0.05069826416569147,111.0,0.4763215859030837,0.49654735682819384,-0.040732813591651616,-0.09885747862819835,0.013900188752373652,-2.0225770925110127,1.0,0.9366482544022348,"post-hoc, exploratory; training only; walk-forward test weeks"
6,R6.IMB.follow.w10.maker,"aggressor imbalance |I|>=0.8, vol>=500",follow w=10s exec=maker,maker175 (alt maker0),633,633,-0.051453651812757316,-0.12787244261237582,0.028563940459659896,-141.85,-2.240916271721959,-0.13746039905802404,-2.6261772365654976,184.43,-186.65,-0.06783202805589372,105.0,0.41311216429699843,0.43552132701421803,-0.043140985766036075,-0.12015830481744001,0.03769022645600948,-1.8625592417061612,1.0,0.919056965480947,"post-hoc, exploratory; training only; walk-forward test weeks"
6,R6.IMB.follow.w60.maker,"aggressor imbalance |I|>=0.8, vol>=500",follow w=60s exec=maker,maker175 (alt maker0),622,622,-0.057148278752035916,-0.13924376578059441,0.02804936832419438,-144.56,-2.32411575562701,-0.137919906726926,-2.634956118253366,180.45999999999998,-190.07,-0.07527316074405857,105.0,0.3834405144694534,0.4066816720257235,-0.048398036946893826,-0.13092131558636633,0.03759482274140384,-1.9501607717041802,1.0,0.9197490074096399,"post-hoc, exploratory; training only; walk-forward test weeks"
6,R6.IMB.fade.w60.maker,"aggressor imbalance |I|>=0.8, vol>=500",fade w=60s exec=maker,maker175 (alt maker0),639,639,-0.06519276046702861,-0.12466907509330413,-0.007941981922023438,-243.39,-3.808920187793427,-0.19541214191250253,-3.7333437292183116,279.6199999999999,-286.37,-0.07684958820514334,108.0,0.5461658841940532,0.5842550860719876,-0.05912166716091985,-0.11890826955903387,-0.001341426022219988,-3.431924882629108,1.0,0.9776118574520702,"post-hoc, exploratory; training only; walk-forward test weeks"
6,R6.BIG.fade.taker,large single print (>p99 and >=1000),dir=fade exec=taker,taker,890,890,-0.06597136895068079,-0.12081107753034971,-0.013726686697870973,-316.78000000000003,-3.5593258426966297,-0.23158902292333894,-4.424502070468968,336.9700000000001,-361.85999999999996,-0.07543684827157765,111.0,0.5039325842696629,0.5395258426966292,-0.06597136895068079,-0.12081107753034971,-0.013726686697870973,-3.5593258426966297,1.0,0.9918533664684126,"post-hoc, exploratory; training only; walk-forward test weeks"
6,R6.IMB.follow.w120.maker,"aggressor imbalance |I|>=0.8, vol>=500",follow w=120s exec=maker,maker175 (alt maker0),609,609,-0.06708240980753098,-0.14800595554426807,0.01866058926549954,-160.70999999999998,-2.638916256157635,-0.1419866298039798,-2.712650753548773,184.20999999999998,-205.61999999999998,-0.08601116028477968,104.0,0.3669950738916256,0.393384236453202,-0.0583923154701719,-0.1400185577438367,0.027850761067865618,-2.275862068965518,1.0,0.9247032580032112,"post-hoc, exploratory; training only; walk-forward test weeks"
6,R6.IMB.follow.w10.taker,"aggressor imbalance |I|>=0.8, vol>=500",follow w=10s exec=taker,taker,948,948,-0.07856166863255751,-0.1383243464828189,-0.019662906705451042,-336.35,-3.547995780590717,-0.23547860667210807,-4.498812463649339,388.66,-381.3299999999999,-0.08917225751988268,111.0,0.4161392405063291,0.4516191983122363,-0.07856166863255751,-0.1383243464828189,-0.019662906705451042,-3.547995780590717,1.0,0.9926877504547085,"post-hoc, exploratory; training only; walk-forward test weeks"
6,R6.IMB.follow.w60.taker,"aggressor imbalance |I|>=0.8, vol>=500",follow w=60s exec=taker,taker,950,950,-0.07915608365204022,-0.1391928430650539,-0.020037081150952447,-325.35999999999996,-3.4248421052631572,-0.25888573658985836,-4.946005052820997,338.1200000000002,-370.14,-0.09016501264268698,111.0,0.39842105263157895,0.43266947368421055,-0.07915608365204022,-0.1391928430650539,-0.020037081150952447,-3.4248421052631572,1.0,0.9962828402524855,"post-hoc, exploratory; training only; walk-forward test weeks"
6,R6.GAP.g300.taker,"first trade after no-trade gap, move >= 0.03, follow",g=300s exec=taker,taker,16,16,-0.08560978397531151,-0.47706550253821717,0.34515953781835246,-7.490000000000002,-4.681250000000001,-0.2051612488520942,-3.919600155774959,12.56,-28.770000000000003,-0.4895354772843289,7.0,0.5,0.5468124999999999,-0.08560978397531151,-0.47706550253821717,0.34515953781835246,-4.681250000000001,1.0,0.7153167456046732,"post-hoc, exploratory; training only; walk-forward test weeks"
6,R6.IMB.follow.w120.taker,"aggressor imbalance |I|>=0.8, vol>=500",follow w=120s exec=taker,taker,949,949,-0.10115905216898728,-0.16822904501875907,-0.03366323154202649,-391.09000000000003,-4.121074815595364,-0.2651976283044211,-5.066593574708338,412.94000000000005,-435.44000000000005,-0.11279543264498348,111.0,0.36617492096944154,0.40738566912539514,-0.10115905216898728,-0.16822904501875907,-0.03366323154202649,-4.121074815595364,1.0,0.9969263217871244,"post-hoc, exploratory; training only; walk-forward test weeks"
6,R6.GAP.g120.taker,"first trade after no-trade gap, move >= 0.03, follow",g=120s exec=taker,taker,58,58,-0.15219750406945196,-0.37809686569701656,0.06937798763382111,-44.88,-7.737931034482759,-0.3170813214580379,-6.057830140604397,44.88,-82.34,-0.2916341999008288,12.0,0.43103448275862066,0.5084137931034483,-0.15219750406945196,-0.37809686569701656,0.06937798763382111,-7.737931034482759,1.0,0.8609600246061554,"post-hoc, exploratory; training only; walk-forward test weeks"
6,R6.GAP.g120.maker,"first trade after no-trade gap, move >= 0.03, follow",g=120s exec=maker,maker175 (alt maker0),24,24,-0.1913310690603267,-0.5061825864154889,0.055199088336570064,-23.66,-9.858333333333333,-0.4744297977765686,-9.063968559725108,23.660000000000004,-40.74,-0.4489750936742341,10.0,0.4166666666666667,0.51525,-0.18633034987794952,-0.5029903361289219,0.06211321405095143,-9.541666666666668,1.0,0.920917134094691,"post-hoc, exploratory; training only; walk-forward test weeks"
6,R6.GAP.g300.maker,"first trade after no-trade gap, move >= 0.03, follow",g=300s exec=maker,maker175 (alt maker0),4,4,-0.33110367892976583,-1.0000000000000002,0.4031805425631432,-4.949999999999999,-12.374999999999998,-0.35202127837370306,-6.725357080197861,5.55,0.0,,3.0,0.25,0.3737500000000001,-0.3243243243243243,-1.0,0.4150943396226415,-12.0,1.0,0.7523318936134795,"post-hoc, exploratory; training only; walk-forward test weeks"
