trial_id,round,method,params,trades,roc,roc_ci_lo,roc_ci_hi,c_per_contract,excl_top5_roc,games,games_filled,orders,contracts_n,fill_rate,adverse_sel,win_rate,mean_fill_px,pnl_m0,roc_m0,c_per_contract_m0,sharpe_m0,maxdd_m0,pnl_m175,sharpe_m175,maxdd_m175,pairs,pair_mean_cost,pair_pnl_m175,roc_m175_allweeks
M1_h1_cap10_settle,1,M1,"{'mech': 'M1', 'window': 'pre', 'h': 1, 'cap': 10, 'W_min': 5, 'thr': 0.0, 'end': 'settle'}",1138,-0.021593415305666427,-0.06544529547793429,0.022911316013449635,-1.0530755711775024,-0.036086184384234485,1024,533,19409,5690,0.05863259312689989,-0.005808435852372616,0.4771528998242531,0.4829613356766257,-33.05000000000001,-0.012026709848801881,-0.5808435852372585,-1.0084398120193467,77.65,-59.91999999999989,-1.827034756336205,97.17999999999992,69,1.0014492753623188,-3.7799999999999914,-0.017496837920857634
M1_h1_cap10_exit,1,M1,"{'mech': 'M1', 'window': 'pre', 'h': 1, 'cap': 10, 'W_min': 5, 'thr': 0.0, 'end': 'exit'}",1138,-0.05043749008980433,-0.05725434152089863,-0.04331753337920974,-2.4597539543057967,-0.05552715446447018,1024,533,19409,5690,0.05863259312689989,-0.005808435852372616,0.4771528998242531,0.4829613356766257,-113.08999999999995,-0.0411528174523753,-1.9875219683655527,-11.379656513167028,113.08999999999996,-139.95999999999984,-12.001465620099538,139.9599999999998,69,1.0014492753623188,-3.7799999999999914,-0.05027103535505626
M1_h1_cap30_settle,1,M1,"{'mech': 'M1', 'window': 'pre', 'h': 1, 'cap': 30, 'W_min': 5, 'thr': 0.0, 'end': 'settle'}",1597,-0.013998016433794586,-0.06316432771600225,0.03542802016581015,-0.6822792736380695,-0.03241318361405696,1024,533,20967,7985,0.07616731053560356,-0.002022542266750168,0.48058860363180966,0.4826111458985598,-16.150000000000013,-0.0041908320682988885,-0.2022542266750158,-0.28381158724036204,109.95000000000002,-54.47999999999985,-0.9567617819121373,138.31999999999988,154,1.001038961038961,-8.539999999999974,-0.015720137515777863
M1_h1_cap30_exit,1,M1,"{'mech': 'M1', 'window': 'pre', 'h': 1, 'cap': 30, 'W_min': 5, 'thr': 0.0, 'end': 'exit'}",1597,-0.04986407946597872,-0.05511070556219288,-0.044523348646645894,-2.430432060112709,-0.05386656843186643,1024,533,20967,7985,0.07616731053560356,-0.002022542266750168,0.48058860363180966,0.4826111458985598,-155.74,-0.040413633827669874,-1.9504070131496558,-12.070321302870276,155.73999999999987,-194.06999999999982,-12.394609017851566,194.06999999999977,154,1.001038961038961,-8.539999999999974,-0.04983747937154326
M1_h2_cap10_settle,1,M1,"{'mech': 'M1', 'window': 'pre', 'h': 2, 'cap': 10, 'W_min': 5, 'thr': 0.0, 'end': 'settle'}",52,-0.14522956691631386,-0.4009776043451355,0.09827674535037202,-6.861538461538459,-0.3253012048192771,1024,42,20872,260,0.002491376006132618,-0.0640384615384615,0.40384615384615385,0.46788461538461534,-16.650000000000002,-0.1368680641183724,-6.403846153846154,-1.954877209598289,18.799999999999997,-17.839999999999993,-2.0857572368167907,19.509999999999998,2,1.0150000000000001,-0.25,0.024185587364264627
M1_h2_cap10_exit,1,M1,"{'mech': 'M1', 'window': 'pre', 'h': 2, 'cap': 10, 'W_min': 5, 'thr': 0.0, 'end': 'exit'}",52,-0.04501790947574073,-0.06198678603325803,-0.026951409477517018,-2.1269230769230734,-0.05496753535533215,1024,42,20872,260,0.002491376006132618,-0.0640384615384615,0.40384615384615385,0.46788461538461534,-4.339999999999996,-0.035676120016440584,-1.6692307692307677,-7.425085998708872,4.339999999999996,-5.529999999999991,-7.618781714847204,5.529999999999991,2,1.0150000000000001,-0.25,-0.045459032576505354
M1_h2_cap30_settle,1,M1,"{'mech': 'M1', 'window': 'pre', 'h': 2, 'cap': 30, 'W_min': 5, 'thr': 0.0, 'end': 'settle'}",55,-0.11951611668325544,-0.37467621875972595,0.11703835666678211,-5.676363636363633,-0.31123151804573423,1024,42,20898,275,0.0026318307972054743,-0.05218181818181816,0.41818181818181815,0.4703636363636363,-14.350000000000003,-0.1109393119443371,-5.218181818181819,-1.5948657885963426,18.900000000000002,-15.609999999999992,-1.7304471100270475,19.649999999999995,2,1.0150000000000001,-0.25,0.0317460317460318
M1_h2_cap30_exit,1,M1,"{'mech': 'M1', 'window': 'pre', 'h': 2, 'cap': 30, 'W_min': 5, 'thr': 0.0, 'end': 'exit'}",55,-0.04509608758900537,-0.061307677106557254,-0.02765961676201812,-2.1418181818181785,-0.05440931780366052,1024,42,20898,275,0.0026318307972054743,-0.05218181818181816,0.41818181818181815,0.4703636363636363,-4.629999999999997,-0.035794356397371455,-1.6836363636363625,-7.379476965721488,4.629999999999997,-5.889999999999991,-7.4710928025400465,5.889999999999991,2,1.0150000000000001,-0.25,-0.04430839002267568
M2_h1_cap10_settle,1,M2,"{'mech': 'M2', 'window': 'in', 'h': 1, 'cap': 10, 'W_min': 5, 'thr': 0.0, 'end': 'settle'}",3909,-0.03726412971177935,-0.04002127969243578,-0.0345197975122975,-1.9061140956766416,-0.03769231078468022,1024,999,6991,19545,0.5591474753254184,-0.014824763366589921,0.49245331286774113,0.5072780762343311,-289.75000000000006,-0.029224135757331255,-1.4824763366589924,-9.24463671292205,289.80000000000007,-372.5499999999996,-9.936578016586624,372.54999999999956,982,1.0017311608961303,-52.26999999999991,-0.04154606121270256
M2_h1_cap10_exit,1,M2,"{'mech': 'M2', 'window': 'in', 'h': 1, 'cap': 10, 'W_min': 5, 'thr': 0.0, 'end': 'exit'}",3909,-0.057797160304274474,-0.06164332134207909,-0.05392586878412327,-2.956408288564847,-0.05954558113394582,1024,999,6991,19545,0.5591474753254184,-0.014824763366589921,0.49245331286774113,0.5072780762343311,-495.02999999999975,-0.04992864167023876,-2.5327705295471974,-10.650013520746054,495.0299999999998,-577.8299999999992,-10.952519324180534,577.8299999999992,982,1.0017311608961303,-52.26999999999991,-0.06097683958564779
M2_h1_cap30_settle,1,M2,"{'mech': 'M2', 'window': 'in', 'h': 1, 'cap': 30, 'W_min': 5, 'thr': 0.0, 'end': 'settle'}",11407,-0.0361901945652181,-0.038887986877332824,-0.03347509093985749,-1.8368019637064938,-0.036690798574649484,1024,999,19425,57035,0.5872329472329473,-0.014182519505566782,0.4891733146313667,0.5033558341369335,-808.9000000000002,-0.028175931505561,-1.4182519505566762,-9.114875606687397,808.9000000000005,-1047.6199999999988,-9.846761795643253,1047.6199999999988,3136,1.0001020408163264,-140.3399999999997,-0.039391060996926304
M2_h1_cap30_exit,1,M2,"{'mech': 'M2', 'window': 'in', 'h': 1, 'cap': 30, 'W_min': 5, 'thr': 0.0, 'end': 'exit'}",11407,-0.056841633267259946,-0.06034927954621032,-0.05302047834549735,-2.8849478390461987,-0.05851152129746998,1024,999,19425,57035,0.5872329472329473,-0.014182519505566782,0.4891733146313667,0.5033558341369335,-1406.710000000001,-0.048999090874258536,-2.4663978258963812,-10.608041906354323,1406.7100000000003,-1645.4299999999994,-10.927429792419183,1645.429999999999,3136,1.0001020408163264,-140.3399999999997,-0.05907599867778418
M2_h2_cap10_settle,1,M2,"{'mech': 'M2', 'window': 'in', 'h': 2, 'cap': 10, 'W_min': 5, 'thr': 0.0, 'end': 'settle'}",3825,-0.03454106329758088,-0.038060617390792285,-0.03106762868010031,-1.7603137254901942,-0.03509432056104726,1024,982,9146,19125,0.41821561338289964,-0.013335947712418262,0.4920261437908497,0.5053620915032679,-255.05000000000004,-0.026388896073998587,-1.3335947712418301,-9.1103741500855,255.45000000000005,-336.6599999999996,-9.88229162530947,336.9799999999997,635,0.9851496062992127,17.810000000000073,-0.037973376472511644
M2_h2_cap10_exit,1,M2,"{'mech': 'M2', 'window': 'in', 'h': 2, 'cap': 10, 'W_min': 5, 'thr': 0.0, 'end': 'exit'}",3825,-0.05554107766147575,-0.05974654732672441,-0.051176919135549476,-2.8305359477124146,-0.05724697926487357,1024,982,9146,19125,0.41821561338289964,-0.013335947712418262,0.4920261437908497,0.5053620915032679,-459.7299999999998,-0.04756623090413395,-2.4038169934640514,-10.66519100934988,460.0099999999999,-541.3399999999992,-10.980154512161112,541.5399999999995,635,0.9851496062992127,17.810000000000073,-0.057962534311996015
M2_h2_cap30_settle,1,M2,"{'mech': 'M2', 'window': 'in', 'h': 2, 'cap': 30, 'W_min': 5, 'thr': 0.0, 'end': 'settle'}",10910,-0.03630300696709696,-0.03956605622516072,-0.0328782017709696,-1.8320806599450026,-0.03687863977180081,1024,982,24850,54550,0.4390342052313883,-0.014076076993583842,0.48634280476626945,0.5004188817598533,-767.8500000000003,-0.028128588881541964,-1.4076076993583873,-9.550419082689574,769.9000000000004,-999.399999999999,-10.248240013843622,999.6799999999987,1972,0.982606490872211,80.56000000000024,-0.03850195290868495
M2_h2_cap30_exit,1,M2,"{'mech': 'M2', 'window': 'in', 'h': 2, 'cap': 30, 'W_min': 5, 'thr': 0.0, 'end': 'exit'}",10910,-0.05774517425007446,-0.0617379714577089,-0.05341438312368244,-2.9141888175985327,-0.059578269710008826,1024,982,24850,54550,0.4390342052313883,-0.014076076993583842,0.48634280476626945,0.5004188817598533,-1358.1400000000008,-0.049752636196623574,-2.489715857011917,-10.96112414386729,1358.3700000000003,-1589.6899999999996,-11.249756050657766,1589.6899999999991,1972,0.982606490872211,80.56000000000024,-0.05913090271290323
M2_h3_cap10_settle,1,M2,"{'mech': 'M2', 'window': 'in', 'h': 3, 'cap': 10, 'W_min': 5, 'thr': 0.0, 'end': 'settle'}",3701,-0.03363961499688578,-0.037736671229479705,-0.029607178819923904,-1.6986760335044564,-0.03430372545835619,1024,967,12028,18505,0.30769870302627206,-0.012650634963523392,0.48797622264252905,0.5006268576060524,-234.10000000000005,-0.025269589058840043,-1.2650634963523375,-8.54268467089774,234.75000000000006,-314.3399999999997,-9.502036898425539,314.73999999999955,391,0.9692071611253197,41.600000000000044,-0.03692909749835143
M2_h3_cap10_exit,1,M2,"{'mech': 'M2', 'window': 'in', 'h': 3, 'cap': 10, 'W_min': 5, 'thr': 0.0, 'end': 'exit'}",3701,-0.055313697917669886,-0.06009507712842403,-0.05057027825302619,-2.793136990002699,-0.05716886213114255,1024,967,12028,18505,0.30769870302627206,-0.012650634963523392,0.48797622264252905,0.5006268576060524,-436.62999999999977,-0.0471313997042346,-2.3595244528505797,-10.411735915647688,436.90999999999985,-516.8699999999994,-10.798499666780813,517.0699999999994,391,0.9692071611253197,41.600000000000044,-0.057605475129951636
M2_h3_cap30_settle,1,M2,"{'mech': 'M2', 'window': 'in', 'h': 3, 'cap': 30, 'W_min': 5, 'thr': 0.0, 'end': 'settle'}",10308,-0.03602577068439061,-0.0403429354425234,-0.03181205283065755,-1.80044625533566,-0.037141073657927556,1024,967,30233,51540,0.34095193993318557,-0.01366996507566937,0.48176173845556847,0.49543170353123783,-704.5500000000002,-0.02759202727285189,-1.3669965075669386,-9.437244050889923,710.5000000000005,-927.9499999999991,-10.272555309154196,931.3099999999991,1292,0.9658204334365325,159.93000000000015,-0.03716509912114658
M2_h3_cap30_exit,1,M2,"{'mech': 'M2', 'window': 'in', 'h': 3, 'cap': 30, 'W_min': 5, 'thr': 0.0, 'end': 'exit'}",10308,-0.05857065488519076,-0.06320278762904151,-0.05372711818466239,-2.9271633682576628,-0.06078621897436358,1024,967,30233,51540,0.34095193993318557,-0.01366996507566937,0.48176173845556847,0.49543170353123783,-1285.2600000000007,-0.05033415509574286,-2.493713620488942,-10.980826082036142,1286.270000000002,-1508.6599999999994,-11.313513872335662,1509.069999999999,1292,0.9658204334365325,159.93000000000015,-0.05897404774480117
M3_pre_thr85,1,M3,"{'mech': 'M3', 'window': 'pre', 'h': 1, 'cap': 10, 'W_min': 5, 'thr': 0.85, 'end': 'settle'}",71,0.03829091023503139,-0.04831520954277393,0.10873875842704593,3.4281690140845136,0.01659223759212875,1024,48,1932,355,0.03674948240165631,0.037042253521126695,0.9295774647887324,0.8925352112676057,13.150000000000006,0.0415022881489664,3.704225352112678,1.6776774994874128,8.3,12.170000000000025,1.5685689505646514,8.33,0,,0.0,0.02920995883160172
M3_pre_thr90,1,M3,"{'mech': 'M3', 'window': 'pre', 'h': 1, 'cap': 10, 'W_min': 5, 'thr': 0.9, 'end': 'settle'}",34,-0.05446293494704987,-0.2106669016760146,0.06572341746372644,-5.082352941176465,-0.11182165378808062,1024,24,1188,170,0.02861952861952862,-0.04882352941176477,0.8823529411764706,0.9311764705882354,-8.299999999999997,-0.05243209096651925,-4.882352941176469,-1.3548053472211077,16.099999999999998,-8.63999999999999,-1.4095837643174387,16.209999999999997,0,,0.0,-0.02404189478695542
M3_late_thr85,1,M3,"{'mech': 'M3', 'window': 'late', 'h': 1, 'cap': 10, 'W_min': 5, 'thr': 0.85, 'end': 'settle'}",1259,-0.011089796547040565,-0.03844569137365085,0.013892226785068044,-1.0065131056393912,-0.012530285343480711,1024,677,4559,6295,0.27615705198508445,-0.007640984908657723,0.897537728355838,0.9051787132644957,-48.100000000000016,-0.008441410294659626,-0.7640984908657668,-1.1051898887616023,90.94999999999996,-63.35999999999967,-1.4483281522343243,97.28999999999986,0,,0.0,-0.010882482619270726
M3_late_thr90,1,M3,"{'mech': 'M3', 'window': 'late', 'h': 1, 'cap': 10, 'W_min': 5, 'thr': 0.9, 'end': 'settle'}",1077,-0.01385390679373888,-0.03946553038002173,0.010258806366827753,-1.2900649953574705,-0.01506478036648843,1024,603,4388,5385,0.24544211485870557,-0.01090064995357471,0.9182915506035283,0.929192200557103,-58.70000000000002,-0.011731318824070192,-1.0900649953574748,-1.7448809937347476,94.24999999999997,-69.46999999999979,-2.0588442113872985,100.14999999999989,0,,0.0,-0.0155285188822129
M4_pre_h1_W5,1,M4,"{'mech': 'M4', 'window': 'pre', 'h': 1, 'cap': 10, 'W_min': 5, 'thr': 0.0, 'end': 'settle'}",1138,-0.021593415305666427,-0.06544529547793429,0.022911316013449635,-1.0530755711775024,-0.036086184384234485,1024,533,19409,5690,0.05863259312689989,-0.005808435852372616,0.4771528998242531,0.4829613356766257,-33.05000000000001,-0.012026709848801881,-0.5808435852372585,-1.0084398120193467,77.65,-59.91999999999989,-1.827034756336205,97.17999999999992,69,1.0014492753623188,-3.7799999999999914,-0.017496837920857634
M4_pre_h1_W15,1,M4,"{'mech': 'M4', 'window': 'pre', 'h': 1, 'cap': 10, 'W_min': 15, 'thr': 0.0, 'end': 'settle'}",819,-0.02206266843650695,-0.08143828631585995,0.03572489016149726,-1.07155067155067,-0.042218212511308896,1024,475,5599,4095,0.1462761207358457,-0.005982905982905983,0.47496947496947495,0.48095238095238096,-24.500000000000007,-0.012439705509012444,-0.5982905982905985,-0.8275786189956045,62.70000000000001,-43.87999999999994,-1.4818203254450444,76.39999999999998,95,1.0005263157894737,-4.869999999999985,-0.01567171251583107
M4_pre_h2_W5,1,M4,"{'mech': 'M4', 'window': 'pre', 'h': 2, 'cap': 10, 'W_min': 5, 'thr': 0.0, 'end': 'settle'}",52,-0.14522956691631386,-0.4009776043451355,0.09827674535037202,-6.861538461538459,-0.3253012048192771,1024,42,20872,260,0.002491376006132618,-0.0640384615384615,0.40384615384615385,0.46788461538461534,-16.650000000000002,-0.1368680641183724,-6.403846153846154,-1.954877209598289,18.799999999999997,-17.839999999999993,-2.0857572368167907,19.509999999999998,2,1.0150000000000001,-0.25,0.024185587364264627
M4_pre_h2_W15,1,M4,"{'mech': 'M4', 'window': 'pre', 'h': 2, 'cap': 10, 'W_min': 15, 'thr': 0.0, 'end': 'settle'}",66,-0.09522026706601767,-0.34478140275653585,0.17395125294900218,-4.624242424242421,-0.2536300719229202,1024,59,5651,330,0.011679348787825164,-0.041060606060606096,0.4393939393939394,0.48045454545454547,-13.549999999999994,-0.08546199936928409,-4.106060606060604,-1.1157700452201067,30.349999999999998,-15.259999999999991,-1.2524401330543964,31.40999999999999,1,0.99,-0.009999999999999343,0.021694708925698955
M4_in_h1_W5,1,M4,"{'mech': 'M4', 'window': 'in', 'h': 1, 'cap': 10, 'W_min': 5, 'thr': 0.0, 'end': 'settle'}",3909,-0.03726412971177935,-0.04002127969243578,-0.0345197975122975,-1.9061140956766416,-0.03769231078468022,1024,999,6991,19545,0.5591474753254184,-0.014824763366589921,0.49245331286774113,0.5072780762343311,-289.75000000000006,-0.029224135757331255,-1.4824763366589924,-9.24463671292205,289.80000000000007,-372.5499999999996,-9.936578016586624,372.54999999999956,982,1.0017311608961303,-52.26999999999991,-0.04154606121270256
M4_in_h1_W15,1,M4,"{'mech': 'M4', 'window': 'in', 'h': 1, 'cap': 10, 'W_min': 15, 'thr': 0.0, 'end': 'settle'}",3884,-0.036527980643568936,-0.040277636415303415,-0.03297601533810219,-1.859526261585992,-0.037195255785973796,1024,998,5180,19420,0.7498069498069498,-0.014407826982492239,0.49047373841400616,0.5048815653964984,-279.80000000000007,-0.028537043080939958,-1.4407826982492278,-8.906961706840656,279.8,-361.11999999999966,-9.693612987325135,361.1199999999996,1317,0.9993925588458619,-53.469999999999864,-0.0398327641729401
M4_in_h2_W5,1,M4,"{'mech': 'M4', 'window': 'in', 'h': 2, 'cap': 10, 'W_min': 5, 'thr': 0.0, 'end': 'settle'}",3825,-0.03454106329758088,-0.038060617390792285,-0.03106762868010031,-1.7603137254901942,-0.03509432056104726,1024,982,9146,19125,0.41821561338289964,-0.013335947712418262,0.4920261437908497,0.5053620915032679,-255.05000000000004,-0.026388896073998587,-1.3335947712418301,-9.1103741500855,255.45000000000005,-336.6599999999996,-9.88229162530947,336.9799999999997,635,0.9851496062992127,17.810000000000073,-0.037973376472511644
M4_in_h2_W15,1,M4,"{'mech': 'M4', 'window': 'in', 'h': 2, 'cap': 10, 'W_min': 15, 'thr': 0.0, 'end': 'settle'}",3782,-0.03519144438747211,-0.039822991759083395,-0.03074150801529829,-1.7784241142252761,-0.03597079948192626,1024,985,5903,18910,0.6406911739793325,-0.013556319407720802,0.48757271285034376,0.5011290322580645,-256.35,-0.027051554659758243,-1.3556319407720783,-8.667927183840227,256.55000000000007,-336.2999999999997,-9.526075192695759,336.3999999999996,1034,0.9809381044487429,51.930000000000106,-0.03797428263761319
WF-M1,1,WF-M1,selector over M1 grid,54,-0.14049070167213623,-0.3857146796154935,0.09543510927135261,-6.659259259259256,-0.31123151804573423,1024,42,20890,270,0.002584968884633796,-0.062037037037037036,0.4074074074074074,0.46944444444444444,-16.750000000000004,-0.13214990138067065,-6.203703703703705,-1.9641689546696068,18.9,-17.979999999999993,-2.0983227474495445,19.65,2,1.0150000000000001,-0.25,
WF-M2,1,WF-M2,selector over M2 grid,0,,,,,,1024,0,0,0,,,,,0.0,,,,0.0,0.0,,0.0,0,,0.0,
WF-M3,1,WF-M3,selector over M3 grid,52,0.01591601760921104,-0.08748387196623558,0.09872340553252783,1.4461538461538526,-0.0166649415174412,1024,37,1706,260,0.03048065650644783,0.016923076923076943,0.9230769230769231,0.9061538461538461,4.400000000000005,0.01867572156196946,1.692307692307694,0.6736962928620809,11.399999999999999,3.7600000000000167,0.5776806340467806,11.489999999999995,0,,0.0,
WF-M4,1,WF-M4,selector over M4 grid,62,-0.1521554816409052,-0.3762389034489618,0.07361338108009763,-7.5258064516129,-0.28931845639968723,1024,52,14704,310,0.0042165397170837865,-0.07032258064516132,0.41935483870967744,0.48967741935483877,-21.799999999999997,-0.14361001317523053,-7.032258064516128,-2.2906741436595577,33.099999999999994,-23.32999999999999,-2.437097534758539,34.31999999999999,3,1.0066666666666668,-0.25999999999999934,
