label,trial,family,trades,contracts,games,roc,roc_ci_lo,roc_ci_hi,p_boot,net_c_per_contract,pnl_total,game_days,sharpe_daily,cal_sharpe_daily,max_drawdown,worst_day,excl_top5_roc,excl_top5_pnl,sharpe_x365,rw_adj_p,holm_reject,candidate_edge
"post-hoc, exploratory; broad search over strategies already seen to fail on training; walk-forward on training only; every grid point is a trial; holdout not run",e_fine_I9_signal_sized,f,109,2180,109,0.19376752557051208,-0.11953758414842022,0.5485720530276893,0.14,2.433944954128441,53.06000000000002,43.0,0.07822427672107692,0.04872954567443628,93.89,-23.65,-0.09318580244799957,-32.29999999999999,1.4944727083541873,0.9905,False,False
"post-hoc, exploratory; broad search over strategies already seen to fail on training; walk-forward on training only; every grid point is a trial; holdout not run",e_fine_I9_signal,e,109,1090,109,0.1926149308727595,-0.12025352472485316,0.547450092351085,0.1415,2.4036697247706424,26.200000000000003,43.0,0.07729538441826926,0.04815308079580786,47.08000000000001,-11.83,-0.09393237450165606,-16.470000000000006,1.4767262458270076,0.9955,False,False
"post-hoc, exploratory; broad search over strategies already seen to fail on training; walk-forward on training only; every grid point is a trial; holdout not run",a_consensus_m3_pre_hyp,a,2,20,2,0.14485007510006787,0.1389521640091116,0.1507479861910241,0.0,12.65,2.5300000000000002,2.0,19.87755729335515,0.13415026314736953,0.0,1.22,,0.0,379.7601988649877,0.9995,True,False
"post-hoc, exploratory; broad search over strategies already seen to fail on training; walk-forward on training only; every grid point is a trial; holdout not run",a_consensus_m3_pre_hyp_sized,f,2,10,2,0.14418872568271673,0.13895216400911162,0.14942528735632185,0.0,12.6,1.26,2.0,22.273863607376228,0.13416783916264452,0.0,0.61,,0.0,425.54156671234796,0.9995,True,False
"post-hoc, exploratory; broad search over strategies already seen to fail on training; walk-forward on training only; every grid point is a trial; holdout not run",a_consensus_m3_pre_all,a,7,70,7,0.11018384840792472,0.09049289424191474,0.13177055907677385,0.0,9.871428571428572,6.91,5.0,4.010095032612295,0.20980826711616057,0.0,0.93,0.0806108866730495,1.49,76.61275802542522,0.9985,True,False
"post-hoc, exploratory; broad search over strategies already seen to fail on training; walk-forward on training only; every grid point is a trial; holdout not run",a_consensus_m3_pre_all_sized,f,7,50,7,0.10788616005520155,0.09328423588324207,0.1281086093916173,0.0,9.7,4.85,5.0,1.8781034921624333,0.19345952008409653,0.0,0.61,0.08003956257231368,0.7400000000000001,35.88111683677844,0.9985,True,False
"post-hoc, exploratory; broad search over strategies already seen to fail on training; walk-forward on training only; every grid point is a trial; holdout not run",a_consensus_m2_pre_hyp,a,118,1180,118,0.021235903460550137,-0.04862752721902268,0.09185640436839405,0.256,1.3889830508474574,16.389999999999997,39.0,0.08280486615846099,0.04916753427862223,22.630000000000003,-16.64,-0.010384514639056186,-1.510000000000003,1.581984746679004,0.9975,False,False
"post-hoc, exploratory; broad search over strategies already seen to fail on training; walk-forward on training only; every grid point is a trial; holdout not run",a_consensus_m2_pre_hyp_sized,f,118,1005,118,0.021204725166424472,-0.04355004971033514,0.08038727894694364,0.2385,1.4865671641791045,14.940000000000001,39.0,0.0831768250703938,0.0493873793564549,20.020000000000003,-16.64,0.00025430915666405037,3.649999999999997,1.5890910117135124,0.9975,False,False
"post-hoc, exploratory; broad search over strategies already seen to fail on training; walk-forward on training only; every grid point is a trial; holdout not run",c_price_ge080,c,88,880,71,-0.011000187227290802,-0.10538057478537301,0.07665689963789168,0.5715,-0.6170454545454553,-5.430000000000007,31.0,-0.029094376621666713,-0.015485180316199217,28.84,-16.799999999999997,-0.03979207397988518,-23.01,-0.5558472848869876,1.0,False,False
"post-hoc, exploratory; broad search over strategies already seen to fail on training; walk-forward on training only; every grid point is a trial; holdout not run",c_price_ge080_sized,f,88,1410,71,-0.01634885869167209,-0.12241989598696626,0.07585371370309416,0.604,-1.121276595744681,-15.810000000000002,31.0,-0.04595282639344439,-0.024446368488993377,53.459999999999994,-33.599999999999994,-0.04883527282368592,-46.40000000000001,-0.8779275155411774,1.0,False,False
"post-hoc, exploratory; broad search over strategies already seen to fail on training; walk-forward on training only; every grid point is a trial; holdout not run",e_fine_I12_signal_sized,f,116,2320,116,-0.018494481718782377,-0.23430600313113856,0.22492651261226437,0.5915,0.5711206896551716,13.249999999999982,38.0,0.020279809069421777,0.011915971914965276,71.79,-44.47,-0.19933269200544199,-64.00000000000001,0.3874452082561528,0.998,False,False
"post-hoc, exploratory; broad search over strategies already seen to fail on training; walk-forward on training only; every grid point is a trial; holdout not run",e_fine_I12_signal,e,116,1160,116,-0.01940682446012165,-0.23495459861188614,0.2236260084422028,0.594,0.538793103448276,6.250000000000003,38.0,0.019131875475324744,0.011241643773594968,35.95,-22.25,-0.19988626760124248,-32.36000000000001,0.3655139677347725,0.9985,False,False
"post-hoc, exploratory; broad search over strategies already seen to fail on training; walk-forward on training only; every grid point is a trial; holdout not run",a_consensus_m3_allphase_hyp,a,596,5960,574,-0.019930016623430462,-0.07756368390284991,0.04034817363135727,0.727,-1.1511744966442956,-68.61000000000001,96.0,-0.09774975231740442,-0.09050430603359418,69.45,-29.06,-0.05808356161276749,-108.46000000000001,-1.8675063958422142,1.0,False,False
"post-hoc, exploratory; broad search over strategies already seen to fail on training; walk-forward on training only; every grid point is a trial; holdout not run",a_consensus_m3_allphase_hyp_sized,f,596,9205,574,-0.021459062962606395,-0.09185650157403269,0.05327458153145019,0.704,-1.3386746333514397,-123.22500000000002,96.0,-0.09833090163577672,-0.09104163137598867,125.30500000000002,-48.68000000000001,-0.07108045541523468,-202.945,-1.878609237980121,1.0,False,False
"post-hoc, exploratory; broad search over strategies already seen to fail on training; walk-forward on training only; every grid point is a trial; holdout not run",a_consensus_m2_pre_all,a,238,2380,222,-0.02867725145080864,-0.09157387861626452,0.0412631263578732,0.803,-0.696218487394958,-16.57,59.0,-0.04224093348106735,-0.030770075244777515,66.66,-25.14,-0.0658734820325679,-47.150000000000006,-0.8070119010234384,1.0,False,False
"post-hoc, exploratory; broad search over strategies already seen to fail on training; walk-forward on training only; every grid point is a trial; holdout not run",a_consensus_m2_pre_all_sized,f,238,2155,222,-0.03617753652538052,-0.12523717263637596,0.0607685686947737,0.7865,-2.0686774941995365,-44.58000000000001,59.0,-0.08251271562573687,-0.060033250254768966,98.42999999999998,-53.41,-0.0870907920902431,-85.43,-1.5764032185883812,1.0,False,False
"post-hoc, exploratory; broad search over strategies already seen to fail on training; walk-forward on training only; every grid point is a trial; holdout not run",a_consensus_m2_allphase_hyp_sized,f,1265,20095,917,-0.05119310714691537,-0.10943062374421793,0.0075986744504701045,0.9595,-1.905548643941279,-382.92,111.0,-0.17677777486822457,-0.17596919005775016,435.35,-95.01,-0.0723165640311363,-460.365,-3.3773346467127965,1.0,False,False
"post-hoc, exploratory; broad search over strategies already seen to fail on training; walk-forward on training only; every grid point is a trial; holdout not run",a_consensus_m2_allphase_hyp,a,1265,12650,917,-0.056091872657597984,-0.10328691354007948,-0.009811428002874358,0.99,-1.791146245059289,-226.58000000000004,111.0,-0.19442793877693254,-0.19353291132073125,236.20999999999998,-53.31,-0.06908032419230209,-264.82000000000005,-3.714540554714946,1.0,False,False
"post-hoc, exploratory; broad search over strategies already seen to fail on training; walk-forward on training only; every grid point is a trial; holdout not run",e_fine_union_sized,f,549,10065,428,-0.05932525230708322,-0.17267347166155025,0.05415774755414813,0.8455,-2.3933432687531053,-240.89000000000004,88.0,-0.11054767228966618,-0.09798095925817532,321.53,-85.86,-0.10357838741778905,-371.02,-2.112010313602221,1.0,False,False
"post-hoc, exploratory; broad search over strategies already seen to fail on training; walk-forward on training only; every grid point is a trial; holdout not run",c_price_040to060_sized,f,236,4135,215,-0.06650916142016636,-0.19272034843684918,0.05996832541358816,0.853,-3.368802902055623,-139.3,67.0,-0.13532549185025955,-0.10459477451698515,180.11000000000007,-43.49,-0.10323531363200471,-202.64000000000004,-2.585389891631019,1.0,False,False
"post-hoc, exploratory; broad search over strategies already seen to fail on training; walk-forward on training only; every grid point is a trial; holdout not run",b_thompson_sized,f,1354,23680,732,-0.06839573945639736,-0.1432108503383409,0.008304701414285241,0.9575,-2.170777027027028,-514.0400000000002,96.0,-0.18659207821993035,-0.17244770405206672,640.6499999999997,-153.01999999999998,-0.09483849391316491,-653.3900000000001,-3.564836648973961,1.0,False,False
"post-hoc, exploratory; broad search over strategies already seen to fail on training; walk-forward on training only; every grid point is a trial; holdout not run",b_thompson,b,1354,13540,732,-0.0697544521752586,-0.15596729482798952,0.02289462153214668,0.9235,-2.7819054652880357,-376.67,96.0,-0.2439229371032722,-0.22503412028747416,431.79999999999995,-76.9,-0.09437701313407677,-458.55000000000007,-4.660141170013706,1.0,False,False
"post-hoc, exploratory; broad search over strategies already seen to fail on training; walk-forward on training only; every grid point is a trial; holdout not run",e_fine_union,e,549,5490,428,-0.07248173350136175,-0.1830863120229484,0.037073175266531797,0.9015,-2.5418943533697633,-139.55,88.0,-0.12149486375181744,-0.10765415408788645,180.02999999999997,-43.0,-0.11915815180145256,-208.27000000000004,-2.3211561128232043,1.0,False,False
"post-hoc, exploratory; broad search over strategies already seen to fail on training; walk-forward on training only; every grid point is a trial; holdout not run",e_fine_I7_placebo_sized,f,151,3020,151,-0.07317068840724203,-0.23637178065284592,0.0930295288154619,0.792,-0.3519867549668882,-10.630000000000024,51.0,-0.013340643578605515,-0.009050737175915749,110.24000000000004,-36.24,-0.16376124641901432,-81.83000000000003,-0.25487263770039503,1.0,False,False
"post-hoc, exploratory; broad search over strategies already seen to fail on training; walk-forward on training only; every grid point is a trial; holdout not run",e_fine_I7_placebo,e,151,1510,151,-0.07379006733703797,-0.23679874308834464,0.09232439413244506,0.7945,-0.38476821192052996,-5.810000000000002,51.0,-0.014579774756313333,-0.009891310015322072,55.400000000000006,-18.15,-0.1643133406682365,-41.400000000000006,-0.2785462056102425,1.0,False,False
"post-hoc, exploratory; broad search over strategies already seen to fail on training; walk-forward on training only; every grid point is a trial; holdout not run",b_hedge_eta0.1_sized,f,6220,69065,1014,-0.07693316240380374,-0.09427638710664292,-0.059101396889355784,1.0,-2.78846014623905,-1925.85,112.0,-0.3030551339145409,-0.3030551339145409,1984.41,-322.365,-0.08170894393073184,-2025.555,-5.78986020384478,1.0,False,False
"post-hoc, exploratory; broad search over strategies already seen to fail on training; walk-forward on training only; every grid point is a trial; holdout not run",b_hedge_eta0.5_sized,f,1599,25925,867,-0.07913988753439126,-0.11611300763526472,-0.0413126613551252,1.0,-2.508621022179364,-650.36,103.0,-0.17389829501381532,-0.16662636890888974,760.65,-233.96,-0.09052683170056995,-756.24,-3.3223222613376713,1.0,False,False
"post-hoc, exploratory; broad search over strategies already seen to fail on training; walk-forward on training only; every grid point is a trial; holdout not run",a_consensus_m2_allphase_all_sized,f,2129,25725,986,-0.08165034319942635,-0.13293741016099284,-0.024970267736703855,0.996,-1.8032653061224493,-463.8900000000001,111.0,-0.2543826229433552,-0.25318092287424737,475.16,-78.69500000000001,-0.09901228473352394,-530.03,-4.859973187402637,1.0,False,False
"post-hoc, exploratory; broad search over strategies already seen to fail on training; walk-forward on training only; every grid point is a trial; holdout not run",a_consensus_m3_allphase_all_sized,f,1676,22185,914,-0.08355904743355815,-0.14591224260391358,-0.016778980927847152,0.9925,-2.6425061978814517,-586.24,111.0,-0.38488435428206436,-0.3829223664623837,596.3500000000001,-57.684999999999995,-0.11277026899641678,-656.3850000000001,-7.353205263860066,1.0,False,False
"post-hoc, exploratory; broad search over strategies already seen to fail on training; walk-forward on training only; every grid point is a trial; holdout not run",b_hedge_eta0.1,b,6220,62200,1014,-0.08642151243266738,-0.10148217217182685,-0.071172174353342,1.0,-3.2813987138263667,-2041.0300000000002,112.0,-0.34374083442704684,-0.34374083442704684,2055.3900000000003,-256.71000000000004,-0.09012239361327823,-2100.4,-6.567159420723688,1.0,False,False
"post-hoc, exploratory; broad search over strategies already seen to fail on training; walk-forward on training only; every grid point is a trial; holdout not run",c_price_040to060,c,236,2360,215,-0.08928446657716785,-0.2092539003610856,0.031571550393867505,0.932,-4.633474576271187,-109.35000000000001,67.0,-0.19230396585952267,-0.14807565428826308,129.73999999999998,-24.01,-0.12192089181600245,-141.01000000000005,-3.673962109104375,1.0,False,False
"post-hoc, exploratory; broad search over strategies already seen to fail on training; walk-forward on training only; every grid point is a trial; holdout not run",a_consensus_m3_allphase_all,a,1676,16760,914,-0.09773031746223834,-0.14638407145247267,-0.04720988830731138,1.0,-3.090513126491647,-517.97,111.0,-0.5268016255798169,-0.5238113877260271,525.6200000000001,-39.32,-0.10399492550890495,-549.24,-10.064530925007942,1.0,False,False
"post-hoc, exploratory; broad search over strategies already seen to fail on training; walk-forward on training only; every grid point is a trial; holdout not run",b_hedge_eta0.5,b,1599,15990,867,-0.09813120659663047,-0.13622532053852696,-0.058606871556176894,1.0,-3.12895559724828,-500.32,103.0,-0.2108221313106421,-0.20189011619401953,558.7,-139.76,-0.10886173354191042,-563.9200000000001,-4.027751163289756,1.0,False,False
"post-hoc, exploratory; broad search over strategies already seen to fail on training; walk-forward on training only; every grid point is a trial; holdout not run",a_consensus_m2_allphase_all,a,2129,21290,986,-0.1040028738842871,-0.1385233110086116,-0.06826252186072689,1.0,-2.936073273837483,-625.09,111.0,-0.5871863690750871,-0.5836769689867999,625.09,-43.470000000000006,-0.10899669929406285,-655.94,-11.218179829636727,1.0,False,False
"post-hoc, exploratory; broad search over strategies already seen to fail on training; walk-forward on training only; every grid point is a trial; holdout not run",d_ctx_consensus_N50,d,495,4950,418,-0.14061086977219417,-0.2513284543705839,-0.020426795743915694,0.9855,-1.942828282828283,-96.17,81.0,-0.12613000291177148,-0.10721015605383259,116.67,-43.410000000000004,-0.22238778625610658,-149.5,-2.409710322134399,1.0,False,False
"post-hoc, exploratory; broad search over strategies already seen to fail on training; walk-forward on training only; every grid point is a trial; holdout not run",d_ctx_consensus_N20_sized,f,683,11495,543,-0.14126273734741765,-0.2453726711433653,-0.03201528102584858,0.9965,-2.5016093953892997,-287.56,98.0,-0.17536838572810587,-0.16382992674603516,363.02,-70.3,-0.19768499111572882,-416.68000000000006,-3.350408304998337,1.0,False,False
"post-hoc, exploratory; broad search over strategies already seen to fail on training; walk-forward on training only; every grid point is a trial; holdout not run",d_ctx_consensus_N20,d,683,6830,543,-0.14219698624387941,-0.24257614890464985,-0.04137616639227559,0.998,-2.476866764275256,-169.17,98.0,-0.19402112890668993,-0.18117689935632275,218.20999999999998,-29.85,-0.1894528927076707,-233.7,-3.7067684630568216,1.0,False,False
"post-hoc, exploratory; broad search over strategies already seen to fail on training; walk-forward on training only; every grid point is a trial; holdout not run",d_ctx_consensus_N50_sized,f,495,8115,418,-0.15827441010594426,-0.279060773780846,-0.026762691634613898,0.9905,-2.6398028342575484,-214.22000000000003,81.0,-0.16072423740150105,-0.13642643076810365,239.17,-86.65,-0.24495662082030892,-315.4,-3.0706322440545257,1.0,False,False
"post-hoc, exploratory; broad search over strategies already seen to fail on training; walk-forward on training only; every grid point is a trial; holdout not run",e_fine_I12_placebo_sized,f,54,1080,54,-0.16573007901395378,-0.4296890734677193,0.1393049972532258,0.875,-4.390740740740742,-47.42000000000001,5.0,-0.6598349901401765,-0.1258655141972487,47.42,-25.85,-0.41894072935804905,-114.96000000000002,-12.606129786252785,1.0,False,False
"post-hoc, exploratory; broad search over strategies already seen to fail on training; walk-forward on training only; every grid point is a trial; holdout not run",e_fine_I12_placebo,e,54,540,54,-0.166350305390012,-0.430074875121927,0.13831595474596797,0.875,-4.422222222222221,-23.879999999999992,5.0,-0.6660253587474263,-0.1266386802761684,23.880000000000003,-12.93,-0.4191896124105413,-57.63,-12.724396612434823,1.0,False,False
"post-hoc, exploratory; broad search over strategies already seen to fail on training; walk-forward on training only; every grid point is a trial; holdout not run",e_fine_I8_fade,e,34,340,34,-0.17166661139760941,-0.4827456764797109,0.17315403091815218,0.84,-5.888235294117648,-20.020000000000003,11.0,-0.22225562465703083,-0.07100697972959125,30.51,-13.620000000000001,-0.48118900358449573,-49.480000000000004,-4.246187746963827,1.0,False,False
"post-hoc, exploratory; broad search over strategies already seen to fail on training; walk-forward on training only; every grid point is a trial; holdout not run",e_fine_I8_fade_sized,f,34,295,34,-0.22109586890512029,-0.5509778188456557,0.16625405702449164,0.873,-8.94915254237288,-26.4,11.0,-0.3312144981190846,-0.10292352958503104,32.599999999999994,-13.620000000000001,-0.5638679744417764,-53.38000000000001,-6.327844101584768,1.0,False,False
"post-hoc, exploratory; broad search over strategies already seen to fail on training; walk-forward on training only; every grid point is a trial; holdout not run",e_fine_I13_placebo,e,17,170,17,-0.27360644059218886,-0.7077862896224334,0.16143910309753218,0.8825,-14.099999999999998,-23.97,8.0,-0.21664434356606962,-0.06014184971245386,37.89,-35.91,-0.7480357069398166,-46.3,-4.138984372246194,1.0,False,False
"post-hoc, exploratory; broad search over strategies already seen to fail on training; walk-forward on training only; every grid point is a trial; holdout not run",e_fine_I8_placebo_sized,f,44,440,44,-0.36681382670539375,-0.6872259076817445,0.07288238976715465,0.9575,-9.654545454545453,-42.48,7.0,-0.6271876205925041,-0.14098034300217893,52.12,-20.78,-0.7035664020705786,-73.42000000000002,-11.982402666825118,1.0,False,False
"post-hoc, exploratory; broad search over strategies already seen to fail on training; walk-forward on training only; every grid point is a trial; holdout not run",e_fine_I8_placebo,e,44,440,44,-0.36681382670539375,-0.6872259076817445,0.07288238976715465,0.9575,-9.654545454545453,-42.48,7.0,-0.6271876205925041,-0.14098034300217893,52.12,-20.78,-0.7035664020705786,-73.42000000000002,-11.982402666825118,1.0,False,False
"post-hoc, exploratory; broad search over strategies already seen to fail on training; walk-forward on training only; every grid point is a trial; holdout not run",c_price_le020_sized,f,133,2660,123,-0.3898137752627758,-0.6914723981658837,-0.06258618217144578,0.99,-4.106015037593985,-109.22000000000001,34.0,-0.2812722122808268,-0.15233603266597914,117.79000000000002,-29.02,-0.6418624830993462,-194.79000000000002,-5.373698070369504,1.0,False,False
"post-hoc, exploratory; broad search over strategies already seen to fail on training; walk-forward on training only; every grid point is a trial; holdout not run",c_price_le020,c,133,1330,123,-0.39101698757982084,-0.6920532194326847,-0.06433123638515698,0.99,-4.134586466165414,-54.99000000000001,34.0,-0.28313712503906635,-0.15329129504122108,59.19000000000001,-14.559999999999999,-0.6425612375654295,-97.76,-5.409327178588533,1.0,False,False
"post-hoc, exploratory; broad search over strategies already seen to fail on training; walk-forward on training only; every grid point is a trial; holdout not run",e_fine_I13_placebo_sized,f,17,250,17,-0.4581105283333006,-0.8334286722911788,-0.0210909372553575,0.9825,-27.504,-68.76,8.0,-0.3294999468231084,-0.0887482953050171,75.71,-71.75999999999999,-0.9160761572109088,-97.45,-6.295087645068765,1.0,False,False
"post-hoc, exploratory; broad search over strategies already seen to fail on training; walk-forward on training only; every grid point is a trial; holdout not run",e_fine_I9_placebo_sized,f,24,480,24,-0.490628564877675,-0.8105641581752079,-0.1215582477430589,0.998,-23.231250000000003,-111.51000000000002,3.0,-0.9514696962245438,-0.12461029943889601,111.50999999999999,-82.25,-0.8604881259663888,-155.85999999999999,-18.177803022760294,1.0,False,False
"post-hoc, exploratory; broad search over strategies already seen to fail on training; walk-forward on training only; every grid point is a trial; holdout not run",e_fine_I9_placebo,e,24,240,24,-0.4909711753511517,-0.8106176618695594,-0.12252572814213045,0.998,-23.266666666666666,-55.839999999999996,3.0,-0.9513920136558868,-0.12460591684384245,55.839999999999996,-41.19,-0.8605280626364149,-78.0,-18.176318899369974,1.0,False,False
"post-hoc, exploratory; broad search over strategies already seen to fail on training; walk-forward on training only; every grid point is a trial; holdout not run",e_fine_I7_signal,e,0,0,0,,,,,,,,,,,,,,,1.0,False,False
"post-hoc, exploratory; broad search over strategies already seen to fail on training; walk-forward on training only; every grid point is a trial; holdout not run",e_fine_I13_signal,e,0,0,0,,,,,,,,,,,,,,,1.0,False,False
"post-hoc, exploratory; broad search over strategies already seen to fail on training; walk-forward on training only; every grid point is a trial; holdout not run",e_fine_I7_signal_sized,f,0,0,0,,,,,,,,,,,,,,,1.0,False,False
"post-hoc, exploratory; broad search over strategies already seen to fail on training; walk-forward on training only; every grid point is a trial; holdout not run",e_fine_I13_signal_sized,f,0,0,0,,,,,,,,,,,,,,,1.0,False,False
