kind,game_id,game_b,lag_s
real,cfb_20261003_mtu_ku,,0.1
placebo,cfb_20261003_mtu_ku,cfb_20261003_navy_afa,-1.9
real,cfb_20261003_navy_afa,,0.1
placebo,cfb_20261003_navy_afa,cfb_20261003_nd_unc,-0.2
real,cfb_20261003_nd_unc,,0.2
placebo,cfb_20261003_nd_unc,cfb_20261003_wvu_isu,2.5
real,cfb_20261003_wvu_isu,,0.1
placebo,cfb_20261003_wvu_isu,cfb_20261003_prin_clmb,-2.0
real,cfb_20261003_prin_clmb,,0.1
placebo,cfb_20261003_prin_clmb,cfb_20261003_for_leh,-1.2
real,cfb_20261003_for_leh,,0.1
placebo,cfb_20261003_for_leh,cfb_20261003_syr_conn,-1.8
real,cfb_20261003_syr_conn,,0.1
placebo,cfb_20261003_syr_conn,cfb_20261003_brwn_uri,0.6
real,cfb_20261003_brwn_uri,,0.1
placebo,cfb_20261003_brwn_uri,cfb_20261003_mhu_liu,1.3
real,cfb_20261003_mhu_liu,,0.1
placebo,cfb_20261003_mhu_liu,cfb_20261003_mich_minn,1.4
real,cfb_20261003_mich_minn,,0.1
placebo,cfb_20261003_mich_minn,cfb_20261003_mrmk_yale,-0.7
real,cfb_20261003_mrmk_yale,,0.1
placebo,cfb_20261003_mrmk_yale,cfb_20261003_ucf_hou,-0.4
real,cfb_20261003_ucf_hou,,0.1
placebo,cfb_20261003_ucf_hou,cfb_20261003_ust_pre,-0.5
real,cfb_20261003_ust_pre,,0.1
placebo,cfb_20261003_ust_pre,cfb_20261003_ala_msst,-1.0
real,cfb_20261003_ala_msst,,0.1
placebo,cfb_20261003_ala_msst,cfb_20261003_bc_smu,-1.2
real,cfb_20261003_bc_smu,,0.1
placebo,cfb_20261003_bc_smu,cfb_20261003_msu_wis,0.8
real,cfb_20261003_msu_wis,,0.0
placebo,cfb_20261003_msu_wis,cfb_20261003_cor_gtwn,2.8
real,cfb_20261003_cor_gtwn,,0.1
placebo,cfb_20261003_cor_gtwn,cfb_20261003_rich_laf,0.7
real,cfb_20261003_rich_laf,,0.1
placebo,cfb_20261003_rich_laf,cfb_20261003_wmu_buff,-0.4
real,cfb_20261003_wmu_buff,,0.1
placebo,cfb_20261003_wmu_buff,cfb_20261003_day_drke,3.0
real,cfb_20261003_day_drke,,0.1
placebo,cfb_20261003_day_drke,cfb_20261003_valp_more,-0.2
real,cfb_20261003_valp_more,,0.1
placebo,cfb_20261003_valp_more,cfb_20261003_elon_unh,-2.4
real,cfb_20261003_elon_unh,,0.1
placebo,cfb_20261003_elon_unh,cfb_20261003_mrst_stet,1.8
real,cfb_20261003_mrst_stet,,0.1
placebo,cfb_20261003_mrst_stet,cfb_20261003_morg_vill,-1.9
real,cfb_20261003_morg_vill,,0.1
placebo,cfb_20261003_morg_vill,cfb_20261003_tows_monm,-1.1
real,cfb_20261003_tows_monm,,0.1
placebo,cfb_20261003_tows_monm,cfb_20261003_penn_dart,-1.5
real,cfb_20261003_penn_dart,,0.1
placebo,cfb_20261003_penn_dart,cfb_20261003_mer_vmi,1.7
real,cfb_20261003_mer_vmi,,0.7
placebo,cfb_20261003_mer_vmi,cfb_20261003_tol_ball,-1.9
real,cfb_20261003_tol_ball,,0.1
placebo,cfb_20261003_tol_ball,cfb_20261003_norf_rmu,-1.9
real,cfb_20261003_norf_rmu,,0.1
placebo,cfb_20261003_norf_rmu,cfb_20261003_wof_fur,-2.2
real,cfb_20261003_wof_fur,,0.1
placebo,cfb_20261003_wof_fur,cfb_20261003_cit_scst,0.4
real,cfb_20261003_cit_scst,,0.1
real,cfb_20261003_pv_mvsu,,0.1
placebo,cfb_20261003_pv_mvsu,cfb_20261003_inst_sdak,2.8
real,cfb_20261003_inst_sdak,,0.1
placebo,cfb_20261003_inst_sdak,cfb_20261003_alcn_gram,2.7
real,cfb_20261003_alcn_gram,,0.1
placebo,cfb_20261003_alcn_gram,cfb_20261003_how_hamp,2.6
real,cfb_20261003_how_hamp,,0.1
placebo,cfb_20261003_how_hamp,cfb_20261003_shu_me,3.0
real,cfb_20261003_shu_me,,0.1
placebo,cfb_20261003_shu_me,cfb_20261003_chat_etsu,-0.9
real,cfb_20261003_chat_etsu,,0.1
placebo,cfb_20261003_chat_etsu,cfb_20261003_cal_unlv,-2.8
real,cfb_20261003_cal_unlv,,0.1
placebo,cfb_20261003_cal_unlv,cfb_20261003_osu_iowa,1.3
real,cfb_20261003_osu_iowa,,0.1
placebo,cfb_20261003_osu_iowa,cfb_20261003_ohio_kent,-1.5
real,cfb_20261003_ohio_kent,,-1.2
placebo,cfb_20261003_ohio_kent,cfb_20261003_odu_gast,0.0
real,cfb_20261003_odu_gast,,0.1
placebo,cfb_20261003_odu_gast,cfb_20261003_bgsu_moh,-1.0
real,cfb_20261003_bgsu_moh,,0.1
placebo,cfb_20261003_bgsu_moh,cfb_20261003_aub_tenn,-1.6
real,cfb_20261003_aub_tenn,,0.1
placebo,cfb_20261003_aub_tenn,cfb_20261003_lou_ncst,-1.0
real,cfb_20261003_lou_ncst,,0.1
placebo,cfb_20261003_lou_ncst,cfb_20261003_wyo_ndsu,-2.0
real,cfb_20261003_wyo_ndsu,,0.1
placebo,cfb_20261003_wyo_ndsu,cfb_20261003_akr_cmu,-2.8
real,cfb_20261003_akr_cmu,,0.1
placebo,cfb_20261003_akr_cmu,cfb_20261003_hc_wm,-0.6
real,cfb_20261003_hc_wm,,0.1
placebo,cfb_20261003_hc_wm,cfb_20261003_dsu_alby,-2.2
real,cfb_20261003_dsu_alby,,0.1
placebo,cfb_20261003_dsu_alby,cfb_20261003_emu_mass,1.8
real,cfb_20261003_emu_mass,,0.1
placebo,cfb_20261003_emu_mass,cfb_20261003_fla_mizz,1.8
real,cfb_20261003_fla_mizz,,0.3
placebo,cfb_20261003_fla_mizz,cfb_20261003_uva_fsu,0.6
real,cfb_20261003_uva_fsu,,0.1
placebo,cfb_20261003_uva_fsu,cfb_20261003_mrsh_jmu,-3.0
real,cfb_20261003_mrsh_jmu,,0.1
placebo,cfb_20261003_mrsh_jmu,cfb_20261003_md_neb,0.0
real,cfb_20261003_md_neb,,0.1
placebo,cfb_20261003_md_neb,cfb_20261003_alst_cook,0.0
real,cfb_20261003_alst_cook,,0.1
placebo,cfb_20261003_alst_cook,cfb_20261003_unco_mont,-0.3
real,cfb_20261003_unco_mont,,0.1
placebo,cfb_20261003_unco_mont,cfb_20261003_tnst_wiu,1.4
real,cfb_20261003_tnst_wiu,,0.1
placebo,cfb_20261003_tnst_wiu,cfb_20261003_uk_scar,1.5
real,cfb_20261003_uk_scar,,0.1
placebo,cfb_20261003_uk_scar,cfb_20261003_pur_ill,-1.4
real,cfb_20261003_pur_ill,,0.1
real,cfb_20261003_aamu_jkst,,0.1
placebo,cfb_20261003_aamu_jkst,cfb_20261003_ysu_siu,0.9
real,cfb_20261003_ysu_siu,,0.1
real,cfb_20261003_camp_nccu,,0.1
placebo,cfb_20261003_camp_nccu,cfb_20261003_iw_sfa,-1.4
real,cfb_20261003_iw_sfa,,0.1
placebo,cfb_20261003_iw_sfa,cfb_20261003_webb_chso,-1.5
real,cfb_20261003_webb_chso,,0.1
placebo,cfb_20261003_webb_chso,cfb_20261003_orst_csu,-1.9
real,cfb_20261003_orst_csu,,0.1
placebo,cfb_20261003_orst_csu,cfb_20261003_tntc_wcu,1.0
real,cfb_20261003_tntc_wcu,,0.1
placebo,cfb_20261003_tntc_wcu,cfb_20261003_ncat_bry,1.1
real,cfb_20261003_ncat_bry,,0.1
placebo,cfb_20261003_ncat_bry,cfb_20261003_una_eky,-1.5
real,cfb_20261003_una_eky,,0.1
real,cfb_20261003_gaso_ccar,,0.1
placebo,cfb_20261003_gaso_ccar,cfb_20261003_ark_txam,2.4
real,cfb_20261003_ark_txam,,0.1
placebo,cfb_20261003_ark_txam,cfb_20261003_utsa_rice,-0.8
real,cfb_20261003_utsa_rice,,0.1
placebo,cfb_20261003_utsa_rice,cfb_20261003_utrgv_etam,-1.1
real,cfb_20261003_utrgv_etam,,0.1
placebo,cfb_20261003_utrgv_etam,cfb_20261003_sdst_ilst,-0.6
real,cfb_20261003_sdst_ilst,,0.1
placebo,cfb_20261003_sdst_ilst,cfb_20261003_colg_harv,0.9
real,cfb_20261003_colg_harv,,0.1
placebo,cfb_20261003_colg_harv,cfb_20261003_arpb_sou,-0.8
real,cfb_20261003_arpb_sou,,0.1
placebo,cfb_20261003_arpb_sou,cfb_20261003_nich_hcu,-1.8
real,cfb_20261003_nich_hcu,,0.1
placebo,cfb_20261003_nich_hcu,cfb_20261003_ulm_usa,-1.4
real,cfb_20261003_ulm_usa,,0.1
placebo,cfb_20261003_ulm_usa,cfb_20261003_byu_tcu,2.7
real,cfb_20261003_byu_tcu,,0.1
placebo,cfb_20261003_byu_tcu,cfb_20261003_tem_usf,-1.3
real,cfb_20261003_tem_usf,,0.1
placebo,cfb_20261003_tem_usf,cfb_20261003_usu_bsu,0.5
real,cfb_20261003_usu_bsu,,0.0
placebo,cfb_20261003_usu_bsu,cfb_20261003_ttu_colo,1.8
real,cfb_20261003_ttu_colo,,0.3
placebo,cfb_20261003_ttu_colo,cfb_20261003_mia_clem,-2.6
real,cfb_20261003_mia_clem,,0.1
placebo,cfb_20261003_mia_clem,cfb_20261003_army_lt,1.4
real,cfb_20261003_army_lt,,0.1
placebo,cfb_20261003_army_lt,cfb_20261003_wash_usc,1.0
real,cfb_20261003_wash_usc,,0.2
placebo,cfb_20261003_wash_usc,cfb_20261004_web_cp,-2.9
real,cfb_20261004_web_cp,,0.1
placebo,cfb_20261004_web_cp,cfb_20261004_uwfl_ac,0.5
real,cfb_20261004_uwfl_ac,,0.1
placebo,cfb_20261004_uwfl_ac,cfb_20261004_nau_idst,1.1
real,cfb_20261004_nau_idst,,0.1
placebo,cfb_20261004_nau_idst,cfb_20261004_suu_utu,2.1
real,cfb_20261004_suu_utu,,0.1
placebo,cfb_20261004_suu_utu,cfb_20261004_arst_ull,-2.3
real,cfb_20261004_arst_ull,,0.1
