venue,scenario,n,design,reps,n_placebo,kalshi_leads,reverse,mw_sig
Polymarket US,lead,30,D1,500,29.0,0.62,0.0,0.62
Polymarket US,lead,30,D2,500,135.0,0.892,0.0,0.892
Polymarket US,lead,40,D1,500,39.0,0.72,0.0,0.72
Polymarket US,lead,40,D2,500,185.0,0.958,0.0,0.958
Polymarket US,lead,60,D1,500,59.0,0.838,0.0,0.838
Polymarket US,lead,60,D2,500,285.0,1.0,0.0,1.0
Polymarket US,rev,30,D1,500,29.0,0.0,0.534,0.534
Polymarket US,rev,30,D2,500,135.0,0.0,0.862,0.862
Polymarket US,rev,40,D1,500,39.0,0.0,0.688,0.688
Polymarket US,rev,40,D2,500,185.0,0.0,0.944,0.944
Polymarket US,rev,60,D1,500,59.0,0.0,0.756,0.756
Polymarket US,rev,60,D2,500,285.0,0.0,1.0,1.0
Polymarket US,shift_clustered,30,D1,500,29.0,0.008,0.0,0.016
Polymarket US,shift_clustered,30,D2,500,135.0,0.004,0.0,0.01
Polymarket US,shift_clustered,40,D1,500,39.0,0.004,0.0,0.004
Polymarket US,shift_clustered,40,D2,500,185.0,0.01,0.0,0.01
Polymarket US,shift_clustered,60,D1,500,59.0,0.01,0.0,0.01
Polymarket US,shift_clustered,60,D2,500,285.0,0.006,0.0,0.006
Polymarket US,shift_iid,30,D1,500,29.0,0.028,0.0,0.034
Polymarket US,shift_iid,30,D2,500,135.0,0.014,0.0,0.032
Polymarket US,shift_iid,40,D1,500,39.0,0.04,0.0,0.052
Polymarket US,shift_iid,40,D2,500,185.0,0.038,0.0,0.06
Polymarket US,shift_iid,60,D1,500,59.0,0.022,0.0,0.028
Polymarket US,shift_iid,60,D2,500,285.0,0.032,0.0,0.044
Polymarket US,zero,30,D1,500,29.0,0.0,0.0,0.112
Polymarket US,zero,30,D2,500,135.0,0.0,0.0,0.0
Polymarket US,zero,40,D1,500,39.0,0.0,0.0,0.082
Polymarket US,zero,40,D2,500,185.0,0.0,0.0,0.002
Polymarket US,zero,60,D1,500,59.0,0.0,0.0,0.088
Polymarket US,zero,60,D2,500,285.0,0.0,0.0,0.002
polymarket.com,lead,30,D1,500,29.0,0.616,0.0,0.616
polymarket.com,lead,30,D2,500,135.0,0.928,0.0,0.928
polymarket.com,lead,40,D1,500,39.0,0.736,0.0,0.736
polymarket.com,lead,40,D2,500,185.0,0.992,0.0,0.992
polymarket.com,lead,60,D1,500,59.0,0.852,0.0,0.852
polymarket.com,lead,60,D2,500,285.0,1.0,0.0,1.0
polymarket.com,rev,30,D1,500,29.0,0.0,0.488,0.488
polymarket.com,rev,30,D2,500,135.0,0.0,0.854,0.854
polymarket.com,rev,40,D1,500,39.0,0.0,0.632,0.632
polymarket.com,rev,40,D2,500,185.0,0.0,0.95,0.95
polymarket.com,rev,60,D1,500,59.0,0.0,0.834,0.834
polymarket.com,rev,60,D2,500,285.0,0.0,1.0,1.0
polymarket.com,shift_clustered,30,D1,500,29.0,0.008,0.0,0.008
polymarket.com,shift_clustered,30,D2,500,135.0,0.004,0.0,0.004
polymarket.com,shift_clustered,40,D1,500,39.0,0.004,0.0,0.006
polymarket.com,shift_clustered,40,D2,500,185.0,0.008,0.0,0.008
polymarket.com,shift_clustered,60,D1,500,59.0,0.004,0.0,0.004
polymarket.com,shift_clustered,60,D2,500,285.0,0.008,0.0,0.008
polymarket.com,shift_iid,30,D1,500,29.0,0.052,0.0,0.054
polymarket.com,shift_iid,30,D2,500,135.0,0.046,0.0,0.05
polymarket.com,shift_iid,40,D1,500,39.0,0.058,0.0,0.058
polymarket.com,shift_iid,40,D2,500,185.0,0.036,0.0,0.04
polymarket.com,shift_iid,60,D1,500,59.0,0.048,0.0,0.048
polymarket.com,shift_iid,60,D2,500,285.0,0.058,0.0,0.058
polymarket.com,zero,30,D1,500,29.0,0.0,0.0,0.12
polymarket.com,zero,30,D2,500,135.0,0.0,0.0,0.0
polymarket.com,zero,40,D1,500,39.0,0.0,0.0,0.11
polymarket.com,zero,40,D2,500,185.0,0.0,0.0,0.0
polymarket.com,zero,60,D1,500,59.0,0.0,0.0,0.088
polymarket.com,zero,60,D2,500,285.0,0.0,0.0,0.002
