venue,scenario,n,design,reps,n_placebo_median,kalshi_leads_k,kalshi_leads_rate,kalshi_leads_lo,kalshi_leads_hi,other_leads_k,other_leads_rate,other_leads_lo,other_leads_hi,mw_p_lt_0.05_k,mw_p_lt_0.05_rate,mw_p_lt_0.05_lo,mw_p_lt_0.05_hi
Polymarket US,lead,30,D1,500,29,310,0.62,0.576692488727469,0.6614776695331114,0,0.0,4.336808689942018e-19,0.007624340580914839,310,0.62,0.576692488727469,0.6614776695331114
Polymarket US,lead,30,D2,500,135,446,0.892,0.8617453264524084,0.9162771905321545,0,0.0,4.336808689942018e-19,0.007624340580914839,446,0.892,0.8617453264524084,0.9162771905321545
Polymarket US,lead,40,D1,500,39,360,0.72,0.679081332904201,0.7575639572401965,0,0.0,4.336808689942018e-19,0.007624340580914839,360,0.72,0.679081332904201,0.7575639572401965
Polymarket US,lead,40,D2,500,185,479,0.958,0.936648414045857,0.9723676899820252,0,0.0,4.336808689942018e-19,0.007624340580914839,479,0.958,0.936648414045857,0.9723676899820252
Polymarket US,lead,60,D1,500,59,419,0.838,0.8031477339432328,0.8676982118240687,0,0.0,4.336808689942018e-19,0.007624340580914839,419,0.838,0.8031477339432328,0.8676982118240687
Polymarket US,lead,60,D2,500,285,500,1.0,0.9923756594190853,1.0,0,0.0,4.336808689942018e-19,0.007624340580914839,500,1.0,0.9923756594190853,1.0
Polymarket US,zero,30,D1,500,29,0,0.0,4.336808689942018e-19,0.007624340580914839,0,0.0,4.336808689942018e-19,0.007624340580914839,56,0.112,0.08726280002114901,0.14265368826964092
Polymarket US,zero,30,D2,500,135,0,0.0,4.336808689942018e-19,0.007624340580914839,0,0.0,4.336808689942018e-19,0.007624340580914839,0,0.0,4.336808689942018e-19,0.007624340580914839
Polymarket US,zero,40,D1,500,39,0,0.0,4.336808689942018e-19,0.007624340580914839,0,0.0,4.336808689942018e-19,0.007624340580914839,41,0.082,0.061019089325893075,0.10935485939975174
Polymarket US,zero,40,D2,500,185,0,0.0,4.336808689942018e-19,0.007624340580914839,0,0.0,4.336808689942018e-19,0.007624340580914839,1,0.002,0.0003531363906594037,0.011240706827931778
Polymarket US,zero,60,D1,500,59,0,0.0,4.336808689942018e-19,0.007624340580914839,0,0.0,4.336808689942018e-19,0.007624340580914839,44,0.088,0.06620598432582234,0.11607647231285151
Polymarket US,zero,60,D2,500,285,0,0.0,4.336808689942018e-19,0.007624340580914839,0,0.0,4.336808689942018e-19,0.007624340580914839,1,0.002,0.0003531363906594037,0.011240706827931778
Polymarket US,rev,30,D1,500,29,0,0.0,4.336808689942018e-19,0.007624340580914839,267,0.534,0.49018232196049,0.5772992228800079,267,0.534,0.49018232196049,0.5772992228800079
Polymarket US,rev,30,D2,500,135,0,0.0,4.336808689942018e-19,0.007624340580914839,431,0.862,0.8289979861228126,0.8894819912966051,431,0.862,0.8289979861228126,0.8894819912966051
Polymarket US,rev,40,D1,500,39,0,0.0,4.336808689942018e-19,0.007624340580914839,344,0.688,0.6460861963720338,0.7270470515695421,344,0.688,0.6460861963720338,0.7270470515695421
Polymarket US,rev,40,D2,500,185,0,0.0,4.336808689942018e-19,0.007624340580914839,472,0.944,0.9202552061365208,0.9609743794276269,472,0.944,0.9202552061365208,0.9609743794276269
Polymarket US,rev,60,D1,500,59,0,0.0,4.336808689942018e-19,0.007624340580914839,378,0.756,0.7164951928186016,0.7916011448039699,378,0.756,0.7164951928186016,0.7916011448039699
Polymarket US,rev,60,D2,500,285,0,0.0,4.336808689942018e-19,0.007624340580914839,500,1.0,0.9923756594190853,1.0,500,1.0,0.9923756594190853,1.0
Polymarket US,shift_iid,30,D1,500,29,14,0.028,0.016750974654044105,0.04644640285433951,0,0.0,4.336808689942018e-19,0.007624340580914839,17,0.034,0.021334519731109065,0.05377136569030357
Polymarket US,shift_iid,30,D2,500,135,7,0.014,0.00679778975361831,0.028613069291030913,0,0.0,4.336808689942018e-19,0.007624340580914839,16,0.032,0.01979151355262011,0.05134486923111618
Polymarket US,shift_iid,40,D1,500,39,20,0.04,0.026040797302449202,0.06097359603199246,0,0.0,4.336808689942018e-19,0.007624340580914839,26,0.052,0.03573026501044807,0.07510114415005163
Polymarket US,shift_iid,40,D2,500,185,19,0.038,0.024460117971724295,0.05858477272504103,0,0.0,4.336808689942018e-19,0.007624340580914839,30,0.06,0.04234835636483994,0.08436106334636512
Polymarket US,shift_iid,60,D1,500,59,11,0.022,0.012328008214938036,0.03896086138041656,0,0.0,4.336808689942018e-19,0.007624340580914839,14,0.028,0.016750974654044105,0.04644640285433951
Polymarket US,shift_iid,60,D2,500,285,16,0.032,0.01979151355262011,0.05134486923111618,0,0.0,4.336808689942018e-19,0.007624340580914839,22,0.044,0.02923395553505064,0.0657194430747437
Polymarket US,shift_clustered,30,D1,500,29,4,0.008,0.0031153151584348837,0.020387035973185322,0,0.0,4.336808689942018e-19,0.007624340580914839,8,0.016,0.008129252991443795,0.03125110869088177
Polymarket US,shift_clustered,30,D2,500,135,2,0.004,0.001097630512817676,0.014465715343449847,0,0.0,4.336808689942018e-19,0.007624340580914839,5,0.01,0.004278753869497569,0.02319309989979898
Polymarket US,shift_clustered,40,D1,500,39,2,0.004,0.001097630512817676,0.014465715343449847,0,0.0,4.336808689942018e-19,0.007624340580914839,2,0.004,0.001097630512817676,0.014465715343449847
Polymarket US,shift_clustered,40,D2,500,185,5,0.01,0.004278753869497569,0.02319309989979898,0,0.0,4.336808689942018e-19,0.007624340580914839,5,0.01,0.004278753869497569,0.02319309989979898
Polymarket US,shift_clustered,60,D1,500,59,5,0.01,0.004278753869497569,0.02319309989979898,0,0.0,4.336808689942018e-19,0.007624340580914839,5,0.01,0.004278753869497569,0.02319309989979898
Polymarket US,shift_clustered,60,D2,500,285,3,0.006,0.002042596256088514,0.01749025223785535,0,0.0,4.336808689942018e-19,0.007624340580914839,3,0.006,0.002042596256088514,0.01749025223785535
polymarket.com,lead,30,D1,500,29,308,0.616,0.5726388272842253,0.6575923257010023,0,0.0,4.336808689942018e-19,0.007624340580914839,308,0.616,0.5726388272842253,0.6575923257010023
polymarket.com,lead,30,D2,500,135,464,0.928,0.9019315957497824,0.9475419687129547,0,0.0,4.336808689942018e-19,0.007624340580914839,464,0.928,0.9019315957497824,0.9475419687129547
polymarket.com,lead,40,D1,500,39,368,0.736,0.6956691423847576,0.7727321688610507,0,0.0,4.336808689942018e-19,0.007624340580914839,368,0.736,0.6956691423847576,0.7727321688610507
polymarket.com,lead,40,D2,500,185,496,0.992,0.9796129640268147,0.9968846848415651,0,0.0,4.336808689942018e-19,0.007624340580914839,496,0.992,0.9796129640268147,0.9968846848415651
polymarket.com,lead,60,D1,500,59,426,0.852,0.8181938694168279,0.880438594814208,0,0.0,4.336808689942018e-19,0.007624340580914839,426,0.852,0.8181938694168279,0.880438594814208
polymarket.com,lead,60,D2,500,285,500,1.0,0.9923756594190853,1.0,0,0.0,4.336808689942018e-19,0.007624340580914839,500,1.0,0.9923756594190853,1.0
polymarket.com,zero,30,D1,500,29,0,0.0,4.336808689942018e-19,0.007624340580914839,0,0.0,4.336808689942018e-19,0.007624340580914839,60,0.12,0.0943748999461579,0.15141959889533738
polymarket.com,zero,30,D2,500,135,0,0.0,4.336808689942018e-19,0.007624340580914839,0,0.0,4.336808689942018e-19,0.007624340580914839,0,0.0,4.336808689942018e-19,0.007624340580914839
polymarket.com,zero,40,D1,500,39,0,0.0,4.336808689942018e-19,0.007624340580914839,0,0.0,4.336808689942018e-19,0.007624340580914839,55,0.11,0.08549141498551378,0.1404555706675998
polymarket.com,zero,40,D2,500,185,0,0.0,4.336808689942018e-19,0.007624340580914839,0,0.0,4.336808689942018e-19,0.007624340580914839,0,0.0,4.336808689942018e-19,0.007624340580914839
polymarket.com,zero,60,D1,500,59,0,0.0,4.336808689942018e-19,0.007624340580914839,0,0.0,4.336808689942018e-19,0.007624340580914839,44,0.088,0.06620598432582234,0.11607647231285151
polymarket.com,zero,60,D2,500,285,0,0.0,4.336808689942018e-19,0.007624340580914839,0,0.0,4.336808689942018e-19,0.007624340580914839,1,0.002,0.0003531363906594037,0.011240706827931778
polymarket.com,rev,30,D1,500,29,0,0.0,4.336808689942018e-19,0.007624340580914839,244,0.488,0.44444523668072755,0.5317377474932145,244,0.488,0.44444523668072755,0.5317377474932145
polymarket.com,rev,30,D2,500,135,0,0.0,4.336808689942018e-19,0.007624340580914839,427,0.854,0.8203507334933232,0.882251233375389,427,0.854,0.8203507334933232,0.882251233375389
polymarket.com,rev,40,D1,500,39,0,0.0,4.336808689942018e-19,0.007624340580914839,316,0.632,0.5888717221512443,0.6731154519353943,316,0.632,0.5888717221512443,0.6731154519353943
polymarket.com,rev,40,D2,500,185,0,0.0,4.336808689942018e-19,0.007624340580914839,475,0.95,0.9272318386186077,0.965906254858569,475,0.95,0.9272318386186077,0.965906254858569
polymarket.com,rev,60,D1,500,59,0,0.0,4.336808689942018e-19,0.007624340580914839,417,0.834,0.7988646835061722,0.8640422569857767,417,0.834,0.7988646835061722,0.8640422569857767
polymarket.com,rev,60,D2,500,285,0,0.0,4.336808689942018e-19,0.007624340580914839,500,1.0,0.9923756594190853,1.0,500,1.0,0.9923756594190853,1.0
polymarket.com,shift_iid,30,D1,500,29,26,0.052,0.03573026501044807,0.07510114415005163,0,0.0,4.336808689942018e-19,0.007624340580914839,27,0.054,0.03737435007301449,0.07742656172516155
polymarket.com,shift_iid,30,D2,500,135,23,0.046,0.030845108274245074,0.06807779297322561,0,0.0,4.336808689942018e-19,0.007624340580914839,25,0.05,0.034093745141431014,0.07276816138139236
polymarket.com,shift_iid,40,D1,500,39,29,0.058,0.04068372899829183,0.08205618807523692,0,0.0,4.336808689942018e-19,0.007624340580914839,29,0.058,0.04068372899829183,0.08205618807523692
polymarket.com,shift_iid,40,D2,500,185,18,0.036,0.022891060899486528,0.05618432715960245,0,0.0,4.336808689942018e-19,0.007624340580914839,20,0.04,0.026040797302449202,0.06097359603199246
polymarket.com,shift_iid,60,D1,500,59,24,0.048,0.032465206841829145,0.07042719704331789,0,0.0,4.336808689942018e-19,0.007624340580914839,24,0.048,0.032465206841829145,0.07042719704331789
polymarket.com,shift_iid,60,D2,500,285,29,0.058,0.04068372899829183,0.08205618807523692,0,0.0,4.336808689942018e-19,0.007624340580914839,29,0.058,0.04068372899829183,0.08205618807523692
polymarket.com,shift_clustered,30,D1,500,29,4,0.008,0.0031153151584348837,0.020387035973185322,0,0.0,4.336808689942018e-19,0.007624340580914839,4,0.008,0.0031153151584348837,0.020387035973185322
polymarket.com,shift_clustered,30,D2,500,135,2,0.004,0.001097630512817676,0.014465715343449847,0,0.0,4.336808689942018e-19,0.007624340580914839,2,0.004,0.001097630512817676,0.014465715343449847
polymarket.com,shift_clustered,40,D1,500,39,2,0.004,0.001097630512817676,0.014465715343449847,0,0.0,4.336808689942018e-19,0.007624340580914839,3,0.006,0.002042596256088514,0.01749025223785535
polymarket.com,shift_clustered,40,D2,500,185,4,0.008,0.0031153151584348837,0.020387035973185322,0,0.0,4.336808689942018e-19,0.007624340580914839,4,0.008,0.0031153151584348837,0.020387035973185322
polymarket.com,shift_clustered,60,D1,500,59,2,0.004,0.001097630512817676,0.014465715343449847,0,0.0,4.336808689942018e-19,0.007624340580914839,2,0.004,0.001097630512817676,0.014465715343449847
polymarket.com,shift_clustered,60,D2,500,285,4,0.008,0.0031153151584348837,0.020387035973185322,0,0.0,4.336808689942018e-19,0.007624340580914839,4,0.008,0.0031153151584348837,0.020387035973185322
