game_id,latency_s,signals,no_quote,no_exit,in_cut,after_end,held
cfb_20261003_mtu_ku,0.25,6,0,0,0,0,5
cfb_20261003_mtu_ku,0.5,6,0,0,0,0,5
cfb_20261003_mtu_ku,1.0,6,0,0,0,0,5
cfb_20261003_navy_afa,0.25,130,0,0,0,0,114
cfb_20261003_navy_afa,0.5,130,0,0,0,0,114
cfb_20261003_navy_afa,1.0,130,0,0,0,0,114
cfb_20261003_nd_unc,0.25,9,0,0,0,0,7
cfb_20261003_nd_unc,0.5,9,0,0,0,0,7
cfb_20261003_nd_unc,1.0,9,0,0,0,0,7
cfb_20261003_wvu_isu,0.25,580,0,0,0,0,537
cfb_20261003_wvu_isu,0.5,580,0,0,0,0,537
cfb_20261003_wvu_isu,1.0,580,0,0,0,0,537
cfb_20261003_prin_clmb,0.25,150,0,0,0,0,135
cfb_20261003_prin_clmb,0.5,150,0,0,0,0,135
cfb_20261003_prin_clmb,1.0,150,0,0,0,0,135
cfb_20261003_for_leh,0.25,0,0,0,0,0,0
cfb_20261003_for_leh,0.5,0,0,0,0,0,0
cfb_20261003_for_leh,1.0,0,0,0,0,0,0
cfb_20261003_syr_conn,0.25,11,0,0,0,0,6
cfb_20261003_syr_conn,0.5,11,0,0,0,0,6
cfb_20261003_syr_conn,1.0,11,0,0,0,0,6
cfb_20261003_brwn_uri,0.25,704,0,0,0,0,655
cfb_20261003_brwn_uri,0.5,704,0,0,0,0,655
cfb_20261003_brwn_uri,1.0,704,0,0,0,0,655
cfb_20261003_mhu_liu,0.25,46,0,0,0,0,28
cfb_20261003_mhu_liu,0.5,46,0,0,0,0,28
cfb_20261003_mhu_liu,1.0,46,0,0,0,0,28
cfb_20261003_mich_minn,0.25,201,6,0,0,0,168
cfb_20261003_mich_minn,0.5,201,6,0,0,0,168
cfb_20261003_mich_minn,1.0,201,6,0,0,0,168
cfb_20261003_mrmk_yale,0.25,79,0,0,0,0,64
cfb_20261003_mrmk_yale,0.5,79,0,0,0,0,64
cfb_20261003_mrmk_yale,1.0,79,0,0,0,0,64
cfb_20261003_ucf_hou,0.25,99,0,0,0,0,81
cfb_20261003_ucf_hou,0.5,99,0,0,0,0,81
cfb_20261003_ucf_hou,1.0,99,0,0,0,0,81
cfb_20261003_ust_pre,0.25,60,0,0,0,0,47
cfb_20261003_ust_pre,0.5,60,0,0,0,0,47
cfb_20261003_ust_pre,1.0,60,0,0,0,0,47
cfb_20261003_ala_msst,0.25,33,0,0,0,0,26
cfb_20261003_ala_msst,0.5,33,0,0,0,0,26
cfb_20261003_ala_msst,1.0,33,0,0,0,0,26
cfb_20261003_bc_smu,0.25,41,0,0,0,0,33
cfb_20261003_bc_smu,0.5,41,0,0,0,0,33
cfb_20261003_bc_smu,1.0,41,0,0,0,0,33
cfb_20261003_msu_wis,0.25,8,0,0,0,0,7
cfb_20261003_msu_wis,0.5,8,0,0,0,0,7
cfb_20261003_msu_wis,1.0,8,0,0,0,0,7
cfb_20261003_cor_gtwn,0.25,106,0,0,0,0,95
cfb_20261003_cor_gtwn,0.5,106,0,0,0,0,95
cfb_20261003_cor_gtwn,1.0,106,0,0,0,0,95
cfb_20261003_rich_laf,0.25,244,0,0,0,0,204
cfb_20261003_rich_laf,0.5,244,0,0,0,0,204
cfb_20261003_rich_laf,1.0,244,0,0,0,0,204
cfb_20261003_wmu_buff,0.25,290,0,0,0,0,254
cfb_20261003_wmu_buff,0.5,290,0,0,0,0,254
cfb_20261003_wmu_buff,1.0,290,5,0,0,0,249
cfb_20261003_day_drke,0.25,288,0,0,0,0,252
cfb_20261003_day_drke,0.5,288,0,0,0,0,252
cfb_20261003_day_drke,1.0,288,0,0,0,0,252
cfb_20261003_valp_more,0.25,113,0,0,0,0,97
cfb_20261003_valp_more,0.5,113,0,0,0,0,97
cfb_20261003_valp_more,1.0,113,0,0,0,0,97
cfb_20261003_elon_unh,0.25,267,0,0,0,0,223
cfb_20261003_elon_unh,0.5,267,0,0,0,0,223
cfb_20261003_elon_unh,1.0,267,0,0,0,0,223
cfb_20261003_mrst_stet,0.25,33,0,0,0,0,19
cfb_20261003_mrst_stet,0.5,33,0,0,0,0,19
cfb_20261003_mrst_stet,1.0,33,0,0,0,0,19
cfb_20261003_morg_vill,0.25,569,0,0,0,0,501
cfb_20261003_morg_vill,0.5,569,0,0,0,0,502
cfb_20261003_morg_vill,1.0,569,0,0,0,0,503
cfb_20261003_tows_monm,0.25,353,0,0,0,0,307
cfb_20261003_tows_monm,0.5,353,0,0,0,0,307
cfb_20261003_tows_monm,1.0,353,0,0,0,0,307
cfb_20261003_penn_dart,0.25,80,0,0,0,0,61
cfb_20261003_penn_dart,0.5,80,0,0,0,0,61
cfb_20261003_penn_dart,1.0,80,0,0,0,0,61
cfb_20261003_mer_vmi,0.25,0,0,0,0,0,0
cfb_20261003_mer_vmi,0.5,0,0,0,0,0,0
cfb_20261003_mer_vmi,1.0,0,0,0,0,0,0
cfb_20261003_tol_ball,0.25,71,0,0,0,0,61
cfb_20261003_tol_ball,0.5,71,0,0,0,0,61
cfb_20261003_tol_ball,1.0,71,0,0,0,0,61
cfb_20261003_norf_rmu,0.25,473,4,1,0,0,433
cfb_20261003_norf_rmu,0.5,473,4,1,0,0,433
cfb_20261003_norf_rmu,1.0,473,4,1,0,0,433
cfb_20261003_wof_fur,0.25,132,0,0,0,0,114
cfb_20261003_wof_fur,0.5,132,0,0,0,0,114
cfb_20261003_wof_fur,1.0,132,0,0,0,0,114
cfb_20261003_cit_scst,0.25,196,0,0,0,0,166
cfb_20261003_cit_scst,0.5,196,0,0,0,0,166
cfb_20261003_cit_scst,1.0,196,0,0,0,0,166
cfb_20261003_pv_mvsu,0.25,0,0,0,0,0,0
cfb_20261003_pv_mvsu,0.5,0,0,0,0,0,0
cfb_20261003_pv_mvsu,1.0,0,0,0,0,0,0
cfb_20261003_inst_sdak,0.25,5,0,0,0,0,2
cfb_20261003_inst_sdak,0.5,5,0,0,0,0,2
cfb_20261003_inst_sdak,1.0,5,0,0,0,0,2
cfb_20261003_alcn_gram,0.25,370,0,0,0,0,324
cfb_20261003_alcn_gram,0.5,370,0,0,0,0,324
cfb_20261003_alcn_gram,1.0,370,0,0,0,0,325
cfb_20261003_how_hamp,0.25,81,0,0,0,0,67
cfb_20261003_how_hamp,0.5,81,0,0,0,0,67
cfb_20261003_how_hamp,1.0,81,0,0,0,0,67
cfb_20261003_shu_me,0.25,144,0,0,0,0,116
cfb_20261003_shu_me,0.5,144,0,0,0,0,116
cfb_20261003_shu_me,1.0,144,0,0,0,0,116
cfb_20261003_chat_etsu,0.25,71,0,0,0,0,58
cfb_20261003_chat_etsu,0.5,71,0,0,0,0,58
cfb_20261003_chat_etsu,1.0,71,0,0,0,0,58
cfb_20261003_cal_unlv,0.25,389,0,0,0,0,346
cfb_20261003_cal_unlv,0.5,389,0,0,0,0,346
cfb_20261003_cal_unlv,1.0,389,0,0,0,0,347
cfb_20261003_osu_iowa,0.25,2,0,0,0,0,1
cfb_20261003_osu_iowa,0.5,2,0,0,0,0,1
cfb_20261003_osu_iowa,1.0,2,0,0,0,0,1
cfb_20261003_ohio_kent,0.25,619,0,8,0,0,574
cfb_20261003_ohio_kent,0.5,619,0,8,0,0,574
cfb_20261003_ohio_kent,1.0,619,0,8,0,0,574
cfb_20261003_odu_gast,0.25,53,0,0,0,0,48
cfb_20261003_odu_gast,0.5,53,0,0,0,0,48
cfb_20261003_odu_gast,1.0,53,0,0,0,0,48
cfb_20261003_bgsu_moh,0.25,315,0,0,0,0,272
cfb_20261003_bgsu_moh,0.5,315,0,0,0,0,272
cfb_20261003_bgsu_moh,1.0,315,0,0,0,0,273
cfb_20261003_aub_tenn,0.25,140,0,0,0,0,118
cfb_20261003_aub_tenn,0.5,140,0,0,0,0,118
cfb_20261003_aub_tenn,1.0,140,0,0,0,0,118
cfb_20261003_lou_ncst,0.25,429,0,0,0,0,380
cfb_20261003_lou_ncst,0.5,429,0,0,0,0,380
cfb_20261003_lou_ncst,1.0,429,0,0,0,0,380
cfb_20261003_wyo_ndsu,0.25,0,0,0,0,0,0
cfb_20261003_wyo_ndsu,0.5,0,0,0,0,0,0
cfb_20261003_wyo_ndsu,1.0,0,0,0,0,0,0
cfb_20261003_akr_cmu,0.25,37,0,0,0,0,27
cfb_20261003_akr_cmu,0.5,37,0,0,0,0,27
cfb_20261003_akr_cmu,1.0,37,0,0,0,0,27
cfb_20261003_hc_wm,0.25,29,0,0,0,0,20
cfb_20261003_hc_wm,0.5,29,0,0,0,0,20
cfb_20261003_hc_wm,1.0,29,0,0,0,0,20
cfb_20261003_dsu_alby,0.25,147,0,0,0,0,121
cfb_20261003_dsu_alby,0.5,147,0,0,0,0,121
cfb_20261003_dsu_alby,1.0,147,0,0,0,0,121
cfb_20261003_emu_mass,0.25,56,0,0,0,0,42
cfb_20261003_emu_mass,0.5,56,0,0,0,0,42
cfb_20261003_emu_mass,1.0,56,0,0,0,0,42
cfb_20261003_fla_mizz,0.25,144,0,0,0,0,124
cfb_20261003_fla_mizz,0.5,144,0,0,0,0,124
cfb_20261003_fla_mizz,1.0,144,0,0,0,0,124
cfb_20261003_uva_fsu,0.25,57,0,0,0,0,45
cfb_20261003_uva_fsu,0.5,57,0,0,0,0,45
cfb_20261003_uva_fsu,1.0,57,0,0,0,0,45
cfb_20261003_mrsh_jmu,0.25,61,0,0,0,0,54
cfb_20261003_mrsh_jmu,0.5,61,0,0,0,0,54
cfb_20261003_mrsh_jmu,1.0,61,0,0,0,0,54
cfb_20261003_md_neb,0.25,266,0,0,0,0,236
cfb_20261003_md_neb,0.5,266,0,0,0,0,236
cfb_20261003_md_neb,1.0,266,0,0,0,0,236
cfb_20261003_alst_cook,0.25,610,0,0,0,0,539
cfb_20261003_alst_cook,0.5,610,0,0,0,0,539
cfb_20261003_alst_cook,1.0,610,0,0,0,0,539
cfb_20261003_unco_mont,0.25,0,0,0,0,0,0
cfb_20261003_unco_mont,0.5,0,0,0,0,0,0
cfb_20261003_unco_mont,1.0,0,0,0,0,0,0
cfb_20261003_tnst_wiu,0.25,342,0,0,0,0,290
cfb_20261003_tnst_wiu,0.5,342,0,0,0,0,290
cfb_20261003_tnst_wiu,1.0,342,0,0,0,0,290
cfb_20261003_uk_scar,0.25,664,0,6,0,0,613
cfb_20261003_uk_scar,0.5,664,0,6,0,0,613
cfb_20261003_uk_scar,1.0,664,0,6,0,0,613
cfb_20261003_pur_ill,0.25,103,0,0,0,0,80
cfb_20261003_pur_ill,0.5,103,0,0,0,0,80
cfb_20261003_pur_ill,1.0,103,0,0,0,0,80
cfb_20261003_aamu_jkst,0.25,416,0,0,0,0,356
cfb_20261003_aamu_jkst,0.5,416,0,0,0,0,356
cfb_20261003_aamu_jkst,1.0,416,0,0,0,0,356
cfb_20261003_ysu_siu,0.25,184,0,0,0,0,162
cfb_20261003_ysu_siu,0.5,184,0,0,0,0,162
cfb_20261003_ysu_siu,1.0,184,0,0,0,0,162
cfb_20261003_camp_nccu,0.25,437,0,0,0,0,380
cfb_20261003_camp_nccu,0.5,437,0,0,0,0,380
cfb_20261003_camp_nccu,1.0,437,0,0,0,0,381
cfb_20261003_iw_sfa,0.25,376,0,0,0,0,312
cfb_20261003_iw_sfa,0.5,376,0,0,0,0,312
cfb_20261003_iw_sfa,1.0,376,0,0,0,0,312
cfb_20261003_webb_chso,0.25,523,0,0,0,0,470
cfb_20261003_webb_chso,0.5,523,0,0,0,0,470
cfb_20261003_webb_chso,1.0,523,0,0,0,0,470
cfb_20261003_orst_csu,0.25,50,0,0,0,0,41
cfb_20261003_orst_csu,0.5,50,0,0,0,0,41
cfb_20261003_orst_csu,1.0,50,0,0,0,0,41
cfb_20261003_tntc_wcu,0.25,372,0,0,0,0,312
cfb_20261003_tntc_wcu,0.5,372,0,0,0,0,312
cfb_20261003_tntc_wcu,1.0,372,0,0,0,0,313
cfb_20261003_ncat_bry,0.25,301,0,0,0,0,250
cfb_20261003_ncat_bry,0.5,301,0,0,0,0,250
cfb_20261003_ncat_bry,1.0,301,0,0,0,0,250
cfb_20261003_una_eky,0.25,172,0,0,0,0,136
cfb_20261003_una_eky,0.5,172,0,0,0,0,136
cfb_20261003_una_eky,1.0,172,0,0,0,0,136
cfb_20261003_gaso_ccar,0.25,70,0,0,0,0,54
cfb_20261003_gaso_ccar,0.5,70,0,0,0,0,54
cfb_20261003_gaso_ccar,1.0,70,0,0,0,0,54
cfb_20261003_ark_txam,0.25,0,0,0,0,0,0
cfb_20261003_ark_txam,0.5,0,0,0,0,0,0
cfb_20261003_ark_txam,1.0,0,0,0,0,0,0
cfb_20261003_utsa_rice,0.25,155,0,0,0,0,130
cfb_20261003_utsa_rice,0.5,155,0,0,0,0,130
cfb_20261003_utsa_rice,1.0,155,0,0,0,0,131
cfb_20261003_utrgv_etam,0.25,1137,0,0,0,0,1019
cfb_20261003_utrgv_etam,0.5,1137,0,0,0,0,1019
cfb_20261003_utrgv_etam,1.0,1137,0,0,0,0,1019
cfb_20261003_sdst_ilst,0.25,591,0,0,0,0,535
cfb_20261003_sdst_ilst,0.5,591,0,0,0,0,535
cfb_20261003_sdst_ilst,1.0,591,0,0,0,0,535
cfb_20261003_colg_harv,0.25,609,0,0,0,0,552
cfb_20261003_colg_harv,0.5,609,0,0,0,0,552
cfb_20261003_colg_harv,1.0,609,0,0,0,0,552
cfb_20261003_arpb_sou,0.25,499,0,0,0,0,453
cfb_20261003_arpb_sou,0.5,499,0,0,0,0,454
cfb_20261003_arpb_sou,1.0,499,0,0,0,0,454
cfb_20261003_nich_hcu,0.25,362,0,0,0,0,342
cfb_20261003_nich_hcu,0.5,362,0,0,0,0,342
cfb_20261003_nich_hcu,1.0,362,0,0,0,0,342
cfb_20261003_ulm_usa,0.25,0,0,0,0,0,0
cfb_20261003_ulm_usa,0.5,0,0,0,0,0,0
cfb_20261003_ulm_usa,1.0,0,0,0,0,0,0
cfb_20261003_byu_tcu,0.25,89,0,0,0,0,71
cfb_20261003_byu_tcu,0.5,89,0,0,0,0,71
cfb_20261003_byu_tcu,1.0,89,0,0,0,0,71
cfb_20261003_tem_usf,0.25,246,0,0,0,0,218
cfb_20261003_tem_usf,0.5,246,0,0,0,0,218
cfb_20261003_tem_usf,1.0,246,0,0,0,0,218
cfb_20261003_usu_bsu,0.25,0,0,0,0,0,0
cfb_20261003_usu_bsu,0.5,0,0,0,0,0,0
cfb_20261003_usu_bsu,1.0,0,0,0,0,0,0
cfb_20261003_ttu_colo,0.25,152,0,0,0,0,126
cfb_20261003_ttu_colo,0.5,152,0,0,0,0,126
cfb_20261003_ttu_colo,1.0,152,0,0,0,0,126
cfb_20261003_mia_clem,0.25,1,0,0,0,0,0
cfb_20261003_mia_clem,0.5,1,0,0,0,0,0
cfb_20261003_mia_clem,1.0,1,0,0,0,0,0
cfb_20261003_army_lt,0.25,163,0,0,0,0,140
cfb_20261003_army_lt,0.5,163,0,0,0,0,140
cfb_20261003_army_lt,1.0,163,0,0,0,0,140
cfb_20261003_wash_usc,0.25,557,0,0,0,0,517
cfb_20261003_wash_usc,0.5,557,0,0,0,0,517
cfb_20261003_wash_usc,1.0,557,0,0,0,0,518
cfb_20261004_web_cp,0.25,2753,0,7,0,0,2585
cfb_20261004_web_cp,0.5,2753,0,7,0,0,2585
cfb_20261004_web_cp,1.0,2753,0,7,0,0,2587
cfb_20261004_uwfl_ac,0.25,48,0,0,0,0,40
cfb_20261004_uwfl_ac,0.5,48,0,0,0,0,40
cfb_20261004_uwfl_ac,1.0,48,0,0,0,0,40
cfb_20261004_nau_idst,0.25,724,0,0,0,0,663
cfb_20261004_nau_idst,0.5,724,0,0,0,0,663
cfb_20261004_nau_idst,1.0,724,0,0,0,0,663
cfb_20261004_suu_utu,0.25,520,0,0,0,0,459
cfb_20261004_suu_utu,0.5,520,0,0,0,0,459
cfb_20261004_suu_utu,1.0,520,0,0,0,0,460
cfb_20261004_arst_ull,0.25,256,0,0,0,0,229
cfb_20261004_arst_ull,0.5,256,0,0,0,0,229
cfb_20261004_arst_ull,1.0,256,0,0,0,0,229
