label,market,t,ts,d,size,thr,move,pre_recv,post_recv,L,side,fill_recv,fill_delay_s,entry,exit_recv,exit,qty,gross_c,fee_entry_c,fee_exit_c,net_c,print_recv_lag_s,game_id
"POST-HOC EXPLORATORY; INVALID, LOOKAHEAD",KXNCAAFGAME-26OCT03AAMUJKST-AAMU,1791071311257900987,1791071306784778000,-1,1177.45,107.78799999999974,0.0299999999999999,1791071306811077040,1791071306815954442,0.25,long_home,1791071311522266901,0.014365914,0.27,1791071321734767195,0.25,10.0,-2.0000000000000018,1.4,1.4,-4.8000000000000025,4.473122987,cfb_20261003_aamu_jkst
"POST-HOC EXPLORATORY; INVALID, LOOKAHEAD",KXNCAAFGAME-26OCT03AAMUJKST-AAMU,1791072864700929141,1791072853745621000,-1,330.85,107.78799999999974,0.0249999999999999,1791072849886129242,1791072861259434347,0.25,long_home,1791072865675754258,0.724825117,0.21,1791072876302692279,0.21,5.0,0.0,1.2,1.2,-2.4,10.955308141,cfb_20261003_aamu_jkst
"POST-HOC EXPLORATORY; INVALID, LOOKAHEAD",KXNCAAFGAME-26OCT03AAMUJKST-JKST,1791073053547994782,1791073052708245000,1,567.1,100.0,0.0449999999999999,1791073052712622902,1791073052735845290,0.25,short_home,1791073054060637218,0.262642436,0.22,1791073064101891089,0.24,5.0,-1.9999999999999991,1.4,1.4,-4.8,0.839749782,cfb_20261003_aamu_jkst
"POST-HOC EXPLORATORY; INVALID, LOOKAHEAD",KXNCAAFGAME-26OCT03AAMUJKST-AAMU,1791073406908650085,1791073405474348000,1,150.0,107.78799999999974,0.0199999999999999,1791073405517089596,1791073405536774726,0.25,short_home,1791073410578436160,3.419786075,0.04,1791073422485579441,0.05,10.0,-1.0000000000000002,0.3,0.4,-1.7000000000000002,1.434302085,cfb_20261003_aamu_jkst
"POST-HOC EXPLORATORY; INVALID, LOOKAHEAD",KXNCAAFGAME-26OCT03ALAMSST-MSST,1791048476950963769,1791048473212700000,1,983.0,525.39,0.02,1791048472725172262,1791048473247555363,0.25,short_home,1791048477298789179,0.09782541,0.22,1791048488869200153,0.14,10.0,7.999999999999999,1.3,0.9,5.799999999999999,3.738263769,cfb_20261003_ala_msst
"POST-HOC EXPLORATORY; INVALID, LOOKAHEAD",KXNCAAFGAME-26OCT03ALCNGRAM-ALCN,1791064642219431157,1791064639041082000,1,1247.18,101.98999999999997,0.035,1791064639077755301,1791064639078267720,0.25,short_home,1791064642557741777,0.08831062,0.79,1791064652718135431,0.82,10.0,-2.9999999999999916,1.2,1.1,-5.299999999999992,3.178349157,cfb_20261003_alcn_gram
"POST-HOC EXPLORATORY; INVALID, LOOKAHEAD",KXNCAAFGAME-26OCT03ALCNGRAM-GRAM,1791065527257937874,1791065520667046000,-1,104.0,100.0,0.02,1791065520461084770,1791065520694920323,0.25,long_home,1791065527509335192,0.001397318,0.4,1791065537510773483,0.37,10.0,-3.0000000000000027,1.7,1.7,-6.400000000000003,6.590891874,cfb_20261003_alcn_gram
"POST-HOC EXPLORATORY; INVALID, LOOKAHEAD",KXNCAAFGAME-26OCT03ALCNGRAM-GRAM,1791066875962309111,1791066865480327000,-1,500.0,100.0,0.0249999999999999,1791066856692727172,1791066869397279265,0.25,long_home,1791066877423803524,1.211494413,0.2,1791066888288772524,0.18,10.0,-2.0000000000000018,1.2,1.1,-4.3000000000000025,10.481982111,cfb_20261003_alcn_gram
"POST-HOC EXPLORATORY; INVALID, LOOKAHEAD",KXNCAAFGAME-26OCT03ALSTCOOK-COOK,1791072252088672519,1791072242980589000,1,115.0,100.0,0.0899999999999999,1791072238708828170,1791072250082208597,0.25,short_home,1791072252397791730,0.059119211,0.8,1791072262676582200,0.83,10.0,-2.9999999999999916,1.2,1.0,-5.199999999999991,9.108083519,cfb_20261003_alst_cook
"POST-HOC EXPLORATORY; INVALID, LOOKAHEAD",KXNCAAFGAME-26OCT03ALSTCOOK-COOK,1791072863450198692,1791072858541501000,1,411.0,100.0,0.0349999999999999,1791072848156845065,1791072861302068316,0.25,short_home,1791072864137895784,0.437697092,0.92,1791072874967954905,0.9,10.0,2.0000000000000018,0.6,0.7000000000000001,0.7000000000000016,4.908697692,cfb_20261003_alst_cook
"POST-HOC EXPLORATORY; INVALID, LOOKAHEAD",KXNCAAFGAME-26OCT03ARKTXAM-TXAM,1791072865325415652,1791072850970043000,1,954.62,662.8059999999973,0.0299999999999999,1791072849722307544,1791072861387796141,0.25,short_home,1791072871098508576,5.523092924,0.95,1791072881703249616,0.95,10.0,0.0,0.4,0.4,-0.8,14.355372652,cfb_20261003_ark_txam
"POST-HOC EXPLORATORY; INVALID, LOOKAHEAD",KXNCAAFGAME-26OCT03AUBTENN-TENN,1791063216723536086,1791063212058357000,-1,500.0,473.93,0.025,1791063199293426583,1791063213487607183,0.25,long_home,1791063217024192518,0.050656432,0.49,1791063227216801281,0.47,10.0,-2.0000000000000018,1.8,1.8,-5.600000000000001,4.665179086,cfb_20261003_aub_tenn
"POST-HOC EXPLORATORY; INVALID, LOOKAHEAD",KXNCAAFGAME-26OCT03AUBTENN-TENN,1791065050056814719,1791065042766453000,1,700.0,473.93,0.02,1791065035221446132,1791065047046836365,0.25,short_home,1791065050343867788,0.037053069,0.86,1791065060567775818,0.87,10.0,-1.0000000000000009,0.9,0.8,-2.700000000000001,7.290361719,cfb_20261003_aub_tenn
"POST-HOC EXPLORATORY; INVALID, LOOKAHEAD",KXNCAAFGAME-26OCT03BRWNURI-URI,1791051698972786095,1791051693674559000,-1,2193.38,79.39,0.045,1791051693690234118,1791051693702966147,0.25,long_home,1791051701051298650,1.828512555,0.52,1791051713602938608,0.48,10.0,-4.0000000000000036,1.8,1.8,-7.600000000000003,5.298227095,cfb_20261003_brwn_uri
"POST-HOC EXPLORATORY; INVALID, LOOKAHEAD",KXNCAAFGAME-26OCT03CAMPNCCU-CAMP,1791076473672427877,1791076470817056000,-1,438.45,79.43299999999978,0.0549999999999999,1791076470841716906,1791076470846053010,0.25,long_home,1791076475042398064,1.119970187,0.22,1791076485058206888,0.14,5.0,-7.999999999999999,1.4,1.0,-10.4,2.855371877,cfb_20261003_camp_nccu
"POST-HOC EXPLORATORY; INVALID, LOOKAHEAD",KXNCAAFGAME-26OCT03CAMPNCCU-CAMP,1791076934651092090,1791076931758225000,1,790.0,79.43299999999978,0.025,1791076931763051500,1791076931785931867,0.25,short_home,1791076935140056863,0.238964773,0.1,1791076945624584760,0.13,10.0,-3.0,0.7000000000000001,0.8,-4.5,2.89286709,cfb_20261003_camp_nccu
"POST-HOC EXPLORATORY; INVALID, LOOKAHEAD",KXNCAAFGAME-26OCT03CITSCST-CIT,1791058934341196324,1791058932269558000,1,820.07,95.20449999999994,0.0249999999999999,1791058932296295277,1791058932298648971,0.25,short_home,1791058935235680417,0.644484093,0.32,1791058946623611515,0.36,10.0,-3.9999999999999982,1.6,1.7,-7.299999999999998,2.071638324,cfb_20261003_cit_scst
"POST-HOC EXPLORATORY; INVALID, LOOKAHEAD",KXNCAAFGAME-26OCT03COLGHARV-COLG,1791072272445540983,1791072243684982000,-1,946.54,246.57450000000057,0.02,1791072234161834678,1791072253719053873,0.25,long_home,1791072273079392645,0.383851662,0.74,1791072284712978281,0.73,10.0,-1.0000000000000009,1.4,1.4,-3.8000000000000016,28.760558983,cfb_20261003_colg_harv
"POST-HOC EXPLORATORY; INVALID, LOOKAHEAD",KXNCAAFGAME-26OCT03DAYDRKE-DRKE,1791050570609899166,1791050569282993000,1,1424.71,113.3499999999998,0.0249999999999999,1791050569305150356,1791050569310028832,0.25,short_home,1791050571159977474,0.300078308,0.69,1791050582938185756,0.68,1.0,0.9999999999999898,2.0,2.0,-3.00000000000001,1.326906166,cfb_20261003_day_drke
"POST-HOC EXPLORATORY; INVALID, LOOKAHEAD",KXNCAAFGAME-26OCT03ELONUNH-ELON,1791058881613552317,1791058877799654000,-1,370.34,300.0,0.02,1791058877823780818,1791058877829817352,0.25,long_home,1791058881919110849,0.055558532,0.83,1791058892136001124,0.85,2.0000000000000036,2.0000000000000018,0.9999999999999982,0.9999999999999982,5.3290705182007506e-15,3.813898317,cfb_20261003_elon_unh
"POST-HOC EXPLORATORY; INVALID, LOOKAHEAD",KXNCAAFGAME-26OCT03FLAMIZZ-MIZZ,1791061767229886118,1791061764658856000,-1,968.11,500.0,0.0349999999999999,1791061764694610882,1791061764700322136,0.25,long_home,1791061767641214276,0.161328158,0.57,1791061777690436221,0.56,10.0,-0.9999999999999898,1.8,1.8,-4.59999999999999,2.571030118,cfb_20261003_fla_mizz
"POST-HOC EXPLORATORY; INVALID, LOOKAHEAD",KXNCAAFGAME-26OCT03IWSFA-SFA,1791070920364110671,1791070915764988000,-1,133.35,82.89999999999964,0.02,1791070911076725099,1791070915791947334,0.25,long_home,1791070920719956637,0.105845966,0.74,1791070930922184804,0.69,10.0,-5.000000000000004,1.4,1.5,-7.900000000000005,4.599122671,cfb_20261003_iw_sfa
"POST-HOC EXPLORATORY; INVALID, LOOKAHEAD",KXNCAAFGAME-26OCT03MICHMINN-MINN,1791046189371983852,1791046172825109000,1,650.0,530.0479999999999,0.04,1791046172826978536,1791046172855553332,0.25,short_home,1791046193319163195,3.697179343,0.37,1791046205027208249,0.32,0.0099999999998843,4.999999999999999,100.00000000115676,100.00000000115676,-195.00000000231353,16.546874852,cfb_20261003_mich_minn
"POST-HOC EXPLORATORY; INVALID, LOOKAHEAD",KXNCAAFGAME-26OCT03MORGVILL-VILL,1791057764289633430,1791057760544745000,-1,119.07,104.39999999999982,0.035,1791057760574929360,1791057760579111842,0.25,long_home,1791057764545535300,0.00590187,0.93,1791057775277492176,0.9,9.0,-3.0000000000000027,0.5555555555555556,0.6666666666666666,-4.222222222222225,3.74488843,cfb_20261003_morg_vill
"POST-HOC EXPLORATORY; INVALID, LOOKAHEAD",KXNCAAFGAME-26OCT03MORGVILL-MORG,1791058072048399724,1791058063531574000,1,158.0,107.2209999999994,0.0199999999999999,1791058063252752545,1791058063574557321,0.25,short_home,1791058072302766692,0.004366968,0.87,1791058082331152586,0.9,10.0,-3.0000000000000027,0.8,0.7000000000000001,-4.500000000000003,8.516825724,cfb_20261003_morg_vill
"POST-HOC EXPLORATORY; INVALID, LOOKAHEAD",KXNCAAFGAME-26OCT03MORGVILL-MORG,1791058248313712720,1791058240580966000,1,127.56,107.2209999999994,0.05,1791058240574955193,1791058240609423196,0.25,short_home,1791058248570824624,0.007111904,0.65,1791058258590073895,0.67,2.0,-2.0000000000000018,2.0,2.0,-6.000000000000002,7.73274672,cfb_20261003_morg_vill
"POST-HOC EXPLORATORY; INVALID, LOOKAHEAD",KXNCAAFGAME-26OCT03MORGVILL-VILL,1791058451723829129,1791058441112043000,1,150.0,104.39999999999982,0.035,1791058439493657980,1791058451060042162,0.25,short_home,1791058452130957225,0.157128096,0.25,1791058462264186983,0.28,5.0,-3.0000000000000027,1.4,1.6,-6.0000000000000036,10.611786129,cfb_20261003_morg_vill
"POST-HOC EXPLORATORY; INVALID, LOOKAHEAD",KXNCAAFGAME-26OCT03NCATBRY-BRY,1791068677033406552,1791068640474701000,-1,100.0,90.0,0.0549999999999999,1791068631389771054,1791068642941064290,0.25,long_home,1791068677531226198,0.247819646,0.57,1791068695014791042,0.51,10.0,-5.999999999999995,1.8,1.8,-9.599999999999994,36.558705552,cfb_20261003_ncat_bry
"POST-HOC EXPLORATORY; INVALID, LOOKAHEAD",KXNCAAFGAME-26OCT03NCATBRY-NCAT,1791068721244577578,1791068640490432000,-1,85.0,60.04999999999973,0.03,1791068624626199265,1791068642955361993,0.25,long_home,1791068724680245948,3.18566837,0.57,1791068734728874116,0.51,10.0,-5.999999999999995,1.8,1.8,-9.599999999999994,80.754145578,cfb_20261003_ncat_bry
"POST-HOC EXPLORATORY; INVALID, LOOKAHEAD",KXNCAAFGAME-26OCT03NORFRMU-NORF,1791054681641594155,1791054674812858000,1,335.0,100.0,0.0199999999999999,1791054674827107679,1791054674842198859,0.25,short_home,1791054681987226971,0.095632816,0.47,1791054694471044487,0.48,10.0,-1.0000000000000009,1.8,1.8,-4.6000000000000005,6.828736155,cfb_20261003_norf_rmu
"POST-HOC EXPLORATORY; INVALID, LOOKAHEAD",KXNCAAFGAME-26OCT03NORFRMU-NORF,1791056092613573857,1791056010478674000,1,102.0,100.0,0.02,1791055999173407144,1791056017618405826,0.25,short_home,1791056095773024644,2.909450787,0.73,1791056111972499099,0.77,10.0,-4.0000000000000036,1.4,1.3,-6.700000000000004,82.134899857,cfb_20261003_norf_rmu
"POST-HOC EXPLORATORY; INVALID, LOOKAHEAD",KXNCAAFGAME-26OCT03NORFRMU-NORF,1791062159130786818,1791062154002297000,1,165.0,100.0,0.0349999999999999,1791062153667169017,1791062154034729978,0.25,short_home,1791062159381760581,0.000973763,0.28,1791062169385227689,0.29,10.0,-0.9999999999999952,1.5,1.5,-3.999999999999995,5.128489818,cfb_20261003_norf_rmu
"POST-HOC EXPLORATORY; INVALID, LOOKAHEAD",KXNCAAFGAME-26OCT03OHIOKENT-KENT,1791059681863982884,1791059655904884000,-1,500.0,272.14399999999995,0.11,1791059650734768765,1791059663300300417,0.25,long_home,1791059684621575044,2.50759216,0.37,1791059695273802888,0.32,1.0,-4.999999999999999,2.0,2.0,-9.0,25.959098884,cfb_20261003_ohio_kent
"POST-HOC EXPLORATORY; INVALID, LOOKAHEAD",KXNCAAFGAME-26OCT03OSUIOWA-OSU,1791059665712514266,1791059656867824000,1,651.42,606.8919999999994,0.02,1791059649056223038,1791059662231215346,0.25,short_home,1791059666362956259,0.400441993,0.14,1791059676602486790,0.15,10.0,-0.999999999999998,0.9,0.9,-2.799999999999998,8.844690266,cfb_20261003_osu_iowa
"POST-HOC EXPLORATORY; INVALID, LOOKAHEAD",KXNCAAFGAME-26OCT03PURILL-ILL,1791068034202576966,1791068024346444000,-1,858.0,679.8199999999999,0.03,1791068020277234109,1791068032225254457,0.25,long_home,1791068034588253486,0.13567652,0.23,1791068044862220841,0.22,10.0,-1.0000000000000009,1.3,1.3,-3.6000000000000005,9.856132966,cfb_20261003_pur_ill
"POST-HOC EXPLORATORY; INVALID, LOOKAHEAD",KXNCAAFGAME-26OCT03RICHLAF-LAF,1791050529841787176,1791050524892495000,1,469.27,100.0,0.025,1791050524915632242,1791050524923772934,0.25,short_home,1791050530517782962,0.425995786,0.67,1791050541310982263,0.69,1.0,-1.999999999999991,2.0,2.0,-5.999999999999991,4.949292176,cfb_20261003_rich_laf
"POST-HOC EXPLORATORY; INVALID, LOOKAHEAD",KXNCAAFGAME-26OCT03RICHLAF-LAF,1791050853740563242,1791050850533031000,-1,127.0,100.0,0.025,1791050847804398490,1791050850565563313,0.25,long_home,1791050857919277202,3.92871396,0.6,1791050868049267711,0.56,10.0,-3.999999999999993,1.7,1.8,-7.499999999999992,3.207532242,cfb_20261003_rich_laf
"POST-HOC EXPLORATORY; INVALID, LOOKAHEAD",KXNCAAFGAME-26OCT03RICHLAF-RICH,1791053518609150178,1791053513510533000,1,398.0,113.56799999999974,0.0249999999999999,1791053512081487330,1791053513543030358,0.25,short_home,1791053521145097383,2.285947205,0.34,1791053532278273561,0.38,6.0,-3.9999999999999982,1.6666666666666667,1.6666666666666667,-7.333333333333332,5.098617178,cfb_20261003_rich_laf
"POST-HOC EXPLORATORY; INVALID, LOOKAHEAD",KXNCAAFGAME-26OCT03TNSTWIU-WIU,1791068661649567202,1791068633799214000,-1,105.0,68.75149999999991,0.02,1791068630695030809,1791068643655255601,0.25,long_home,1791068662023398884,0.123831682,0.64,1791068672850673736,0.64,10.0,0.0,1.7,1.7,-3.4,27.850353202,cfb_20261003_tnst_wiu
"POST-HOC EXPLORATORY; INVALID, LOOKAHEAD",KXNCAAFGAME-26OCT03TNSTWIU-WIU,1791068925295714953,1791068920142358000,1,735.5,68.75149999999991,0.0199999999999999,1791068920169333395,1791068920172556500,0.25,short_home,1791068925641561735,0.095846782,0.55,1791068935693232564,0.54,2.0,1.0000000000000009,2.0,2.0,-2.999999999999999,5.153356953,cfb_20261003_tnst_wiu
"POST-HOC EXPLORATORY; INVALID, LOOKAHEAD",KXNCAAFGAME-26OCT03TNSTWIU-WIU,1791069901679435504,1791069896636344000,1,116.0,68.75149999999991,0.025,1791069896666084423,1791069896668684316,0.25,short_home,1791069901961133435,0.031697931,0.67,1791069911996771035,0.8,10.0,-13.0,1.6,1.2,-15.8,5.043091504,cfb_20261003_tnst_wiu
"POST-HOC EXPLORATORY; INVALID, LOOKAHEAD",KXNCAAFGAME-26OCT03TNSTWIU-WIU,1791069992217225464,1791069988937176000,-1,111.0,68.75149999999991,0.03,1791069988966750706,1791069988968768864,0.25,long_home,1791069992467795040,0.000569576,0.81,1791070002549473961,0.77,7.6,-4.0000000000000036,1.1842105263157896,1.3157894736842106,-6.5000000000000036,3.280049464,cfb_20261003_tnst_wiu
"POST-HOC EXPLORATORY; INVALID, LOOKAHEAD",KXNCAAFGAME-26OCT03TNTCWCU-TNTC,1791075681838904562,1791075678568294000,1,184.73,72.12,0.02,1791075678595992336,1791075678596768108,0.25,short_home,1791075685571820063,3.482915501,0.73,1791075703161010717,0.76,1.0,-3.0000000000000027,2.0,2.0,-7.000000000000003,3.270610562,cfb_20261003_tntc_wcu
"POST-HOC EXPLORATORY; INVALID, LOOKAHEAD",KXNCAAFGAME-26OCT03TNTCWCU-TNTC,1791075838270988731,1791075825449675000,-1,87.0,72.12,0.02,1791075819033954602,1791075834911731761,0.25,long_home,1791075841065716946,2.544728215,0.58,1791075851086564342,0.54,1.0,-3.999999999999993,2.0,2.0,-7.999999999999993,12.821313731,cfb_20261003_tntc_wcu
"POST-HOC EXPLORATORY; INVALID, LOOKAHEAD",KXNCAAFGAME-26OCT03TOWSMONM-MONM,1791053993159086616,1791053988371003000,-1,1435.17,98.30499999999904,0.0499999999999999,1791053988400065619,1791053988400663345,0.25,long_home,1791053993413830592,0.004743976,0.4,1791054004412962538,0.41,4.89,0.9999999999999952,1.8404907975460123,1.8404907975460123,-2.680981595092029,4.788083616,cfb_20261003_tows_monm
"POST-HOC EXPLORATORY; INVALID, LOOKAHEAD",KXNCAAFGAME-26OCT03TOWSMONM-MONM,1791058127267357852,1791058120716475000,-1,177.61,98.30499999999904,0.025,1791058120320154501,1791058120744649821,0.25,long_home,1791058127576533041,0.059175189,0.89,1791058137863692225,0.88,10.0,-1.0000000000000009,0.7000000000000001,0.8,-2.500000000000001,6.550882852,cfb_20261003_tows_monm
"POST-HOC EXPLORATORY; INVALID, LOOKAHEAD",KXNCAAFGAME-26OCT03UCFHOU-UCF,1791051847072971746,1791051834398143000,-1,1840.94,407.7919999999971,0.29,1791051830623177587,1791051843741500426,0.25,long_home,1791051847574253752,0.251282006,0.23,1791051857767051724,0.24,10.0,0.999999999999998,1.3,1.3,-1.600000000000002,12.674828746,cfb_20261003_ucf_hou
"POST-HOC EXPLORATORY; INVALID, LOOKAHEAD",KXNCAAFGAME-26OCT03UKSCAR-SCAR,1791071639589285381,1791071630306482000,1,1091.42,600.0,0.05,1791071627436204917,1791071638856136842,0.25,short_home,1791071639917924555,0.078639174,0.52,1791071649926426131,0.54,10.0,-2.0000000000000018,1.8,1.8,-5.600000000000001,9.282803381,cfb_20261003_uk_scar
"POST-HOC EXPLORATORY; INVALID, LOOKAHEAD",KXNCAAFGAME-26OCT03UKSCAR-UK,1791072141246358712,1791072139542942000,1,699.2,496.3044999999992,0.0399999999999999,1791072139572290513,1791072139572869994,0.25,short_home,1791072141497906248,0.001547536,0.3,1791072151501729861,0.06,10.0,24.0,1.5,0.4,22.1,1.703416712,cfb_20261003_uk_scar
"POST-HOC EXPLORATORY; INVALID, LOOKAHEAD",KXNCAAFGAME-26OCT03UTRGVETAM-UTRGV,1791077679984328569,1791077649026599000,-1,100.0,81.54999999999995,0.0249999999999999,1791077645739942230,1791077659095173266,0.25,long_home,1791077680518388955,0.284060386,0.63,1791077690520476041,0.62,2.0,-1.0000000000000009,2.0,2.0,-5.000000000000001,30.957729569,cfb_20261003_utrgv_etam
"POST-HOC EXPLORATORY; INVALID, LOOKAHEAD",KXNCAAFGAME-26OCT03UTRGVETAM-UTRGV,1791077735642594968,1791077732845018000,1,153.56,81.54999999999995,0.02,1791077728749605838,1791077732873333821,0.25,short_home,1791077738911675872,3.019080904,0.69,1791077750818358866,0.75,10.0,-6.000000000000005,1.5,1.4,-8.900000000000006,2.797576968,cfb_20261003_utrgv_etam
"POST-HOC EXPLORATORY; INVALID, LOOKAHEAD",KXNCAAFGAME-26OCT03UTRGVETAM-ETAM,1791078581566076347,1791078563600508000,-1,2970.37,76.0,0.0799999999999999,1791078563625196718,1791078563627610835,0.25,long_home,1791078581826504933,0.010428586,0.73,1791078591851743624,0.7,10.0,-3.0000000000000027,1.4,1.5,-5.900000000000003,17.965568347,cfb_20261003_utrgv_etam
"POST-HOC EXPLORATORY; INVALID, LOOKAHEAD",KXNCAAFGAME-26OCT03UTRGVETAM-ETAM,1791080228791891227,1791080225445939000,1,77.87,76.0,0.02,1791080224058378895,1791080225474234587,0.25,short_home,1791080229072027127,0.0301359,0.67,1791080239471469947,0.96,4.0,-28.999999999999993,1.7500000000000002,0.5,-31.249999999999993,3.345952227,cfb_20261003_utrgv_etam
"POST-HOC EXPLORATORY; INVALID, LOOKAHEAD",KXNCAAFGAME-26OCT03WASHUSC-WASH,1791072252914059415,1791072240010024000,1,871.03,500.0,0.02,1791072238564744524,1791072250138061167,0.25,short_home,1791072253181290126,0.017230711,0.79,1791072263327695993,0.8,10.0,-1.0000000000000009,1.2,1.2,-3.4000000000000012,12.904035415,cfb_20261003_wash_usc
"POST-HOC EXPLORATORY; INVALID, LOOKAHEAD",KXNCAAFGAME-26OCT03WASHUSC-WASH,1791074625216999478,1791074616993455000,-1,1000.0,500.0,0.0799999999999999,1791074612241657536,1791074623544292081,0.25,long_home,1791074625506965605,0.039966127,0.78,1791074636064408863,0.81,10.0,3.0000000000000027,1.3,1.1,0.6000000000000025,8.223544478,cfb_20261003_wash_usc
"POST-HOC EXPLORATORY; INVALID, LOOKAHEAD",KXNCAAFGAME-26OCT03WASHUSC-WASH,1791081864873714572,1791081861708412000,1,1000.0,500.0,0.02,1791081853009194187,1791081864422999186,0.25,short_home,1791081865163306940,0.039592368,0.75,1791081875231973232,0.76,10.0,-1.0000000000000009,1.4,1.3,-3.700000000000001,3.165302572,cfb_20261003_wash_usc
"POST-HOC EXPLORATORY; INVALID, LOOKAHEAD",KXNCAAFGAME-26OCT03WEBBCHSO-WEBB,1791074297188054634,1791074295836552000,1,128.0,111.39999999999964,0.03,1791074294427787187,1791074295871451174,0.25,short_home,1791074298387833816,0.949779182,0.64,1791074308397337676,0.74,10.0,-9.999999999999998,1.7,1.4,-13.099999999999998,1.351502634,cfb_20261003_webb_chso
"POST-HOC EXPLORATORY; INVALID, LOOKAHEAD",KXNCAAFGAME-26OCT03WEBBCHSO-CHSO,1791076739854824975,1791076735315903000,-1,162.0,100.0,0.02,1791076733355476790,1791076735345944880,0.25,long_home,1791076740121227726,0.016402751,0.22,1791076750588941350,0.1,10.0,-12.0,1.3,0.7000000000000001,-14.0,4.538921975,cfb_20261003_webb_chso
"POST-HOC EXPLORATORY; INVALID, LOOKAHEAD",KXNCAAFGAME-26OCT03WMUBUFF-WMU,1791056630368770334,1791056628175656000,-1,474.0,467.8799999999997,0.05,1791056616671599316,1791056628763698862,0.25,long_home,1791056631249831901,0.631061567,0.18,1791056641919547692,0.18,10.0,0.0,1.1,1.1,-2.2,2.193114334,cfb_20261003_wmu_buff
"POST-HOC EXPLORATORY; INVALID, LOOKAHEAD",KXNCAAFGAME-26OCT03WMUBUFF-WMU,1791057240853985344,1791057233075671000,-1,1444.0,467.8799999999997,0.0449999999999999,1791057228133524955,1791057239708768384,0.25,long_home,1791057241148915212,0.044929868,0.13,1791057251470867310,0.14,10.0,1.0000000000000009,0.8,0.9,-0.6999999999999992,7.778314344,cfb_20261003_wmu_buff
"POST-HOC EXPLORATORY; INVALID, LOOKAHEAD",KXNCAAFGAME-26OCT03WMUBUFF-BUFF,1791057478545688996,1791057473677734000,-1,5060.11,455.042,0.0349999999999999,1791057473701817163,1791057473715438000,0.25,long_home,1791057478890212074,0.094523078,0.51,1791057489084922096,0.46,1.0,-4.999999999999999,2.0,2.0,-9.0,4.867954996,cfb_20261003_wmu_buff
"POST-HOC EXPLORATORY; INVALID, LOOKAHEAD",KXNCAAFGAME-26OCT03WMUBUFF-BUFF,1791057563779362618,1791057562286290000,-1,2580.85,455.042,0.0449999999999999,1791057562314472290,1791057562316938669,0.25,long_home,1791057564037501642,0.008139024,0.64,1791057574155415128,0.68,10.0,4.0000000000000036,1.7,1.6,0.7000000000000033,1.493072618,cfb_20261003_wmu_buff
"POST-HOC EXPLORATORY; INVALID, LOOKAHEAD",KXNCAAFGAME-26OCT03WMUBUFF-WMU,1791057880258768275,1791057870114183000,-1,500.0,467.8799999999997,0.03,1791057870143131968,1791057870155649230,0.25,long_home,1791057881012177466,0.503409191,0.02,1791057891164488347,0.03,10.0,1.0,0.2,0.3,0.4999999999999998,10.144585275,cfb_20261003_wmu_buff
"POST-HOC EXPLORATORY; INVALID, LOOKAHEAD",KXNCAAFGAME-26OCT03WVUISU-ISU,1791055205916202043,1791055200349227000,-1,1076.61,414.0419999999998,0.025,1791055200377871214,1791055200380278722,0.25,long_home,1791055206225991684,0.059789641,0.78,1791055216354097970,0.83,1.0099999999999716,4.999999999999993,1.980198019802036,0.990099009901018,2.0297029702969387,5.566975043,cfb_20261003_wvu_isu
"POST-HOC EXPLORATORY; INVALID, LOOKAHEAD",KXNCAAFGAME-26OCT03ARSTULL-ARST,1791080645669693371,1791080636173196000,-1,1000.0,548.4024999999999,0.0849999999999999,1791080629707472808,1791080643236609457,0.25,long_home,1791080645957675508,0.037982137,0.61,1791080657303678622,0.6,10.0,-1.0000000000000009,1.7,1.7,-4.400000000000001,9.496497371,cfb_20261004_arst_ull
"POST-HOC EXPLORATORY; INVALID, LOOKAHEAD",KXNCAAFGAME-26OCT03NAUIDST-IDST,1791079643967278439,1791079643627743000,-1,233.9,100.0,0.0199999999999999,1791079642009514894,1791079643657358118,0.25,long_home,1791079644523950006,0.306671567,0.27,1791079657599195162,0.23,10.0,-4.000000000000001,1.4,1.3,-6.700000000000001,0.339535439,cfb_20261004_nau_idst
"POST-HOC EXPLORATORY; INVALID, LOOKAHEAD",KXNCAAFGAME-26OCT03NAUIDST-NAU,1791080750368669232,1791080749984830000,1,3066.33,100.118,0.035,1791080750015117623,1791080750016320066,0.25,short_home,1791080751123719332,0.5050501,0.16,1791080761527916330,0.11,10.0,5.0,1.0,0.7000000000000001,3.3,0.383839232,cfb_20261004_nau_idst
"POST-HOC EXPLORATORY; INVALID, LOOKAHEAD",KXNCAAFGAME-26OCT03SUUUTU-UTU,1791073668970443018,1791073666188629000,1,328.11,80.0,0.02,1791073666208525399,1791073666214657244,0.25,short_home,1791073669268634735,0.048191717,0.11,1791073679378391202,0.16,10.0,-5.0,0.7000000000000001,1.0,-6.7,2.781814018,cfb_20261004_suu_utu
"POST-HOC EXPLORATORY; INVALID, LOOKAHEAD",KXNCAAFGAME-26OCT03SUUUTU-SUU,1791075546312997893,1791075544439538000,1,97.0,90.0,0.02,1791075539804852247,1791075544466346870,0.25,short_home,1791075547961494837,1.398496944,0.36,1791075558090268541,0.38,10.0,-2.0000000000000018,1.7,1.7,-5.400000000000002,1.873459893,cfb_20261004_suu_utu
"POST-HOC EXPLORATORY; INVALID, LOOKAHEAD",KXNCAAFGAME-26OCT03WEBCP-CP,1791077076876341176,1791077073408122000,1,114.8,68.05899999999993,0.035,1791077073435801022,1791077073436455567,0.25,short_home,1791077077167836034,0.041494858,0.33,1791077087168258528,0.44,7.39,-10.999999999999998,1.6238159675236807,1.7591339648173208,-14.382949932341,3.468219176,cfb_20261004_web_cp
"POST-HOC EXPLORATORY; INVALID, LOOKAHEAD",KXNCAAFGAME-26OCT03WEBCP-CP,1791079864286708373,1791079860763803000,-1,77.88,68.05899999999993,0.025,1791079855819966238,1791079860791798636,0.25,long_home,1791079866662317382,2.125609009,0.73,1791079878285333003,0.6,10.0,-13.0,1.4,1.7,-16.1,3.522905373,cfb_20261004_web_cp
"POST-HOC EXPLORATORY; INVALID, LOOKAHEAD",KXNCAAFGAME-26OCT03WEBCP-CP,1791080375061931043,1791080371326639000,-1,68.15,68.05899999999993,0.03,1791080367877228356,1791080371358027655,0.25,long_home,1791080378100611416,2.788680373,0.59,1791080388115690867,0.5,10.0,-8.999999999999996,1.7,1.8,-12.499999999999996,3.735292043,cfb_20261004_web_cp
"POST-HOC EXPLORATORY; INVALID, LOOKAHEAD",KXNCAAFGAME-26OCT03WEBCP-WEB,1791081768537584467,1791081767048913000,-1,274.49,65.58199999999992,0.0349999999999999,1791081767066275391,1791081767078771312,0.25,long_home,1791081768788988281,0.001403814,0.67,1791081778878567674,0.62,1.0,-5.000000000000004,2.0,2.0,-9.000000000000004,1.488671467,cfb_20261004_web_cp
"POST-HOC EXPLORATORY; INVALID, LOOKAHEAD",KXNCAAFGAME-26OCT03WEBCP-CP,1791082469885066045,1791082464660167000,1,76.02,68.05899999999993,0.0249999999999999,1791082463596650120,1791082465685954609,0.25,short_home,1791082470225566957,0.090500912,0.82,1791082480229869735,0.87,10.0,-5.000000000000004,1.1,0.8,-6.900000000000005,5.224899045,cfb_20261004_web_cp
"POST-HOC EXPLORATORY; INVALID, LOOKAHEAD",KXNCAAFGAME-26OCT03WEBCP-CP,1791083689069362319,1791083687605629000,-1,74.12,68.05899999999993,0.02,1791083676651558262,1791083688068658434,0.25,long_home,1791083689323081790,0.003719471,0.59,1791083699895843489,0.56,10.0,-2.9999999999999916,1.7,1.8,-6.499999999999991,1.463733319,cfb_20261004_web_cp
"POST-HOC EXPLORATORY; INVALID, LOOKAHEAD",KXNCAAFGAME-26OCT03WEBCP-CP,1791084016205450802,1791084014922713000,1,155.51,68.05899999999993,0.025,1791084014943434219,1791084014951583182,0.25,short_home,1791084016456203743,0.000752941,0.74,1791084026548544693,0.76,10.0,-2.0000000000000018,1.4,1.3,-4.700000000000002,1.282737802,cfb_20261004_web_cp
"POST-HOC EXPLORATORY; INVALID, LOOKAHEAD",KXNCAAFGAME-26OCT03WEBCP-WEB,1791084241261914654,1791084235615428000,-1,82.22,65.58199999999992,0.0249999999999999,1791084227839636416,1791084239112038425,0.25,long_home,1791084241518621838,0.006707184,0.57,1791084251637585504,0.52,10.0,-4.999999999999993,1.8,1.8,-8.599999999999993,5.646486654,cfb_20261004_web_cp
"POST-HOC EXPLORATORY; INVALID, LOOKAHEAD",KXNCAAFGAME-26OCT03WEBCP-WEB,1791084415820706991,1791084414994187000,1,295.02,65.58199999999992,0.0449999999999999,1791084415022712125,1791084415024977395,0.25,short_home,1791084416156666744,0.085959753,0.68,1791084426681438064,0.69,10.0,-0.9999999999999898,1.6,1.5,-4.09999999999999,0.826519991,cfb_20261004_web_cp
"POST-HOC EXPLORATORY; INVALID, LOOKAHEAD",KXNCAAFGAME-26OCT03WEBCP-CP,1791084662335787021,1791084660640795000,1,1060.63,68.05899999999993,0.035,1791084660669035011,1791084660672070546,0.25,short_home,1791084662732325820,0.146538799,0.51,1791084672732471451,0.41,10.0,10.000000000000004,1.8,1.7,6.500000000000003,1.694992021,cfb_20261004_web_cp
"POST-HOC EXPLORATORY; INVALID, LOOKAHEAD",KXNCAAFGAME-26OCT03AAMUJKST-AAMU,1791071311257900987,1791071306784778000,-1,1177.45,107.78799999999974,0.0299999999999999,1791071306811077040,1791071306815954442,0.5,long_home,1791071311794969258,0.037068271,0.27,1791071322181217551,0.25,10.0,-2.0000000000000018,1.4,1.4,-4.8000000000000025,4.473122987,cfb_20261003_aamu_jkst
"POST-HOC EXPLORATORY; INVALID, LOOKAHEAD",KXNCAAFGAME-26OCT03AAMUJKST-AAMU,1791072864700929141,1791072853745621000,-1,330.85,107.78799999999974,0.0249999999999999,1791072849886129242,1791072861259434347,0.5,long_home,1791072865675754258,0.474825117,0.21,1791072876302692279,0.21,5.0,0.0,1.2,1.2,-2.4,10.955308141,cfb_20261003_aamu_jkst
"POST-HOC EXPLORATORY; INVALID, LOOKAHEAD",KXNCAAFGAME-26OCT03AAMUJKST-JKST,1791073053547994782,1791073052708245000,1,567.1,100.0,0.0449999999999999,1791073052712622902,1791073052735845290,0.5,short_home,1791073054060637218,0.012642436,0.22,1791073064101891089,0.24,5.0,-1.9999999999999991,1.4,1.4,-4.8,0.839749782,cfb_20261003_aamu_jkst
"POST-HOC EXPLORATORY; INVALID, LOOKAHEAD",KXNCAAFGAME-26OCT03AAMUJKST-AAMU,1791073406908650085,1791073405474348000,1,150.0,107.78799999999974,0.0199999999999999,1791073405517089596,1791073405536774726,0.5,short_home,1791073410578436160,3.169786075,0.04,1791073422485579441,0.05,10.0,-1.0000000000000002,0.3,0.4,-1.7000000000000002,1.434302085,cfb_20261003_aamu_jkst
"POST-HOC EXPLORATORY; INVALID, LOOKAHEAD",KXNCAAFGAME-26OCT03ALAMSST-MSST,1791048476950963769,1791048473212700000,1,983.0,525.39,0.02,1791048472725172262,1791048473247555363,0.5,short_home,1791048477468577428,0.017613659,0.22,1791048488869200153,0.14,10.0,7.999999999999999,1.3,0.9,5.799999999999999,3.738263769,cfb_20261003_ala_msst
"POST-HOC EXPLORATORY; INVALID, LOOKAHEAD",KXNCAAFGAME-26OCT03ALCNGRAM-ALCN,1791064642219431157,1791064639041082000,1,1247.18,101.98999999999997,0.035,1791064639077755301,1791064639078267720,0.5,short_home,1791064643245208452,0.525777295,0.79,1791064653967959613,0.82,10.0,-2.9999999999999916,1.2,1.1,-5.299999999999992,3.178349157,cfb_20261003_alcn_gram
"POST-HOC EXPLORATORY; INVALID, LOOKAHEAD",KXNCAAFGAME-26OCT03ALCNGRAM-GRAM,1791065527257937874,1791065520667046000,-1,104.0,100.0,0.02,1791065520461084770,1791065520694920323,0.5,long_home,1791065527868394065,0.110456191,0.4,1791065537880395356,0.37,10.0,-3.0000000000000027,1.7,1.7,-6.400000000000003,6.590891874,cfb_20261003_alcn_gram
"POST-HOC EXPLORATORY; INVALID, LOOKAHEAD",KXNCAAFGAME-26OCT03ALCNGRAM-GRAM,1791066875962309111,1791066865480327000,-1,500.0,100.0,0.0249999999999999,1791066856692727172,1791066869397279265,0.5,long_home,1791066877423803524,0.961494413,0.2,1791066888288772524,0.18,10.0,-2.0000000000000018,1.2,1.1,-4.3000000000000025,10.481982111,cfb_20261003_alcn_gram
"POST-HOC EXPLORATORY; INVALID, LOOKAHEAD",KXNCAAFGAME-26OCT03ALSTCOOK-COOK,1791072252088672519,1791072242980589000,1,115.0,100.0,0.0899999999999999,1791072238708828170,1791072250082208597,0.5,short_home,1791072252594322198,0.005649679,0.77,1791072262676582200,0.83,10.0,-5.999999999999995,1.3,1.0,-8.299999999999994,9.108083519,cfb_20261003_alst_cook
"POST-HOC EXPLORATORY; INVALID, LOOKAHEAD",KXNCAAFGAME-26OCT03ALSTCOOK-COOK,1791072863450198692,1791072858541501000,1,411.0,100.0,0.0349999999999999,1791072848156845065,1791072861302068316,0.5,short_home,1791072864137895784,0.187697092,0.92,1791072874967954905,0.9,10.0,2.0000000000000018,0.6,0.7000000000000001,0.7000000000000016,4.908697692,cfb_20261003_alst_cook
"POST-HOC EXPLORATORY; INVALID, LOOKAHEAD",KXNCAAFGAME-26OCT03ARKTXAM-TXAM,1791072865325415652,1791072850970043000,1,954.62,662.8059999999973,0.0299999999999999,1791072849722307544,1791072861387796141,0.5,short_home,1791072871098508576,5.273092924,0.95,1791072881703249616,0.95,10.0,0.0,0.4,0.4,-0.8,14.355372652,cfb_20261003_ark_txam
"POST-HOC EXPLORATORY; INVALID, LOOKAHEAD",KXNCAAFGAME-26OCT03AUBTENN-TENN,1791063216723536086,1791063212058357000,-1,500.0,473.93,0.025,1791063199293426583,1791063213487607183,0.5,long_home,1791063217282899776,0.05936369,0.49,1791063227338775369,0.47,10.0,-2.0000000000000018,1.8,1.8,-5.600000000000001,4.665179086,cfb_20261003_aub_tenn
"POST-HOC EXPLORATORY; INVALID, LOOKAHEAD",KXNCAAFGAME-26OCT03AUBTENN-TENN,1791065050056814719,1791065042766453000,1,700.0,473.93,0.02,1791065035221446132,1791065047046836365,0.5,short_home,1791065051781874522,1.225059803,0.86,1791065062069189122,0.87,10.0,-1.0000000000000009,0.9,0.8,-2.700000000000001,7.290361719,cfb_20261003_aub_tenn
"POST-HOC EXPLORATORY; INVALID, LOOKAHEAD",KXNCAAFGAME-26OCT03BRWNURI-URI,1791051698972786095,1791051693674559000,-1,2193.38,79.39,0.045,1791051693690234118,1791051693702966147,0.5,long_home,1791051701051298650,1.578512555,0.52,1791051713602938608,0.48,10.0,-4.0000000000000036,1.8,1.8,-7.600000000000003,5.298227095,cfb_20261003_brwn_uri
"POST-HOC EXPLORATORY; INVALID, LOOKAHEAD",KXNCAAFGAME-26OCT03CAMPNCCU-CAMP,1791076473672427877,1791076470817056000,-1,438.45,79.43299999999978,0.0549999999999999,1791076470841716906,1791076470846053010,0.5,long_home,1791076475042398064,0.869970187,0.22,1791076485058206888,0.14,5.0,-7.999999999999999,1.4,1.0,-10.4,2.855371877,cfb_20261003_camp_nccu
"POST-HOC EXPLORATORY; INVALID, LOOKAHEAD",KXNCAAFGAME-26OCT03CAMPNCCU-CAMP,1791076934651092090,1791076931758225000,1,790.0,79.43299999999978,0.025,1791076931763051500,1791076931785931867,0.5,short_home,1791076935241237079,0.090144989,0.1,1791076945624584760,0.13,10.0,-3.0,0.7000000000000001,0.8,-4.5,2.89286709,cfb_20261003_camp_nccu
"POST-HOC EXPLORATORY; INVALID, LOOKAHEAD",KXNCAAFGAME-26OCT03CITSCST-CIT,1791058934341196324,1791058932269558000,1,820.07,95.20449999999994,0.0249999999999999,1791058932296295277,1791058932298648971,0.5,short_home,1791058935235680417,0.394484093,0.32,1791058946623611515,0.36,10.0,-3.9999999999999982,1.6,1.7,-7.299999999999998,2.071638324,cfb_20261003_cit_scst
"POST-HOC EXPLORATORY; INVALID, LOOKAHEAD",KXNCAAFGAME-26OCT03COLGHARV-COLG,1791072272445540983,1791072243684982000,-1,946.54,246.57450000000057,0.02,1791072234161834678,1791072253719053873,0.5,long_home,1791072273079392645,0.133851662,0.74,1791072284712978281,0.73,10.0,-1.0000000000000009,1.4,1.4,-3.8000000000000016,28.760558983,cfb_20261003_colg_harv
"POST-HOC EXPLORATORY; INVALID, LOOKAHEAD",KXNCAAFGAME-26OCT03DAYDRKE-DRKE,1791050570609899166,1791050569282993000,1,1424.71,113.3499999999998,0.0249999999999999,1791050569305150356,1791050569310028832,0.5,short_home,1791050571159977474,0.050078308,0.69,1791050582938185756,0.68,1.0,0.9999999999999898,2.0,2.0,-3.00000000000001,1.326906166,cfb_20261003_day_drke
"POST-HOC EXPLORATORY; INVALID, LOOKAHEAD",KXNCAAFGAME-26OCT03ELONUNH-ELON,1791058881613552317,1791058877799654000,-1,370.34,300.0,0.02,1791058877823780818,1791058877829817352,0.5,long_home,1791058882161659787,0.04810747,0.83,1791058892546479240,0.85,2.0000000000000036,2.0000000000000018,0.9999999999999982,0.9999999999999982,5.3290705182007506e-15,3.813898317,cfb_20261003_elon_unh
"POST-HOC EXPLORATORY; INVALID, LOOKAHEAD",KXNCAAFGAME-26OCT03FLAMIZZ-MIZZ,1791061767229886118,1791061764658856000,-1,968.11,500.0,0.0349999999999999,1791061764694610882,1791061764700322136,0.5,long_home,1791061768609530836,0.879644718,0.57,1791061778956933232,0.56,10.0,-0.9999999999999898,1.8,1.8,-4.59999999999999,2.571030118,cfb_20261003_fla_mizz
"POST-HOC EXPLORATORY; INVALID, LOOKAHEAD",KXNCAAFGAME-26OCT03IWSFA-SFA,1791070920364110671,1791070915764988000,-1,133.35,82.89999999999964,0.02,1791070911076725099,1791070915791947334,0.5,long_home,1791070920904738907,0.040628236,0.74,1791070930922184804,0.69,10.0,-5.000000000000004,1.4,1.5,-7.900000000000005,4.599122671,cfb_20261003_iw_sfa
"POST-HOC EXPLORATORY; INVALID, LOOKAHEAD",KXNCAAFGAME-26OCT03MICHMINN-MINN,1791046189371983852,1791046172825109000,1,650.0,530.0479999999999,0.04,1791046172826978536,1791046172855553332,0.5,short_home,1791046193319163195,3.447179343,0.37,1791046205027208249,0.32,0.0099999999998843,4.999999999999999,100.00000000115676,100.00000000115676,-195.00000000231353,16.546874852,cfb_20261003_mich_minn
"POST-HOC EXPLORATORY; INVALID, LOOKAHEAD",KXNCAAFGAME-26OCT03MORGVILL-VILL,1791057764289633430,1791057760544745000,-1,119.07,104.39999999999982,0.035,1791057760574929360,1791057760579111842,0.5,long_home,1791057764815073381,0.025439951,0.93,1791057775277492176,0.9,9.0,-3.0000000000000027,0.5555555555555556,0.6666666666666666,-4.222222222222225,3.74488843,cfb_20261003_morg_vill
"POST-HOC EXPLORATORY; INVALID, LOOKAHEAD",KXNCAAFGAME-26OCT03MORGVILL-MORG,1791058072048399724,1791058063531574000,1,158.0,107.2209999999994,0.0199999999999999,1791058063252752545,1791058063574557321,0.5,short_home,1791058072682256834,0.13385711,0.87,1791058083731825689,0.9,10.0,-3.0000000000000027,0.8,0.7000000000000001,-4.500000000000003,8.516825724,cfb_20261003_morg_vill
"POST-HOC EXPLORATORY; INVALID, LOOKAHEAD",KXNCAAFGAME-26OCT03MORGVILL-MORG,1791058248313712720,1791058240580966000,1,127.56,107.2209999999994,0.05,1791058240574955193,1791058240609423196,0.5,short_home,1791058249036608805,0.222896085,0.63,1791058259438744264,0.68,10.0,-5.000000000000004,1.7,1.6,-8.300000000000004,7.73274672,cfb_20261003_morg_vill
"POST-HOC EXPLORATORY; INVALID, LOOKAHEAD",KXNCAAFGAME-26OCT03MORGVILL-VILL,1791058451723829129,1791058441112043000,1,150.0,104.39999999999982,0.035,1791058439493657980,1791058451060042162,0.5,short_home,1791058452296093461,0.072264332,0.25,1791058462403771501,0.28,10.0,-3.0000000000000027,1.4,1.5,-5.900000000000003,10.611786129,cfb_20261003_morg_vill
"POST-HOC EXPLORATORY; INVALID, LOOKAHEAD",KXNCAAFGAME-26OCT03NCATBRY-BRY,1791068677033406552,1791068640474701000,-1,100.0,90.0,0.0549999999999999,1791068631389771054,1791068642941064290,0.5,long_home,1791068677534424177,0.001017625,0.57,1791068695014791042,0.51,10.0,-5.999999999999995,1.8,1.8,-9.599999999999994,36.558705552,cfb_20261003_ncat_bry
"POST-HOC EXPLORATORY; INVALID, LOOKAHEAD",KXNCAAFGAME-26OCT03NCATBRY-NCAT,1791068721244577578,1791068640490432000,-1,85.0,60.04999999999973,0.03,1791068624626199265,1791068642955361993,0.5,long_home,1791068724680245948,2.93566837,0.57,1791068734728874116,0.51,10.0,-5.999999999999995,1.8,1.8,-9.599999999999994,80.754145578,cfb_20261003_ncat_bry
"POST-HOC EXPLORATORY; INVALID, LOOKAHEAD",KXNCAAFGAME-26OCT03NORFRMU-NORF,1791054681641594155,1791054674812858000,1,335.0,100.0,0.0199999999999999,1791054674827107679,1791054674842198859,0.5,short_home,1791054694471044487,12.329450332,0.47,1791054714289572570,0.52,10.0,-5.000000000000004,1.8,1.8,-8.600000000000005,6.828736155,cfb_20261003_norf_rmu
"POST-HOC EXPLORATORY; INVALID, LOOKAHEAD",KXNCAAFGAME-26OCT03NORFRMU-NORF,1791056092613573857,1791056010478674000,1,102.0,100.0,0.02,1791055999173407144,1791056017618405826,0.5,short_home,1791056095773024644,2.659450787,0.73,1791056111972499099,0.77,10.0,-4.0000000000000036,1.4,1.3,-6.700000000000004,82.134899857,cfb_20261003_norf_rmu
"POST-HOC EXPLORATORY; INVALID, LOOKAHEAD",KXNCAAFGAME-26OCT03NORFRMU-NORF,1791062159130786818,1791062154002297000,1,165.0,100.0,0.0349999999999999,1791062153667169017,1791062154034729978,0.5,short_home,1791062159633316688,0.00252987,0.31,1791062169641750252,0.29,10.0,2.0000000000000018,1.5,1.5,-0.9999999999999982,5.128489818,cfb_20261003_norf_rmu
"POST-HOC EXPLORATORY; INVALID, LOOKAHEAD",KXNCAAFGAME-26OCT03NORFRMU-NORF,1791063160758397466,1791063158331184000,-1,869.33,100.0,0.145,1791063158399395896,1791063158400001904,0.5,long_home,1791063161373629381,0.115231915,0.99,1791063171829606260,0.99,10.0,0.0,0.1,0.1,-0.2,2.427213466,cfb_20261003_norf_rmu
"POST-HOC EXPLORATORY; INVALID, LOOKAHEAD",KXNCAAFGAME-26OCT03OHIOKENT-KENT,1791059681863982884,1791059655904884000,-1,500.0,272.14399999999995,0.11,1791059650734768765,1791059663300300417,0.5,long_home,1791059684621575044,2.25759216,0.37,1791059695273802888,0.32,1.0,-4.999999999999999,2.0,2.0,-9.0,25.959098884,cfb_20261003_ohio_kent
"POST-HOC EXPLORATORY; INVALID, LOOKAHEAD",KXNCAAFGAME-26OCT03OSUIOWA-OSU,1791059665712514266,1791059656867824000,1,651.42,606.8919999999994,0.02,1791059649056223038,1791059662231215346,0.5,short_home,1791059666362956259,0.150441993,0.14,1791059676602486790,0.15,10.0,-0.999999999999998,0.9,0.9,-2.799999999999998,8.844690266,cfb_20261003_osu_iowa
"POST-HOC EXPLORATORY; INVALID, LOOKAHEAD",KXNCAAFGAME-26OCT03PURILL-ILL,1791068034202576966,1791068024346444000,-1,858.0,679.8199999999999,0.03,1791068020277234109,1791068032225254457,0.5,long_home,1791068035990719273,1.288142307,0.23,1791068049068550834,0.22,10.0,-1.0000000000000009,1.3,1.3,-3.6000000000000005,9.856132966,cfb_20261003_pur_ill
"POST-HOC EXPLORATORY; INVALID, LOOKAHEAD",KXNCAAFGAME-26OCT03RICHLAF-LAF,1791050529841787176,1791050524892495000,1,469.27,100.0,0.025,1791050524915632242,1791050524923772934,0.5,short_home,1791050530517782962,0.175995786,0.67,1791050541310982263,0.69,1.0,-1.999999999999991,2.0,2.0,-5.999999999999991,4.949292176,cfb_20261003_rich_laf
"POST-HOC EXPLORATORY; INVALID, LOOKAHEAD",KXNCAAFGAME-26OCT03RICHLAF-LAF,1791050853740563242,1791050850533031000,-1,127.0,100.0,0.025,1791050847804398490,1791050850565563313,0.5,long_home,1791050857919277202,3.67871396,0.6,1791050868049267711,0.56,10.0,-3.999999999999993,1.7,1.8,-7.499999999999992,3.207532242,cfb_20261003_rich_laf
"POST-HOC EXPLORATORY; INVALID, LOOKAHEAD",KXNCAAFGAME-26OCT03RICHLAF-RICH,1791053518609150178,1791053513510533000,1,398.0,113.56799999999974,0.0249999999999999,1791053512081487330,1791053513543030358,0.5,short_home,1791053521145097383,2.035947205,0.34,1791053532278273561,0.38,6.0,-3.9999999999999982,1.6666666666666667,1.6666666666666667,-7.333333333333332,5.098617178,cfb_20261003_rich_laf
"POST-HOC EXPLORATORY; INVALID, LOOKAHEAD",KXNCAAFGAME-26OCT03TNSTWIU-WIU,1791068661649567202,1791068633799214000,-1,105.0,68.75149999999991,0.02,1791068630695030809,1791068643655255601,0.5,long_home,1791068670508367490,8.358800288,0.64,1791068680514175746,0.64,10.0,0.0,1.7,1.7,-3.4,27.850353202,cfb_20261003_tnst_wiu
"POST-HOC EXPLORATORY; INVALID, LOOKAHEAD",KXNCAAFGAME-26OCT03TNSTWIU-WIU,1791068925295714953,1791068920142358000,1,735.5,68.75149999999991,0.0199999999999999,1791068920169333395,1791068920172556500,0.5,short_home,1791068925802836326,0.007121373,0.54,1791068935898450934,0.54,8.17,0.0,1.8359853121175032,1.8359853121175032,-3.6719706242350063,5.153356953,cfb_20261003_tnst_wiu
"POST-HOC EXPLORATORY; INVALID, LOOKAHEAD",KXNCAAFGAME-26OCT03TNSTWIU-WIU,1791069901679435504,1791069896636344000,1,116.0,68.75149999999991,0.025,1791069896666084423,1791069896668684316,0.5,short_home,1791069902494987123,0.315551619,0.67,1791069913433084765,0.81,10.0,-14.000000000000002,1.6,1.1,-16.700000000000003,5.043091504,cfb_20261003_tnst_wiu
"POST-HOC EXPLORATORY; INVALID, LOOKAHEAD",KXNCAAFGAME-26OCT03TNSTWIU-WIU,1791069992217225464,1791069988937176000,-1,111.0,68.75149999999991,0.03,1791069988966750706,1791069988968768864,0.5,long_home,1791069992720595518,0.003370054,0.81,1791070002986643824,0.77,7.599999999999998,-4.0000000000000036,1.1842105263157898,1.3157894736842108,-6.5000000000000036,3.280049464,cfb_20261003_tnst_wiu
"POST-HOC EXPLORATORY; INVALID, LOOKAHEAD",KXNCAAFGAME-26OCT03TNTCWCU-TNTC,1791075681838904562,1791075678568294000,1,184.73,72.12,0.02,1791075678595992336,1791075678596768108,0.5,short_home,1791075685571820063,3.232915501,0.73,1791075703161010717,0.76,1.0,-3.0000000000000027,2.0,2.0,-7.000000000000003,3.270610562,cfb_20261003_tntc_wcu
"POST-HOC EXPLORATORY; INVALID, LOOKAHEAD",KXNCAAFGAME-26OCT03TNTCWCU-TNTC,1791075838270988731,1791075825449675000,-1,87.0,72.12,0.02,1791075819033954602,1791075834911731761,0.5,long_home,1791075841065716946,2.294728215,0.58,1791075851086564342,0.54,1.0,-3.999999999999993,2.0,2.0,-7.999999999999993,12.821313731,cfb_20261003_tntc_wcu
"POST-HOC EXPLORATORY; INVALID, LOOKAHEAD",KXNCAAFGAME-26OCT03TOWSMONM-MONM,1791053993159086616,1791053988371003000,-1,1435.17,98.30499999999904,0.0499999999999999,1791053988400065619,1791053988400663345,0.5,long_home,1791053993735784643,0.076698027,0.4,1791054004412962538,0.41,4.89,0.9999999999999952,1.8404907975460123,1.8404907975460123,-2.680981595092029,4.788083616,cfb_20261003_tows_monm
"POST-HOC EXPLORATORY; INVALID, LOOKAHEAD",KXNCAAFGAME-26OCT03TOWSMONM-MONM,1791058127267357852,1791058120716475000,-1,177.61,98.30499999999904,0.025,1791058120320154501,1791058120744649821,0.5,long_home,1791058127922211395,0.154853543,0.89,1791058137964636435,0.88,10.0,-1.0000000000000009,0.7000000000000001,0.8,-2.500000000000001,6.550882852,cfb_20261003_tows_monm
"POST-HOC EXPLORATORY; INVALID, LOOKAHEAD",KXNCAAFGAME-26OCT03UCFHOU-UCF,1791051847072971746,1791051834398143000,-1,1840.94,407.7919999999971,0.29,1791051830623177587,1791051843741500426,0.5,long_home,1791051847574253752,0.001282006,0.23,1791051857767051724,0.24,10.0,0.999999999999998,1.3,1.3,-1.600000000000002,12.674828746,cfb_20261003_ucf_hou
"POST-HOC EXPLORATORY; INVALID, LOOKAHEAD",KXNCAAFGAME-26OCT03UKSCAR-SCAR,1791071639589285381,1791071630306482000,1,1091.42,600.0,0.05,1791071627436204917,1791071638856136842,0.5,short_home,1791071640118030828,0.028745447,0.53,1791071650189562165,0.54,10.0,-1.0000000000000009,1.8,1.8,-4.6000000000000005,9.282803381,cfb_20261003_uk_scar
"POST-HOC EXPLORATORY; INVALID, LOOKAHEAD",KXNCAAFGAME-26OCT03UKSCAR-UK,1791072141246358712,1791072139542942000,1,699.2,496.3044999999992,0.0399999999999999,1791072139572290513,1791072139572869994,0.5,short_home,1791072141748672595,0.002313883,0.32,1791072151751662666,0.06,10.0,26.0,1.6,0.4,24.0,1.703416712,cfb_20261003_uk_scar
"POST-HOC EXPLORATORY; INVALID, LOOKAHEAD",KXNCAAFGAME-26OCT03UTRGVETAM-UTRGV,1791077679984328569,1791077649026599000,-1,100.0,81.54999999999995,0.0249999999999999,1791077645739942230,1791077659095173266,0.5,long_home,1791077680518388955,0.034060386,0.63,1791077690520476041,0.62,2.0,-1.0000000000000009,2.0,2.0,-5.000000000000001,30.957729569,cfb_20261003_utrgv_etam
"POST-HOC EXPLORATORY; INVALID, LOOKAHEAD",KXNCAAFGAME-26OCT03UTRGVETAM-UTRGV,1791077735642594968,1791077732845018000,1,153.56,81.54999999999995,0.02,1791077728749605838,1791077732873333821,0.5,short_home,1791077738911675872,2.769080904,0.69,1791077750818358866,0.75,10.0,-6.000000000000005,1.5,1.4,-8.900000000000006,2.797576968,cfb_20261003_utrgv_etam
"POST-HOC EXPLORATORY; INVALID, LOOKAHEAD",KXNCAAFGAME-26OCT03UTRGVETAM-ETAM,1791078581566076347,1791078563600508000,-1,2970.37,76.0,0.0799999999999999,1791078563625196718,1791078563627610835,0.5,long_home,1791078582089351371,0.023275024,0.73,1791078592102686338,0.7,10.0,-3.0000000000000027,1.4,1.5,-5.900000000000003,17.965568347,cfb_20261003_utrgv_etam
"POST-HOC EXPLORATORY; INVALID, LOOKAHEAD",KXNCAAFGAME-26OCT03UTRGVETAM-ETAM,1791080228791891227,1791080225445939000,1,77.87,76.0,0.02,1791080224058378895,1791080225474234587,0.5,short_home,1791080229298482289,0.006591062,0.67,1791080239471469947,0.96,4.0,-28.999999999999993,1.7500000000000002,0.5,-31.249999999999993,3.345952227,cfb_20261003_utrgv_etam
"POST-HOC EXPLORATORY; INVALID, LOOKAHEAD",KXNCAAFGAME-26OCT03WASHUSC-WASH,1791072252914059415,1791072240010024000,1,871.03,500.0,0.02,1791072238564744524,1791072250138061167,0.5,short_home,1791072253497589592,0.083530177,0.79,1791072264658209935,0.8,10.0,-1.0000000000000009,1.2,1.2,-3.4000000000000012,12.904035415,cfb_20261003_wash_usc
"POST-HOC EXPLORATORY; INVALID, LOOKAHEAD",KXNCAAFGAME-26OCT03WASHUSC-WASH,1791074625216999478,1791074616993455000,-1,1000.0,500.0,0.0799999999999999,1791074612241657536,1791074623544292081,0.5,long_home,1791074625720366976,0.003367498,0.78,1791074636064408863,0.81,10.0,3.0000000000000027,1.3,1.1,0.6000000000000025,8.223544478,cfb_20261003_wash_usc
"POST-HOC EXPLORATORY; INVALID, LOOKAHEAD",KXNCAAFGAME-26OCT03WASHUSC-WASH,1791081864873714572,1791081861708412000,1,1000.0,500.0,0.02,1791081853009194187,1791081864422999186,0.5,short_home,1791081865479520002,0.10580543,0.75,1791081875589443419,0.76,10.0,-1.0000000000000009,1.4,1.3,-3.700000000000001,3.165302572,cfb_20261003_wash_usc
"POST-HOC EXPLORATORY; INVALID, LOOKAHEAD",KXNCAAFGAME-26OCT03WEBBCHSO-WEBB,1791074297188054634,1791074295836552000,1,128.0,111.39999999999964,0.03,1791074294427787187,1791074295871451174,0.5,short_home,1791074298387833816,0.699779182,0.64,1791074308397337676,0.74,10.0,-9.999999999999998,1.7,1.4,-13.099999999999998,1.351502634,cfb_20261003_webb_chso
"POST-HOC EXPLORATORY; INVALID, LOOKAHEAD",KXNCAAFGAME-26OCT03WEBBCHSO-CHSO,1791076739854824975,1791076735315903000,-1,162.0,100.0,0.02,1791076733355476790,1791076735345944880,0.5,long_home,1791076740358456311,0.003631336,0.23,1791076750588941350,0.1,9.91000000000031,-13.0,1.31180625630672,0.7063572149343877,-15.018163471241108,4.538921975,cfb_20261003_webb_chso
"POST-HOC EXPLORATORY; INVALID, LOOKAHEAD",KXNCAAFGAME-26OCT03WMUBUFF-WMU,1791056630368770334,1791056628175656000,-1,474.0,467.8799999999997,0.05,1791056616671599316,1791056628763698862,0.5,long_home,1791056631249831901,0.381061567,0.18,1791056641919547692,0.18,10.0,0.0,1.1,1.1,-2.2,2.193114334,cfb_20261003_wmu_buff
"POST-HOC EXPLORATORY; INVALID, LOOKAHEAD",KXNCAAFGAME-26OCT03WMUBUFF-WMU,1791057240853985344,1791057233075671000,-1,1444.0,467.8799999999997,0.0449999999999999,1791057228133524955,1791057239708768384,0.5,long_home,1791057241391563172,0.037577828,0.13,1791057251470867310,0.14,10.0,1.0000000000000009,0.8,0.9,-0.6999999999999992,7.778314344,cfb_20261003_wmu_buff
"POST-HOC EXPLORATORY; INVALID, LOOKAHEAD",KXNCAAFGAME-26OCT03WMUBUFF-BUFF,1791057478545688996,1791057473677734000,-1,5060.11,455.042,0.0349999999999999,1791057473701817163,1791057473715438000,0.5,long_home,1791057479052338202,0.006649206,0.51,1791057489084922096,0.46,10.0,-4.999999999999999,1.8,1.8,-8.6,4.867954996,cfb_20261003_wmu_buff
"POST-HOC EXPLORATORY; INVALID, LOOKAHEAD",KXNCAAFGAME-26OCT03WMUBUFF-BUFF,1791057563779362618,1791057562286290000,-1,2580.85,455.042,0.0449999999999999,1791057562314472290,1791057562316938669,0.5,long_home,1791057564429183386,0.149820768,0.62,1791057574475160227,0.69,2.0,6.999999999999995,2.0,1.5,3.4999999999999947,1.493072618,cfb_20261003_wmu_buff
"POST-HOC EXPLORATORY; INVALID, LOOKAHEAD",KXNCAAFGAME-26OCT03WMUBUFF-WMU,1791057880258768275,1791057870114183000,-1,500.0,467.8799999999997,0.03,1791057870143131968,1791057870155649230,0.5,long_home,1791057881012177466,0.253409191,0.02,1791057891164488347,0.03,10.0,1.0,0.2,0.3,0.4999999999999998,10.144585275,cfb_20261003_wmu_buff
"POST-HOC EXPLORATORY; INVALID, LOOKAHEAD",KXNCAAFGAME-26OCT03WVUISU-ISU,1791055205916202043,1791055200349227000,-1,1076.61,414.0419999999998,0.025,1791055200377871214,1791055200380278722,0.5,long_home,1791055206551333040,0.135130997,0.81,1791055216580747218,0.86,10.0,4.999999999999993,1.1,0.9,2.999999999999993,5.566975043,cfb_20261003_wvu_isu
"POST-HOC EXPLORATORY; INVALID, LOOKAHEAD",KXNCAAFGAME-26OCT03ARSTULL-ARST,1791080645669693371,1791080636173196000,-1,1000.0,548.4024999999999,0.0849999999999999,1791080629707472808,1791080643236609457,0.5,long_home,1791080646234557121,0.06486375,0.61,1791080657303678622,0.6,10.0,-1.0000000000000009,1.7,1.7,-4.400000000000001,9.496497371,cfb_20261004_arst_ull
"POST-HOC EXPLORATORY; INVALID, LOOKAHEAD",KXNCAAFGAME-26OCT03NAUIDST-IDST,1791079643967278439,1791079643627743000,-1,233.9,100.0,0.0199999999999999,1791079642009514894,1791079643657358118,0.5,long_home,1791079644523950006,0.056671567,0.27,1791079657599195162,0.23,10.0,-4.000000000000001,1.4,1.3,-6.700000000000001,0.339535439,cfb_20261004_nau_idst
"POST-HOC EXPLORATORY; INVALID, LOOKAHEAD",KXNCAAFGAME-26OCT03NAUIDST-NAU,1791080750368669232,1791080749984830000,1,3066.33,100.118,0.035,1791080750015117623,1791080750016320066,0.5,short_home,1791080751123719332,0.2550501,0.16,1791080761527916330,0.11,10.0,5.0,1.0,0.7000000000000001,3.3,0.383839232,cfb_20261004_nau_idst
"POST-HOC EXPLORATORY; INVALID, LOOKAHEAD",KXNCAAFGAME-26OCT03SUUUTU-UTU,1791073668970443018,1791073666188629000,1,328.11,80.0,0.02,1791073666208525399,1791073666214657244,0.5,short_home,1791073669475888777,0.005445759,0.11,1791073679700984878,0.16,10.0,-5.0,0.7000000000000001,1.0,-6.7,2.781814018,cfb_20261004_suu_utu
"POST-HOC EXPLORATORY; INVALID, LOOKAHEAD",KXNCAAFGAME-26OCT03SUUUTU-SUU,1791075546312997893,1791075544439538000,1,97.0,90.0,0.02,1791075539804852247,1791075544466346870,0.5,short_home,1791075547961494837,1.148496944,0.36,1791075558090268541,0.38,10.0,-2.0000000000000018,1.7,1.7,-5.400000000000002,1.873459893,cfb_20261004_suu_utu
"POST-HOC EXPLORATORY; INVALID, LOOKAHEAD",KXNCAAFGAME-26OCT03WEBCP-CP,1791077076876341176,1791077073408122000,1,114.8,68.05899999999993,0.035,1791077073435801022,1791077073436455567,0.5,short_home,1791077077399674614,0.023333438,0.33,1791077087525801172,0.44,7.39,-10.999999999999998,1.6238159675236807,1.7591339648173208,-14.382949932341,3.468219176,cfb_20261004_web_cp
"POST-HOC EXPLORATORY; INVALID, LOOKAHEAD",KXNCAAFGAME-26OCT03WEBCP-CP,1791079864286708373,1791079860763803000,-1,77.88,68.05899999999993,0.025,1791079855819966238,1791079860791798636,0.5,long_home,1791079866662317382,1.875609009,0.73,1791079878285333003,0.6,10.0,-13.0,1.4,1.7,-16.1,3.522905373,cfb_20261004_web_cp
"POST-HOC EXPLORATORY; INVALID, LOOKAHEAD",KXNCAAFGAME-26OCT03WEBCP-CP,1791080375061931043,1791080371326639000,-1,68.15,68.05899999999993,0.03,1791080367877228356,1791080371358027655,0.5,long_home,1791080378100611416,2.538680373,0.59,1791080388115690867,0.5,10.0,-8.999999999999996,1.7,1.8,-12.499999999999996,3.735292043,cfb_20261004_web_cp
"POST-HOC EXPLORATORY; INVALID, LOOKAHEAD",KXNCAAFGAME-26OCT03WEBCP-WEB,1791081768537584467,1791081767048913000,-1,274.49,65.58199999999992,0.0349999999999999,1791081767066275391,1791081767078771312,0.5,long_home,1791081769083458570,0.045874103,0.68,1791081779441472697,0.62,10.0,-6.000000000000005,1.6,1.7,-9.300000000000004,1.488671467,cfb_20261004_web_cp
"POST-HOC EXPLORATORY; INVALID, LOOKAHEAD",KXNCAAFGAME-26OCT03WEBCP-CP,1791082469885066045,1791082464660167000,1,76.02,68.05899999999993,0.0249999999999999,1791082463596650120,1791082465685954609,0.5,short_home,1791082470389917622,0.004851577,0.82,1791082480391599889,0.87,10.0,-5.000000000000004,1.1,0.8,-6.900000000000005,5.224899045,cfb_20261004_web_cp
"POST-HOC EXPLORATORY; INVALID, LOOKAHEAD",KXNCAAFGAME-26OCT03WEBCP-CP,1791083689069362319,1791083687605629000,-1,74.12,68.05899999999993,0.02,1791083676651558262,1791083688068658434,0.5,long_home,1791083690071360593,0.501998274,0.58,1791083700416642909,0.56,10.0,-1.999999999999991,1.8,1.8,-5.599999999999991,1.463733319,cfb_20261004_web_cp
"POST-HOC EXPLORATORY; INVALID, LOOKAHEAD",KXNCAAFGAME-26OCT03WEBCP-CP,1791084016205450802,1791084014922713000,1,155.51,68.05899999999993,0.025,1791084014943434219,1791084014951583182,0.5,short_home,1791084016775526181,0.070075379,0.74,1791084026791868736,0.76,10.0,-2.0000000000000018,1.4,1.3,-4.700000000000002,1.282737802,cfb_20261004_web_cp
"POST-HOC EXPLORATORY; INVALID, LOOKAHEAD",KXNCAAFGAME-26OCT03WEBCP-WEB,1791084241261914654,1791084235615428000,-1,82.22,65.58199999999992,0.0249999999999999,1791084227839636416,1791084239112038425,0.5,long_home,1791084241765877028,0.003962374,0.58,1791084253014701615,0.52,10.0,-5.999999999999995,1.8,1.8,-9.599999999999994,5.646486654,cfb_20261004_web_cp
"POST-HOC EXPLORATORY; INVALID, LOOKAHEAD",KXNCAAFGAME-26OCT03WEBCP-WEB,1791084415820706991,1791084414994187000,1,295.02,65.58199999999992,0.0449999999999999,1791084415022712125,1791084415024977395,0.5,short_home,1791084416657150179,0.336443188,0.68,1791084426681438064,0.69,10.0,-0.9999999999999898,1.6,1.5,-4.09999999999999,0.826519991,cfb_20261004_web_cp
"POST-HOC EXPLORATORY; INVALID, LOOKAHEAD",KXNCAAFGAME-26OCT03WEBCP-CP,1791084662335787021,1791084660640795000,1,1060.63,68.05899999999993,0.035,1791084660669035011,1791084660672070546,0.5,short_home,1791084663235347885,0.399560864,0.51,1791084673236455947,0.39,10.0,12.0,1.8,1.7,8.5,1.694992021,cfb_20261004_web_cp
"POST-HOC EXPLORATORY; INVALID, LOOKAHEAD",KXNCAAFGAME-26OCT03AAMUJKST-AAMU,1791071311257900987,1791071306784778000,-1,1177.45,107.78799999999974,0.0299999999999999,1791071306811077040,1791071306815954442,1.0,long_home,1791071312300506066,0.042605079,0.27,1791071322319296988,0.25,10.0,-2.0000000000000018,1.4,1.4,-4.8000000000000025,4.473122987,cfb_20261003_aamu_jkst
"POST-HOC EXPLORATORY; INVALID, LOOKAHEAD",KXNCAAFGAME-26OCT03AAMUJKST-AAMU,1791072864700929141,1791072853745621000,-1,330.85,107.78799999999974,0.0249999999999999,1791072849886129242,1791072861259434347,1.0,long_home,1791072865773879709,0.072950568,0.21,1791072876302692279,0.21,5.0,0.0,1.2,1.2,-2.4,10.955308141,cfb_20261003_aamu_jkst
"POST-HOC EXPLORATORY; INVALID, LOOKAHEAD",KXNCAAFGAME-26OCT03AAMUJKST-JKST,1791073053547994782,1791073052708245000,1,567.1,100.0,0.0449999999999999,1791073052712622902,1791073052735845290,1.0,short_home,1791073054911940100,0.363945318,0.22,1791073065005416071,0.24,5.0,-1.9999999999999991,1.4,1.4,-4.8,0.839749782,cfb_20261003_aamu_jkst
"POST-HOC EXPLORATORY; INVALID, LOOKAHEAD",KXNCAAFGAME-26OCT03AAMUJKST-AAMU,1791073406908650085,1791073405474348000,1,150.0,107.78799999999974,0.0199999999999999,1791073405517089596,1791073405536774726,1.0,short_home,1791073410578436160,2.669786075,0.04,1791073422485579441,0.05,10.0,-1.0000000000000002,0.3,0.4,-1.7000000000000002,1.434302085,cfb_20261003_aamu_jkst
"POST-HOC EXPLORATORY; INVALID, LOOKAHEAD",KXNCAAFGAME-26OCT03ALAMSST-MSST,1791048476950963769,1791048473212700000,1,983.0,525.39,0.02,1791048472725172262,1791048473247555363,1.0,short_home,1791048478638269708,0.687305939,0.22,1791048488869200153,0.14,10.0,7.999999999999999,1.3,0.9,5.799999999999999,3.738263769,cfb_20261003_ala_msst
"POST-HOC EXPLORATORY; INVALID, LOOKAHEAD",KXNCAAFGAME-26OCT03ALCNGRAM-ALCN,1791064642219431157,1791064639041082000,1,1247.18,101.98999999999997,0.035,1791064639077755301,1791064639078267720,1.0,short_home,1791064643245208452,0.025777295,0.79,1791064653967959613,0.82,10.0,-2.9999999999999916,1.2,1.1,-5.299999999999992,3.178349157,cfb_20261003_alcn_gram
"POST-HOC EXPLORATORY; INVALID, LOOKAHEAD",KXNCAAFGAME-26OCT03ALCNGRAM-GRAM,1791065527257937874,1791065520667046000,-1,104.0,100.0,0.02,1791065520461084770,1791065520694920323,1.0,long_home,1791065528685550271,0.427612397,0.41,1791065538686059786,0.37,10.0,-3.9999999999999982,1.7,1.7,-7.399999999999999,6.590891874,cfb_20261003_alcn_gram
"POST-HOC EXPLORATORY; INVALID, LOOKAHEAD",KXNCAAFGAME-26OCT03ALCNGRAM-GRAM,1791066875962309111,1791066865480327000,-1,500.0,100.0,0.0249999999999999,1791066856692727172,1791066869397279265,1.0,long_home,1791066877423803524,0.461494413,0.2,1791066888288772524,0.18,10.0,-2.0000000000000018,1.2,1.1,-4.3000000000000025,10.481982111,cfb_20261003_alcn_gram
"POST-HOC EXPLORATORY; INVALID, LOOKAHEAD",KXNCAAFGAME-26OCT03ALSTCOOK-COOK,1791072252088672519,1791072242980589000,1,115.0,100.0,0.0899999999999999,1791072238708828170,1791072250082208597,1.0,short_home,1791072253094249327,0.005576808,0.78,1791072263259998609,0.82,10.0,-3.999999999999993,1.3,1.1,-6.399999999999993,9.108083519,cfb_20261003_alst_cook
"POST-HOC EXPLORATORY; INVALID, LOOKAHEAD",KXNCAAFGAME-26OCT03ALSTCOOK-COOK,1791072863450198692,1791072858541501000,1,411.0,100.0,0.0349999999999999,1791072848156845065,1791072861302068316,1.0,short_home,1791072865389692096,0.939493404,0.92,1791072875420915828,0.9,10.0,2.0000000000000018,0.6,0.7000000000000001,0.7000000000000016,4.908697692,cfb_20261003_alst_cook
"POST-HOC EXPLORATORY; INVALID, LOOKAHEAD",KXNCAAFGAME-26OCT03ARKTXAM-TXAM,1791072865325415652,1791072850970043000,1,954.62,662.8059999999973,0.0299999999999999,1791072849722307544,1791072861387796141,1.0,short_home,1791072871098508576,4.773092924,0.95,1791072881703249616,0.95,10.0,0.0,0.4,0.4,-0.8,14.355372652,cfb_20261003_ark_txam
"POST-HOC EXPLORATORY; INVALID, LOOKAHEAD",KXNCAAFGAME-26OCT03AUBTENN-TENN,1791063216723536086,1791063212058357000,-1,500.0,473.93,0.025,1791063199293426583,1791063213487607183,1.0,long_home,1791063218115847289,0.392311203,0.49,1791063228435536370,0.47,10.0,-2.0000000000000018,1.8,1.8,-5.600000000000001,4.665179086,cfb_20261003_aub_tenn
"POST-HOC EXPLORATORY; INVALID, LOOKAHEAD",KXNCAAFGAME-26OCT03AUBTENN-TENN,1791065050056814719,1791065042766453000,1,700.0,473.93,0.02,1791065035221446132,1791065047046836365,1.0,short_home,1791065051781874522,0.725059803,0.86,1791065062069189122,0.87,10.0,-1.0000000000000009,0.9,0.8,-2.700000000000001,7.290361719,cfb_20261003_aub_tenn
"POST-HOC EXPLORATORY; INVALID, LOOKAHEAD",KXNCAAFGAME-26OCT03BRWNURI-URI,1791051698972786095,1791051693674559000,-1,2193.38,79.39,0.045,1791051693690234118,1791051693702966147,1.0,long_home,1791051701051298650,1.078512555,0.52,1791051713602938608,0.48,10.0,-4.0000000000000036,1.8,1.8,-7.600000000000003,5.298227095,cfb_20261003_brwn_uri
"POST-HOC EXPLORATORY; INVALID, LOOKAHEAD",KXNCAAFGAME-26OCT03CAMPNCCU-CAMP,1791076473672427877,1791076470817056000,-1,438.45,79.43299999999978,0.0549999999999999,1791076470841716906,1791076470846053010,1.0,long_home,1791076475042398064,0.369970187,0.22,1791076485058206888,0.14,5.0,-7.999999999999999,1.4,1.0,-10.4,2.855371877,cfb_20261003_camp_nccu
"POST-HOC EXPLORATORY; INVALID, LOOKAHEAD",KXNCAAFGAME-26OCT03CAMPNCCU-CAMP,1791076934651092090,1791076931758225000,1,790.0,79.43299999999978,0.025,1791076931763051500,1791076931785931867,1.0,short_home,1791076935717756959,0.066664869,0.1,1791076945740950176,0.12,10.0,-1.9999999999999991,0.7000000000000001,0.8,-3.499999999999999,2.89286709,cfb_20261003_camp_nccu
"POST-HOC EXPLORATORY; INVALID, LOOKAHEAD",KXNCAAFGAME-26OCT03CITSCST-CIT,1791058934341196324,1791058932269558000,1,820.07,95.20449999999994,0.0249999999999999,1791058932296295277,1791058932298648971,1.0,short_home,1791058935709485466,0.368289142,0.31,1791058946623611515,0.36,10.0,-4.999999999999999,1.5,1.7,-8.2,2.071638324,cfb_20261003_cit_scst
"POST-HOC EXPLORATORY; INVALID, LOOKAHEAD",KXNCAAFGAME-26OCT03COLGHARV-COLG,1791072272445540983,1791072243684982000,-1,946.54,246.57450000000057,0.02,1791072234161834678,1791072253719053873,1.0,long_home,1791072273836428544,0.390887561,0.74,1791072284712978281,0.73,10.0,-1.0000000000000009,1.4,1.4,-3.8000000000000016,28.760558983,cfb_20261003_colg_harv
"POST-HOC EXPLORATORY; INVALID, LOOKAHEAD",KXNCAAFGAME-26OCT03DAYDRKE-DRKE,1791050570609899166,1791050569282993000,1,1424.71,113.3499999999998,0.0249999999999999,1791050569305150356,1791050569310028832,1.0,short_home,1791050571679869015,0.069969849,0.69,1791050582938185756,0.68,1.0,0.9999999999999898,2.0,2.0,-3.00000000000001,1.326906166,cfb_20261003_day_drke
"POST-HOC EXPLORATORY; INVALID, LOOKAHEAD",KXNCAAFGAME-26OCT03ELONUNH-ELON,1791058881613552317,1791058877799654000,-1,370.34,300.0,0.02,1791058877823780818,1791058877829817352,1.0,long_home,1791058882634128468,0.020576151,0.83,1791058892905281697,0.85,2.0000000000000036,2.0000000000000018,0.9999999999999982,0.9999999999999982,5.3290705182007506e-15,3.813898317,cfb_20261003_elon_unh
"POST-HOC EXPLORATORY; INVALID, LOOKAHEAD",KXNCAAFGAME-26OCT03FLAMIZZ-MIZZ,1791061767229886118,1791061764658856000,-1,968.11,500.0,0.0349999999999999,1791061764694610882,1791061764700322136,1.0,long_home,1791061768609530836,0.379644718,0.57,1791061778956933232,0.56,10.0,-0.9999999999999898,1.8,1.8,-4.59999999999999,2.571030118,cfb_20261003_fla_mizz
"POST-HOC EXPLORATORY; INVALID, LOOKAHEAD",KXNCAAFGAME-26OCT03IWSFA-SFA,1791070920364110671,1791070915764988000,-1,133.35,82.89999999999964,0.02,1791070911076725099,1791070915791947334,1.0,long_home,1791070921475748214,0.111637543,0.75,1791070931549966744,0.69,10.0,-6.000000000000005,1.4,1.5,-8.900000000000006,4.599122671,cfb_20261003_iw_sfa
"POST-HOC EXPLORATORY; INVALID, LOOKAHEAD",KXNCAAFGAME-26OCT03MICHMINN-MINN,1791046189371983852,1791046172825109000,1,650.0,530.0479999999999,0.04,1791046172826978536,1791046172855553332,1.0,short_home,1791046193319163195,2.947179343,0.37,1791046205027208249,0.32,0.0099999999998843,4.999999999999999,100.00000000115676,100.00000000115676,-195.00000000231353,16.546874852,cfb_20261003_mich_minn
"POST-HOC EXPLORATORY; INVALID, LOOKAHEAD",KXNCAAFGAME-26OCT03MORGVILL-VILL,1791057764289633430,1791057760544745000,-1,119.07,104.39999999999982,0.035,1791057760574929360,1791057760579111842,1.0,long_home,1791057765362857937,0.073224507,0.93,1791057775784181489,0.9,9.0,-3.0000000000000027,0.5555555555555556,0.6666666666666666,-4.222222222222225,3.74488843,cfb_20261003_morg_vill
"POST-HOC EXPLORATORY; INVALID, LOOKAHEAD",KXNCAAFGAME-26OCT03MORGVILL-MORG,1791058072048399724,1791058063531574000,1,158.0,107.2209999999994,0.0199999999999999,1791058063252752545,1791058063574557321,1.0,short_home,1791058073155114083,0.106714359,0.87,1791058083731825689,0.9,10.0,-3.0000000000000027,0.8,0.7000000000000001,-4.500000000000003,8.516825724,cfb_20261003_morg_vill
"POST-HOC EXPLORATORY; INVALID, LOOKAHEAD",KXNCAAFGAME-26OCT03MORGVILL-MORG,1791058248313712720,1791058240580966000,1,127.56,107.2209999999994,0.05,1791058240574955193,1791058240609423196,1.0,short_home,1791058249366726912,0.053014192,0.63,1791058259438744264,0.68,5.0,-5.000000000000004,1.8,1.6,-8.400000000000004,7.73274672,cfb_20261003_morg_vill
"POST-HOC EXPLORATORY; INVALID, LOOKAHEAD",KXNCAAFGAME-26OCT03MORGVILL-VILL,1791058451723829129,1791058441112043000,1,150.0,104.39999999999982,0.035,1791058439493657980,1791058451060042162,1.0,short_home,1791058452770285865,0.046456736,0.24,1791058462788541041,0.28,10.0,-4.0000000000000036,1.3,1.5,-6.800000000000003,10.611786129,cfb_20261003_morg_vill
"POST-HOC EXPLORATORY; INVALID, LOOKAHEAD",KXNCAAFGAME-26OCT03NCATBRY-BRY,1791068677033406552,1791068640474701000,-1,100.0,90.0,0.0549999999999999,1791068631389771054,1791068642941064290,1.0,long_home,1791068678910431196,0.877024644,0.57,1791068695014791042,0.51,10.0,-5.999999999999995,1.8,1.8,-9.599999999999994,36.558705552,cfb_20261003_ncat_bry
"POST-HOC EXPLORATORY; INVALID, LOOKAHEAD",KXNCAAFGAME-26OCT03NCATBRY-NCAT,1791068721244577578,1791068640490432000,-1,85.0,60.04999999999973,0.03,1791068624626199265,1791068642955361993,1.0,long_home,1791068724680245948,2.43566837,0.57,1791068734728874116,0.51,10.0,-5.999999999999995,1.8,1.8,-9.599999999999994,80.754145578,cfb_20261003_ncat_bry
"POST-HOC EXPLORATORY; INVALID, LOOKAHEAD",KXNCAAFGAME-26OCT03NORFRMU-NORF,1791054681641594155,1791054674812858000,1,335.0,100.0,0.0199999999999999,1791054674827107679,1791054674842198859,1.0,short_home,1791054694471044487,11.829450332,0.47,1791054714289572570,0.52,10.0,-5.000000000000004,1.8,1.8,-8.600000000000005,6.828736155,cfb_20261003_norf_rmu
"POST-HOC EXPLORATORY; INVALID, LOOKAHEAD",KXNCAAFGAME-26OCT03NORFRMU-NORF,1791056092613573857,1791056010478674000,1,102.0,100.0,0.02,1791055999173407144,1791056017618405826,1.0,short_home,1791056095773024644,2.159450787,0.73,1791056111972499099,0.77,10.0,-4.0000000000000036,1.4,1.3,-6.700000000000004,82.134899857,cfb_20261003_norf_rmu
"POST-HOC EXPLORATORY; INVALID, LOOKAHEAD",KXNCAAFGAME-26OCT03NORFRMU-NORF,1791062159130786818,1791062154002297000,1,165.0,100.0,0.0349999999999999,1791062153667169017,1791062154034729978,1.0,short_home,1791062160139971418,0.0091846,0.3,1791062170210395748,0.34,10.0,-4.0000000000000036,1.5,1.6,-7.100000000000003,5.128489818,cfb_20261003_norf_rmu
"POST-HOC EXPLORATORY; INVALID, LOOKAHEAD",KXNCAAFGAME-26OCT03NORFRMU-NORF,1791063160758397466,1791063158331184000,-1,869.33,100.0,0.145,1791063158399395896,1791063158400001904,1.0,long_home,1791063161803765467,0.045368001,0.99,1791063171829606260,0.99,10.0,0.0,0.1,0.1,-0.2,2.427213466,cfb_20261003_norf_rmu
"POST-HOC EXPLORATORY; INVALID, LOOKAHEAD",KXNCAAFGAME-26OCT03OHIOKENT-KENT,1791059681863982884,1791059655904884000,-1,500.0,272.14399999999995,0.11,1791059650734768765,1791059663300300417,1.0,long_home,1791059684621575044,1.75759216,0.37,1791059695273802888,0.32,1.0,-4.999999999999999,2.0,2.0,-9.0,25.959098884,cfb_20261003_ohio_kent
"POST-HOC EXPLORATORY; INVALID, LOOKAHEAD",KXNCAAFGAME-26OCT03OSUIOWA-OSU,1791059665712514266,1791059656867824000,1,651.42,606.8919999999994,0.02,1791059649056223038,1791059662231215346,1.0,short_home,1791059666920094266,0.20758,0.14,1791059677269546312,0.15,10.0,-0.999999999999998,0.9,0.9,-2.799999999999998,8.844690266,cfb_20261003_osu_iowa
"POST-HOC EXPLORATORY; INVALID, LOOKAHEAD",KXNCAAFGAME-26OCT03PURILL-ILL,1791068034202576966,1791068024346444000,-1,858.0,679.8199999999999,0.03,1791068020277234109,1791068032225254457,1.0,long_home,1791068035990719273,0.788142307,0.23,1791068049068550834,0.22,10.0,-1.0000000000000009,1.3,1.3,-3.6000000000000005,9.856132966,cfb_20261003_pur_ill
"POST-HOC EXPLORATORY; INVALID, LOOKAHEAD",KXNCAAFGAME-26OCT03RICHLAF-LAF,1791050529841787176,1791050524892495000,1,469.27,100.0,0.025,1791050524915632242,1791050524923772934,1.0,short_home,1791050534440809498,3.599022322,0.67,1791050550743019691,0.68,1.0,-1.0000000000000009,2.0,2.0,-5.000000000000001,4.949292176,cfb_20261003_rich_laf
"POST-HOC EXPLORATORY; INVALID, LOOKAHEAD",KXNCAAFGAME-26OCT03RICHLAF-LAF,1791050853740563242,1791050850533031000,-1,127.0,100.0,0.025,1791050847804398490,1791050850565563313,1.0,long_home,1791050857919277202,3.17871396,0.6,1791050868049267711,0.56,10.0,-3.999999999999993,1.7,1.8,-7.499999999999992,3.207532242,cfb_20261003_rich_laf
"POST-HOC EXPLORATORY; INVALID, LOOKAHEAD",KXNCAAFGAME-26OCT03RICHLAF-RICH,1791053518609150178,1791053513510533000,1,398.0,113.56799999999974,0.0249999999999999,1791053512081487330,1791053513543030358,1.0,short_home,1791053521145097383,1.535947205,0.34,1791053532278273561,0.38,6.0,-3.9999999999999982,1.6666666666666667,1.6666666666666667,-7.333333333333332,5.098617178,cfb_20261003_rich_laf
"POST-HOC EXPLORATORY; INVALID, LOOKAHEAD",KXNCAAFGAME-26OCT03TNSTWIU-WIU,1791068661649567202,1791068633799214000,-1,105.0,68.75149999999991,0.02,1791068630695030809,1791068643655255601,1.0,long_home,1791068670508367490,7.858800288,0.64,1791068680514175746,0.64,10.0,0.0,1.7,1.7,-3.4,27.850353202,cfb_20261003_tnst_wiu
"POST-HOC EXPLORATORY; INVALID, LOOKAHEAD",KXNCAAFGAME-26OCT03TNSTWIU-WIU,1791068925295714953,1791068920142358000,1,735.5,68.75149999999991,0.0199999999999999,1791068920169333395,1791068920172556500,1.0,short_home,1791068926295789056,7.4103e-05,0.55,1791068936408157560,0.54,8.17,1.0000000000000009,1.8359853121175032,1.8359853121175032,-2.6719706242350054,5.153356953,cfb_20261003_tnst_wiu
"POST-HOC EXPLORATORY; INVALID, LOOKAHEAD",KXNCAAFGAME-26OCT03TNSTWIU-WIU,1791069901679435504,1791069896636344000,1,116.0,68.75149999999991,0.025,1791069896666084423,1791069896668684316,1.0,short_home,1791069902708441958,0.029006454,0.67,1791069913433084765,0.81,10.0,-14.000000000000002,1.6,1.1,-16.700000000000003,5.043091504,cfb_20261003_tnst_wiu
"POST-HOC EXPLORATORY; INVALID, LOOKAHEAD",KXNCAAFGAME-26OCT03TNSTWIU-WIU,1791069992217225464,1791069988937176000,-1,111.0,68.75149999999991,0.03,1791069988966750706,1791069988968768864,1.0,long_home,1791069993221905345,0.004679881,0.81,1791070003918230945,0.77,7.629999999999998,-4.0000000000000036,1.1795543905635653,1.3106159895150724,-6.490170380078641,3.280049464,cfb_20261003_tnst_wiu
"POST-HOC EXPLORATORY; INVALID, LOOKAHEAD",KXNCAAFGAME-26OCT03TNTCWCU-TNTC,1791075681838904562,1791075678568294000,1,184.73,72.12,0.02,1791075678595992336,1791075678596768108,1.0,short_home,1791075685571820063,2.732915501,0.73,1791075703161010717,0.76,1.0,-3.0000000000000027,2.0,2.0,-7.000000000000003,3.270610562,cfb_20261003_tntc_wcu
"POST-HOC EXPLORATORY; INVALID, LOOKAHEAD",KXNCAAFGAME-26OCT03TNTCWCU-TNTC,1791075838270988731,1791075825449675000,-1,87.0,72.12,0.02,1791075819033954602,1791075834911731761,1.0,long_home,1791075841065716946,1.794728215,0.58,1791075851086564342,0.54,1.0,-3.999999999999993,2.0,2.0,-7.999999999999993,12.821313731,cfb_20261003_tntc_wcu
"POST-HOC EXPLORATORY; INVALID, LOOKAHEAD",KXNCAAFGAME-26OCT03TOWSMONM-MONM,1791053993159086616,1791053988371003000,-1,1435.17,98.30499999999904,0.0499999999999999,1791053988400065619,1791053988400663345,1.0,long_home,1791053994166990784,0.007904168,0.38,1791054004412962538,0.41,10.0,2.9999999999999973,1.7,1.7,-0.4000000000000026,4.788083616,cfb_20261003_tows_monm
"POST-HOC EXPLORATORY; INVALID, LOOKAHEAD",KXNCAAFGAME-26OCT03TOWSMONM-MONM,1791058127267357852,1791058120716475000,-1,177.61,98.30499999999904,0.025,1791058120320154501,1791058120744649821,1.0,long_home,1791058128356299836,0.088941984,0.88,1791058138664070699,0.89,10.0,1.0000000000000009,0.8,0.7000000000000001,-0.4999999999999992,6.550882852,cfb_20261003_tows_monm
"POST-HOC EXPLORATORY; INVALID, LOOKAHEAD",KXNCAAFGAME-26OCT03UCFHOU-UCF,1791051847072971746,1791051834398143000,-1,1840.94,407.7919999999971,0.29,1791051830623177587,1791051843741500426,1.0,long_home,1791051848258716541,0.185744795,0.23,1791051858369937017,0.24,10.0,0.999999999999998,1.3,1.3,-1.600000000000002,12.674828746,cfb_20261003_ucf_hou
"POST-HOC EXPLORATORY; INVALID, LOOKAHEAD",KXNCAAFGAME-26OCT03UKSCAR-SCAR,1791071639589285381,1791071630306482000,1,1091.42,600.0,0.05,1791071627436204917,1791071638856136842,1.0,short_home,1791071640597762848,0.008477467,0.53,1791071650671096596,0.54,10.0,-1.0000000000000009,1.8,1.8,-4.6000000000000005,9.282803381,cfb_20261003_uk_scar
"POST-HOC EXPLORATORY; INVALID, LOOKAHEAD",KXNCAAFGAME-26OCT03UKSCAR-UK,1791072141246358712,1791072139542942000,1,699.2,496.3044999999992,0.0399999999999999,1791072139572290513,1791072139572869994,1.0,short_home,1791072142330899267,0.084540555,0.09,1791072152332945433,0.06,10.0,3.0,0.6,0.4,2.0,1.703416712,cfb_20261003_uk_scar
"POST-HOC EXPLORATORY; INVALID, LOOKAHEAD",KXNCAAFGAME-26OCT03UTRGVETAM-UTRGV,1791077679984328569,1791077649026599000,-1,100.0,81.54999999999995,0.0249999999999999,1791077645739942230,1791077659095173266,1.0,long_home,1791077681068269328,0.083940759,0.64,1791077691171689351,0.64,1.0,0.0,2.0,2.0,-4.0,30.957729569,cfb_20261003_utrgv_etam
"POST-HOC EXPLORATORY; INVALID, LOOKAHEAD",KXNCAAFGAME-26OCT03UTRGVETAM-UTRGV,1791077735642594968,1791077732845018000,1,153.56,81.54999999999995,0.02,1791077728749605838,1791077732873333821,1.0,short_home,1791077738911675872,2.269080904,0.69,1791077750818358866,0.75,10.0,-6.000000000000005,1.5,1.4,-8.900000000000006,2.797576968,cfb_20261003_utrgv_etam
"POST-HOC EXPLORATORY; INVALID, LOOKAHEAD",KXNCAAFGAME-26OCT03UTRGVETAM-ETAM,1791078581566076347,1791078563600508000,-1,2970.37,76.0,0.0799999999999999,1791078563625196718,1791078563627610835,1.0,long_home,1791078582578281722,0.012205375,0.71,1791078592579612467,0.68,5.670000000000002,-2.9999999999999916,1.5873015873015868,1.5873015873015868,-6.174603174603165,17.965568347,cfb_20261003_utrgv_etam
"POST-HOC EXPLORATORY; INVALID, LOOKAHEAD",KXNCAAFGAME-26OCT03UTRGVETAM-ETAM,1791080228791891227,1791080225445939000,1,77.87,76.0,0.02,1791080224058378895,1791080225474234587,1.0,short_home,1791080229799639933,0.007748706,0.66,1791080240561099433,0.96,8.059999999999945,-29.999999999999993,1.6129032258064626,0.3722084367245682,-31.985111662531025,3.345952227,cfb_20261003_utrgv_etam
"POST-HOC EXPLORATORY; INVALID, LOOKAHEAD",KXNCAAFGAME-26OCT03WASHUSC-WASH,1791072252914059415,1791072240010024000,1,871.03,500.0,0.02,1791072238564744524,1791072250138061167,1.0,short_home,1791072254048239580,0.134180165,0.79,1791072264658209935,0.8,10.0,-1.0000000000000009,1.2,1.2,-3.4000000000000012,12.904035415,cfb_20261003_wash_usc
"POST-HOC EXPLORATORY; INVALID, LOOKAHEAD",KXNCAAFGAME-26OCT03WASHUSC-WASH,1791074625216999478,1791074616993455000,-1,1000.0,500.0,0.0799999999999999,1791074612241657536,1791074623544292081,1.0,long_home,1791074626593896772,0.376897294,0.78,1791074636968731370,0.81,10.0,3.0000000000000027,1.3,1.1,0.6000000000000025,8.223544478,cfb_20261003_wash_usc
"POST-HOC EXPLORATORY; INVALID, LOOKAHEAD",KXNCAAFGAME-26OCT03WASHUSC-WASH,1791081864873714572,1791081861708412000,1,1000.0,500.0,0.02,1791081853009194187,1791081864422999186,1.0,short_home,1791081866178553278,0.304838706,0.75,1791081876197076053,0.76,10.0,-1.0000000000000009,1.4,1.3,-3.700000000000001,3.165302572,cfb_20261003_wash_usc
"POST-HOC EXPLORATORY; INVALID, LOOKAHEAD",KXNCAAFGAME-26OCT03WEBBCHSO-WEBB,1791074297188054634,1791074295836552000,1,128.0,111.39999999999964,0.03,1791074294427787187,1791074295871451174,1.0,short_home,1791074298387833816,0.199779182,0.64,1791074308397337676,0.74,10.0,-9.999999999999998,1.7,1.4,-13.099999999999998,1.351502634,cfb_20261003_webb_chso
"POST-HOC EXPLORATORY; INVALID, LOOKAHEAD",KXNCAAFGAME-26OCT03WEBBCHSO-CHSO,1791076739854824975,1791076735315903000,-1,162.0,100.0,0.02,1791076733355476790,1791076735345944880,1.0,long_home,1791076741122092673,0.267267698,0.21,1791076751155690870,0.09,10.0,-12.0,1.2,0.6,-13.8,4.538921975,cfb_20261003_webb_chso
"POST-HOC EXPLORATORY; INVALID, LOOKAHEAD",KXNCAAFGAME-26OCT03WMUBUFF-WMU,1791056630368770334,1791056628175656000,-1,474.0,467.8799999999997,0.05,1791056616671599316,1791056628763698862,1.0,long_home,1791056631977675793,0.608905459,0.19,1791056642647459998,0.18,10.0,-1.0000000000000009,1.1,1.1,-3.200000000000001,2.193114334,cfb_20261003_wmu_buff
"POST-HOC EXPLORATORY; INVALID, LOOKAHEAD",KXNCAAFGAME-26OCT03WMUBUFF-WMU,1791057240853985344,1791057233075671000,-1,1444.0,467.8799999999997,0.0449999999999999,1791057228133524955,1791057239708768384,1.0,long_home,1791057241955961974,0.10197663,0.14,1791057252178731497,0.14,10.0,0.0,0.9,0.9,-1.8,7.778314344,cfb_20261003_wmu_buff
"POST-HOC EXPLORATORY; INVALID, LOOKAHEAD",KXNCAAFGAME-26OCT03WMUBUFF-BUFF,1791057478545688996,1791057473677734000,-1,5060.11,455.042,0.0349999999999999,1791057473701817163,1791057473715438000,1.0,long_home,1791057479550224317,0.004535321,0.52,1791057489552294533,0.45,1.150000000000034,-7.000000000000001,2.608695652173836,1.7391304347825571,-11.347826086956394,4.867954996,cfb_20261003_wmu_buff
"POST-HOC EXPLORATORY; INVALID, LOOKAHEAD",KXNCAAFGAME-26OCT03WMUBUFF-BUFF,1791057563779362618,1791057562286290000,-1,2580.85,455.042,0.0449999999999999,1791057562314472290,1791057562316938669,1.0,long_home,1791057564832472162,0.053109544,0.65,1791057574872920472,0.69,5.0,3.999999999999993,1.6,1.6,0.7999999999999923,1.493072618,cfb_20261003_wmu_buff
"POST-HOC EXPLORATORY; INVALID, LOOKAHEAD",KXNCAAFGAME-26OCT03WMUBUFF-WMU,1791057880258768275,1791057870114183000,-1,500.0,467.8799999999997,0.03,1791057870143131968,1791057870155649230,1.0,long_home,1791057881300786678,0.042018403,0.02,1791057891317606806,0.03,10.0,1.0,0.2,0.3,0.4999999999999998,10.144585275,cfb_20261003_wmu_buff
"POST-HOC EXPLORATORY; INVALID, LOOKAHEAD",KXNCAAFGAME-26OCT03WVUISU-ISU,1791055205916202043,1791055200349227000,-1,1076.61,414.0419999999998,0.025,1791055200377871214,1791055200380278722,1.0,long_home,1791055207190621994,0.274419951,0.81,1791055217438830713,0.87,10.0,5.999999999999995,1.1,0.8,4.099999999999995,5.566975043,cfb_20261003_wvu_isu
"POST-HOC EXPLORATORY; INVALID, LOOKAHEAD",KXNCAAFGAME-26OCT03ARSTULL-ARST,1791080645669693371,1791080636173196000,-1,1000.0,548.4024999999999,0.0849999999999999,1791080629707472808,1791080643236609457,1.0,long_home,1791080646784867565,0.115174194,0.61,1791080657303678622,0.6,10.0,-1.0000000000000009,1.7,1.7,-4.400000000000001,9.496497371,cfb_20261004_arst_ull
"POST-HOC EXPLORATORY; INVALID, LOOKAHEAD",KXNCAAFGAME-26OCT03NAUIDST-IDST,1791079643967278439,1791079643627743000,-1,233.9,100.0,0.0199999999999999,1791079642009514894,1791079643657358118,1.0,long_home,1791079645521002739,0.5537243,0.27,1791079657599195162,0.23,10.0,-4.000000000000001,1.4,1.3,-6.700000000000001,0.339535439,cfb_20261004_nau_idst
"POST-HOC EXPLORATORY; INVALID, LOOKAHEAD",KXNCAAFGAME-26OCT03NAUIDST-NAU,1791080750368669232,1791080749984830000,1,3066.33,100.118,0.035,1791080750015117623,1791080750016320066,1.0,short_home,1791080751380878864,0.012209632,0.09,1791080761527916330,0.11,8.58,-2.0000000000000004,0.5827505827505828,0.6993006993006993,-3.2820512820512824,0.383839232,cfb_20261004_nau_idst
"POST-HOC EXPLORATORY; INVALID, LOOKAHEAD",KXNCAAFGAME-26OCT03SUUUTU-UTU,1791073668970443018,1791073666188629000,1,328.11,80.0,0.02,1791073666208525399,1791073666214657244,1.0,short_home,1791073670012403869,0.041960851,0.11,1791073680195503344,0.16,10.0,-5.0,0.7000000000000001,1.0,-6.7,2.781814018,cfb_20261004_suu_utu
"POST-HOC EXPLORATORY; INVALID, LOOKAHEAD",KXNCAAFGAME-26OCT03SUUUTU-SUU,1791075546312997893,1791075544439538000,1,97.0,90.0,0.02,1791075539804852247,1791075544466346870,1.0,short_home,1791075547961494837,0.648496944,0.36,1791075558090268541,0.38,10.0,-2.0000000000000018,1.7,1.7,-5.400000000000002,1.873459893,cfb_20261004_suu_utu
"POST-HOC EXPLORATORY; INVALID, LOOKAHEAD",KXNCAAFGAME-26OCT03WEBCP-CP,1791077076876341176,1791077073408122000,1,114.8,68.05899999999993,0.035,1791077073435801022,1791077073436455567,1.0,short_home,1791077078059379342,0.183038166,0.33,1791077088067290646,0.44,7.39,-10.999999999999998,1.6238159675236807,1.7591339648173208,-14.382949932341,3.468219176,cfb_20261004_web_cp
"POST-HOC EXPLORATORY; INVALID, LOOKAHEAD",KXNCAAFGAME-26OCT03WEBCP-CP,1791079864286708373,1791079860763803000,-1,77.88,68.05899999999993,0.025,1791079855819966238,1791079860791798636,1.0,long_home,1791079866662317382,1.375609009,0.73,1791079878285333003,0.6,10.0,-13.0,1.4,1.7,-16.1,3.522905373,cfb_20261004_web_cp
"POST-HOC EXPLORATORY; INVALID, LOOKAHEAD",KXNCAAFGAME-26OCT03WEBCP-CP,1791080375061931043,1791080371326639000,-1,68.15,68.05899999999993,0.03,1791080367877228356,1791080371358027655,1.0,long_home,1791080378100611416,2.038680373,0.59,1791080388115690867,0.5,10.0,-8.999999999999996,1.7,1.8,-12.499999999999996,3.735292043,cfb_20261004_web_cp
"POST-HOC EXPLORATORY; INVALID, LOOKAHEAD",KXNCAAFGAME-26OCT03WEBCP-WEB,1791081768537584467,1791081767048913000,-1,274.49,65.58199999999992,0.0349999999999999,1791081767066275391,1791081767078771312,1.0,long_home,1791081769552889557,0.01530509,0.67,1791081779582355642,0.62,7.76,-5.000000000000004,1.675257731958763,1.675257731958763,-8.35051546391753,1.488671467,cfb_20261004_web_cp
"POST-HOC EXPLORATORY; INVALID, LOOKAHEAD",KXNCAAFGAME-26OCT03WEBCP-CP,1791082469885066045,1791082464660167000,1,76.02,68.05899999999993,0.0249999999999999,1791082463596650120,1791082465685954609,1.0,short_home,1791082470893042733,0.007976688,0.84,1791082480930122836,0.87,10.0,-3.0000000000000027,1.0,0.8,-4.8000000000000025,5.224899045,cfb_20261004_web_cp
"POST-HOC EXPLORATORY; INVALID, LOOKAHEAD",KXNCAAFGAME-26OCT03WEBCP-CP,1791083689069362319,1791083687605629000,-1,74.12,68.05899999999993,0.02,1791083676651558262,1791083688068658434,1.0,long_home,1791083690071360593,0.001998274,0.58,1791083700416642909,0.56,10.0,-1.999999999999991,1.8,1.8,-5.599999999999991,1.463733319,cfb_20261004_web_cp
"POST-HOC EXPLORATORY; INVALID, LOOKAHEAD",KXNCAAFGAME-26OCT03WEBCP-CP,1791084016205450802,1791084014922713000,1,155.51,68.05899999999993,0.025,1791084014943434219,1791084014951583182,1.0,short_home,1791084017212060972,0.00661017,0.71,1791084027214473861,0.77,10.0,-6.000000000000005,1.5,1.3,-8.800000000000006,1.282737802,cfb_20261004_web_cp
"POST-HOC EXPLORATORY; INVALID, LOOKAHEAD",KXNCAAFGAME-26OCT03WEBCP-WEB,1791084241261914654,1791084235615428000,-1,82.22,65.58199999999992,0.0249999999999999,1791084227839636416,1791084239112038425,1.0,long_home,1791084242410326737,0.148412083,0.58,1791084253014701615,0.52,10.0,-5.999999999999995,1.8,1.8,-9.599999999999994,5.646486654,cfb_20261004_web_cp
"POST-HOC EXPLORATORY; INVALID, LOOKAHEAD",KXNCAAFGAME-26OCT03WEBCP-WEB,1791084415820706991,1791084414994187000,1,295.02,65.58199999999992,0.0449999999999999,1791084415022712125,1791084415024977395,1.0,short_home,1791084416861442746,0.040735755,0.69,1791084426872477744,0.69,10.0,0.0,1.5,1.5,-3.0,0.826519991,cfb_20261004_web_cp
"POST-HOC EXPLORATORY; INVALID, LOOKAHEAD",KXNCAAFGAME-26OCT03WEBCP-CP,1791084662335787021,1791084660640795000,1,1060.63,68.05899999999993,0.035,1791084660669035011,1791084660672070546,1.0,short_home,1791084663454320299,0.118533278,0.51,1791084673478600819,0.39,10.0,12.0,1.8,1.7,8.5,1.694992021,cfb_20261004_web_cp
