trial_id,et_date,pnl
P1-01,2025-09-13,2.6500000000000004
P1-01,2025-09-27,-4.4799999999999995
P1-01,2025-10-05,-12.149999999999999
P1-01,2025-10-08,3.9300000000000006
P1-01,2025-10-11,4.0200000000000005
P1-01,2025-10-21,-6.960000000000001
P1-01,2025-10-25,-3.869999999999999
P1-01,2025-11-01,9.64
P1-01,2025-11-08,2.8500000000000005
P1-01,2025-11-15,-10.739999999999998
P1-01,2025-11-22,-9.879999999999999
P1-01,2025-11-29,4.539999999999999
P1-01,2025-11-30,7.78
P1-01,2025-12-07,-5.9799999999999995
P1-01,2025-12-08,4.82
P1-01,2025-12-17,-5.68
P1-01,2025-12-20,5.32
P1-01,2025-12-31,5.620000000000001
P1-01,2026-01-01,-5.279999999999999
P1-01,2026-01-04,5.93
P1-02,2025-10-05,-12.149999999999999
P1-02,2025-11-30,7.78
P1-02,2025-12-07,-5.9799999999999995
P1-02,2025-12-08,4.82
P1-02,2026-01-04,5.93
P1-03,2025-09-13,2.6500000000000004
P1-03,2025-09-27,-4.4799999999999995
P1-03,2025-10-08,3.9300000000000006
P1-03,2025-10-11,4.0200000000000005
P1-03,2025-10-21,-6.960000000000001
P1-03,2025-10-25,-3.869999999999999
P1-03,2025-11-01,9.64
P1-03,2025-11-08,2.8500000000000005
P1-03,2025-11-15,-10.739999999999998
P1-03,2025-11-22,-9.879999999999999
P1-03,2025-11-29,4.539999999999999
P1-03,2025-12-17,-5.68
P1-03,2025-12-20,5.32
P1-03,2025-12-31,5.620000000000001
P1-03,2026-01-01,-5.279999999999999
P1-04,2025-09-13,-3.3600000000000003
P1-04,2025-09-27,3.63
P1-04,2025-10-05,10.75
P1-04,2025-10-08,-4.58
P1-04,2025-10-11,-4.78
P1-04,2025-10-21,6.23
P1-04,2025-10-25,1.2100000000000009
P1-04,2025-11-01,-11.25
P1-04,2025-11-08,-3.5600000000000005
P1-04,2025-11-15,9.46
P1-04,2025-11-22,7.589999999999999
P1-04,2025-11-29,-3.15
P1-04,2025-11-30,-8.399999999999999
P1-04,2025-12-07,5.32
P1-04,2025-12-08,-5.48
P1-04,2025-12-17,4.92
P1-04,2025-12-20,-5.9799999999999995
P1-04,2025-12-31,-6.27
P1-04,2026-01-01,4.62
P1-04,2026-01-04,-6.57
P1-05,2025-10-05,10.75
P1-05,2025-11-30,-8.399999999999999
P1-05,2025-12-07,5.32
P1-05,2025-12-08,-5.48
P1-05,2026-01-04,-6.57
P1-06,2025-09-13,-3.3600000000000003
P1-06,2025-09-27,3.63
P1-06,2025-10-08,-4.58
P1-06,2025-10-11,-4.78
P1-06,2025-10-21,6.23
P1-06,2025-10-25,1.2100000000000009
P1-06,2025-11-01,-11.25
P1-06,2025-11-08,-3.5600000000000005
P1-06,2025-11-15,9.46
P1-06,2025-11-22,7.589999999999999
P1-06,2025-11-29,-3.15
P1-06,2025-12-17,4.92
P1-06,2025-12-20,-5.9799999999999995
P1-06,2025-12-31,-6.27
P1-06,2026-01-01,4.62
P1-07,2025-10-05,-5.68
P1-07,2025-10-25,-0.14999999999999858
P1-07,2026-01-01,-5.279999999999999
P1-08,2025-10-05,-5.68
P1-09,2025-10-25,-0.14999999999999858
P1-09,2026-01-01,-5.279999999999999
P1-10,2025-10-05,5.0200000000000005
P1-10,2025-10-25,-1.1499999999999995
P1-10,2026-01-01,4.62
P1-11,2025-10-05,5.0200000000000005
P1-12,2025-10-25,-1.1499999999999995
P1-12,2026-01-01,4.62
P3-01,2025-09-11,2.46
P3-01,2025-09-13,-19.669999999999998
P3-01,2025-09-14,12.88
P3-01,2025-09-19,-8.12
P3-01,2025-09-20,-3.7500000000000004
P3-01,2025-09-21,1.620000000000001
P3-01,2025-09-26,-7.54
P3-01,2025-09-27,-1.3100000000000005
P3-01,2025-09-28,-8.19
P3-01,2025-10-04,0.23000000000000043
P3-01,2025-10-05,-6.049999999999999
P3-01,2025-10-09,-5.469999999999999
P3-01,2025-10-10,2.07
P3-01,2025-10-11,-10.04
P3-01,2025-10-12,8.969999999999999
P3-01,2025-10-13,-7.35
P3-01,2025-10-14,-13.68
P3-01,2025-10-17,-4.98
P3-01,2025-10-18,2.6600000000000015
P3-01,2025-10-19,7.09
P3-01,2025-10-20,2.7500000000000004
P3-01,2025-10-22,1.9799999999999995
P3-01,2025-10-25,-13.95
P3-01,2025-10-26,-8.67
P3-01,2025-10-28,2.46
P3-01,2025-10-30,1.9799999999999995
P3-01,2025-11-01,-3.660000000000002
P3-01,2025-11-02,2.7500000000000004
P3-01,2025-11-08,-27.22
P3-01,2025-11-09,-6.109999999999999
P3-01,2025-11-11,-7.54
P3-01,2025-11-12,2.07
P3-01,2025-11-13,2.07
P3-01,2025-11-15,0.10999999999999766
P3-01,2025-11-16,9.93
P3-01,2025-11-18,2.46
P3-01,2025-11-19,2.36
P3-01,2025-11-20,-7.25
P3-01,2025-11-21,-7.25
P3-01,2025-11-22,0.049999999999998046
P3-01,2025-11-23,6.8
P3-01,2025-11-24,1.9799999999999995
P3-01,2025-11-25,1.9799999999999995
P3-01,2025-11-27,-8.02
P3-01,2025-11-28,-2.9100000000000006
P3-01,2025-11-29,-6.999999999999998
P3-01,2025-11-30,10.520000000000001
P3-01,2025-12-01,2.17
P3-01,2025-12-07,-6.21
P3-01,2025-12-11,-7.54
P3-01,2025-12-13,4.82
P3-01,2025-12-14,-2.5299999999999994
P3-01,2025-12-20,2.17
P3-01,2025-12-21,-5.470000000000001
P3-01,2025-12-23,-7.25
P3-01,2025-12-25,-5.950000000000001
P3-01,2025-12-26,2.7500000000000004
P3-01,2025-12-27,4.83
P3-01,2025-12-28,4.73
P3-01,2025-12-29,-5.76
P3-01,2025-12-30,1.9799999999999995
P3-01,2025-12-31,-7.7299999999999995
P3-01,2026-01-01,2.6500000000000004
P3-01,2026-01-02,2.46
P3-01,2026-01-04,-8.12
P3-01,2026-01-17,2.56
P3-02,2025-09-14,12.88
P3-02,2025-09-21,1.620000000000001
P3-02,2025-09-28,-8.19
P3-02,2025-10-05,-6.049999999999999
P3-02,2025-10-09,-8.12
P3-02,2025-10-12,8.969999999999999
P3-02,2025-10-13,-7.35
P3-02,2025-10-19,7.09
P3-02,2025-10-20,2.7500000000000004
P3-02,2025-10-26,-8.67
P3-02,2025-10-30,1.9799999999999995
P3-02,2025-11-02,2.7500000000000004
P3-02,2025-11-09,-6.109999999999999
P3-02,2025-11-16,9.93
P3-02,2025-11-20,-7.25
P3-02,2025-11-23,6.8
P3-02,2025-11-24,1.9799999999999995
P3-02,2025-11-27,-8.02
P3-02,2025-11-28,-7.83
P3-02,2025-11-30,10.520000000000001
P3-02,2025-12-01,2.17
P3-02,2025-12-07,-6.21
P3-02,2025-12-11,-7.54
P3-02,2025-12-14,-2.5299999999999994
P3-02,2025-12-20,2.17
P3-02,2025-12-21,-5.470000000000001
P3-02,2025-12-25,-5.950000000000001
P3-02,2025-12-28,4.73
P3-02,2025-12-29,-7.83
P3-02,2026-01-04,-8.12
P3-02,2026-01-17,2.56
P3-03,2025-09-11,2.46
P3-03,2025-09-13,-19.669999999999998
P3-03,2025-09-19,-8.12
P3-03,2025-09-20,-3.7500000000000004
P3-03,2025-09-26,-7.54
P3-03,2025-09-27,-1.3100000000000005
P3-03,2025-10-04,0.23000000000000043
P3-03,2025-10-09,2.6500000000000004
P3-03,2025-10-10,2.07
P3-03,2025-10-11,-10.04
P3-03,2025-10-14,-13.68
P3-03,2025-10-17,-4.98
P3-03,2025-10-18,2.6600000000000015
P3-03,2025-10-22,1.9799999999999995
P3-03,2025-10-25,-13.95
P3-03,2025-10-28,2.46
P3-03,2025-11-01,-3.660000000000002
P3-03,2025-11-08,-27.22
P3-03,2025-11-11,-7.54
P3-03,2025-11-12,2.07
P3-03,2025-11-13,2.07
P3-03,2025-11-15,0.10999999999999766
P3-03,2025-11-18,2.46
P3-03,2025-11-19,2.36
P3-03,2025-11-21,-7.25
P3-03,2025-11-22,0.049999999999998046
P3-03,2025-11-25,1.9799999999999995
P3-03,2025-11-28,4.92
P3-03,2025-11-29,-6.999999999999998
P3-03,2025-12-13,4.82
P3-03,2025-12-23,-7.25
P3-03,2025-12-26,2.7500000000000004
P3-03,2025-12-27,4.83
P3-03,2025-12-29,2.07
P3-03,2025-12-30,1.9799999999999995
P3-03,2025-12-31,-7.7299999999999995
P3-03,2026-01-01,2.6500000000000004
P3-03,2026-01-02,2.46
P3-04,2025-09-12,-8.69
P3-04,2025-09-13,-6.54
P3-04,2025-09-14,0.9299999999999997
P3-04,2025-09-18,1.22
P3-04,2025-09-20,-10.05
P3-04,2025-09-26,1.6000000000000003
P3-04,2025-09-27,8.63
P3-04,2025-09-28,1.5000000000000002
P3-04,2025-09-29,1.7899999999999994
P3-04,2025-10-02,-8.21
P3-04,2025-10-04,6.050000000000001
P3-04,2025-10-05,-6.61
P3-04,2025-10-11,11.34
P3-04,2025-10-12,1.0299999999999998
P3-04,2025-10-16,1.0299999999999998
P3-04,2025-10-17,-8.309999999999999
P3-04,2025-10-18,-2.9699999999999993
P3-04,2025-10-19,1.22
P3-04,2025-10-25,14.83
P3-04,2025-10-27,1.5000000000000002
P3-04,2025-10-28,1.6900000000000004
P3-04,2025-10-31,2.2399999999999998
P3-04,2025-11-01,-11.169999999999996
P3-04,2025-11-02,-15.59
P3-04,2025-11-04,1.6000000000000003
P3-04,2025-11-05,1.22
P3-04,2025-11-06,3.0999999999999996
P3-04,2025-11-07,1.31
P3-04,2025-11-08,6.299999999999999
P3-04,2025-11-13,1.22
P3-04,2025-11-15,8.559999999999999
P3-04,2025-11-16,1.7899999999999994
P3-04,2025-11-22,11.529999999999998
P3-04,2025-11-23,2.0599999999999996
P3-04,2025-11-25,1.31
P3-04,2025-11-28,2.9099999999999993
P3-04,2025-11-29,5.579999999999998
P3-04,2025-11-30,-5.389999999999999
P3-04,2025-12-06,1.6000000000000003
P3-04,2025-12-07,1.6900000000000004
P3-04,2025-12-14,6.0
P3-04,2025-12-20,1.0299999999999998
P3-04,2025-12-21,1.5000000000000002
P3-04,2025-12-23,1.6900000000000004
P3-04,2025-12-25,1.22
P3-04,2025-12-26,1.7899999999999994
P3-04,2025-12-27,-8.399999999999999
P3-04,2025-12-28,1.0299999999999998
P3-04,2025-12-31,1.4100000000000001
P3-04,2026-01-02,1.0299999999999998
P3-04,2026-01-04,7.31
P3-04,2026-01-10,1.6000000000000003
P3-05,2025-09-14,0.9299999999999997
P3-05,2025-09-18,1.22
P3-05,2025-09-28,1.5000000000000002
P3-05,2025-09-29,1.7899999999999994
P3-05,2025-10-02,-8.21
P3-05,2025-10-05,-6.61
P3-05,2025-10-12,1.0299999999999998
P3-05,2025-10-19,1.22
P3-05,2025-10-27,1.5000000000000002
P3-05,2025-11-02,-15.59
P3-05,2025-11-06,1.7899999999999994
P3-05,2025-11-13,1.22
P3-05,2025-11-16,1.7899999999999994
P3-05,2025-11-23,2.0599999999999996
P3-05,2025-11-30,-5.389999999999999
P3-05,2025-12-07,1.6900000000000004
P3-05,2025-12-14,6.0
P3-05,2025-12-21,1.5000000000000002
P3-05,2025-12-25,1.22
P3-05,2025-12-28,1.0299999999999998
P3-05,2026-01-04,7.31
P3-05,2026-01-10,1.6000000000000003
P3-06,2025-09-12,-8.69
P3-06,2025-09-13,-6.54
P3-06,2025-09-20,-10.05
P3-06,2025-09-26,1.6000000000000003
P3-06,2025-09-27,8.63
P3-06,2025-10-04,6.050000000000001
P3-06,2025-10-11,11.34
P3-06,2025-10-16,1.0299999999999998
P3-06,2025-10-17,-8.309999999999999
P3-06,2025-10-18,-2.9699999999999993
P3-06,2025-10-25,14.83
P3-06,2025-10-28,1.6900000000000004
P3-06,2025-10-31,2.2399999999999998
P3-06,2025-11-01,-11.169999999999996
P3-06,2025-11-04,1.6000000000000003
P3-06,2025-11-05,1.22
P3-06,2025-11-06,1.31
P3-06,2025-11-07,1.31
P3-06,2025-11-08,6.299999999999999
P3-06,2025-11-15,8.559999999999999
P3-06,2025-11-22,11.529999999999998
P3-06,2025-11-25,1.31
P3-06,2025-11-28,2.9099999999999993
P3-06,2025-11-29,5.579999999999998
P3-06,2025-12-06,1.6000000000000003
P3-06,2025-12-20,1.0299999999999998
P3-06,2025-12-23,1.6900000000000004
P3-06,2025-12-26,1.7899999999999994
P3-06,2025-12-27,-8.399999999999999
P3-06,2025-12-31,1.4100000000000001
P3-06,2026-01-02,1.0299999999999998
P3-07,2025-09-13,1.8600000000000005
P3-07,2025-09-20,1.1099999999999999
P3-07,2025-09-27,1.3
P3-07,2025-09-28,0.8399999999999996
P3-07,2025-10-03,0.7399999999999995
P3-07,2025-10-04,2.7899999999999983
P3-07,2025-10-11,-8.510000000000002
P3-07,2025-10-18,2.509999999999999
P3-07,2025-10-24,0.5600000000000005
P3-07,2025-10-25,0.46000000000000046
P3-07,2025-10-26,0.7399999999999995
P3-07,2025-11-01,-7.579999999999998
P3-07,2025-11-02,0.8399999999999996
P3-07,2025-11-08,-18.610000000000003
P3-07,2025-11-15,2.5999999999999988
P3-07,2025-11-22,2.6
P3-07,2025-11-23,0.8399999999999996
P3-07,2025-11-28,0.5600000000000005
P3-07,2025-11-29,1.6700000000000004
P3-07,2025-12-05,0.46000000000000046
P3-07,2025-12-20,0.6499999999999995
P3-07,2025-12-21,0.8399999999999996
P3-07,2026-01-04,0.6499999999999995
P3-08,2025-09-28,0.8399999999999996
P3-08,2025-10-26,0.7399999999999995
P3-08,2025-11-02,0.8399999999999996
P3-08,2025-11-23,0.8399999999999996
P3-08,2025-12-21,0.8399999999999996
P3-08,2026-01-04,0.6499999999999995
P3-09,2025-09-13,1.8600000000000005
P3-09,2025-09-20,1.1099999999999999
P3-09,2025-09-27,1.3
P3-09,2025-10-03,0.7399999999999995
P3-09,2025-10-04,2.7899999999999983
P3-09,2025-10-11,-8.510000000000002
P3-09,2025-10-18,2.509999999999999
P3-09,2025-10-24,0.5600000000000005
P3-09,2025-10-25,0.46000000000000046
P3-09,2025-11-01,-7.579999999999998
P3-09,2025-11-08,-18.610000000000003
P3-09,2025-11-15,2.5999999999999988
P3-09,2025-11-22,2.6
P3-09,2025-11-28,0.5600000000000005
P3-09,2025-11-29,1.6700000000000004
P3-09,2025-12-05,0.46000000000000046
P3-09,2025-12-20,0.6499999999999995
P3-10,2025-09-12,2.6500000000000004
P3-10,2025-09-13,6.24
P3-10,2025-09-14,2.56
P3-10,2025-09-15,2.27
P3-10,2025-09-20,-22.12
P3-10,2025-09-21,4.73
P3-10,2025-09-25,2.36
P3-10,2025-09-26,-8.21
P3-10,2025-09-27,-8.91
P3-10,2025-09-28,2.17
P3-10,2025-09-29,1.8799999999999994
P3-10,2025-10-04,-16.34
P3-10,2025-10-05,-10.259999999999998
P3-10,2025-10-09,-3.39
P3-10,2025-10-10,2.46
P3-10,2025-10-11,11.989999999999998
P3-10,2025-10-12,5.4
P3-10,2025-10-13,2.8500000000000005
P3-10,2025-10-16,-8.02
P3-10,2025-10-17,2.46
P3-10,2025-10-18,15.73
P3-10,2025-10-19,5.510000000000001
P3-10,2025-10-22,2.46
P3-10,2025-10-24,1.8799999999999994
P3-10,2025-10-25,-0.7400000000000002
P3-10,2025-10-26,7.1899999999999995
P3-10,2025-10-30,-7.930000000000001
P3-10,2025-10-31,-7.4399999999999995
P3-10,2025-11-01,-5.719999999999999
P3-10,2025-11-02,-3.0100000000000002
P3-10,2025-11-07,2.7500000000000004
P3-10,2025-11-08,-15.909999999999998
P3-10,2025-11-09,2.56
P3-10,2025-11-11,-7.83
P3-10,2025-11-12,2.6500000000000004
P3-10,2025-11-15,7.210000000000001
P3-10,2025-11-16,4.1499999999999995
P3-10,2025-11-20,-7.35
P3-10,2025-11-21,2.36
P3-10,2025-11-22,-0.8999999999999995
P3-10,2025-11-23,7.57
P3-10,2025-11-24,1.8799999999999994
P3-10,2025-11-25,2.17
P3-10,2025-11-27,-7.83
P3-10,2025-11-29,-7.420000000000002
P3-10,2025-11-30,-1.0299999999999998
P3-10,2025-12-05,2.17
P3-10,2025-12-06,-2.33
P3-10,2025-12-07,7.0
P3-10,2025-12-13,2.17
P3-10,2025-12-14,-0.059999999999999165
P3-10,2025-12-18,2.07
P3-10,2025-12-20,2.7500000000000004
P3-10,2025-12-21,-15.66
P3-10,2025-12-22,4.82
P3-10,2025-12-25,2.17
P3-10,2025-12-27,4.83
P3-10,2025-12-28,2.36
P3-10,2025-12-31,1.9799999999999995
P3-10,2026-01-01,-7.35
P3-10,2026-01-02,2.36
P3-10,2026-01-04,-13.0
P3-10,2026-01-09,2.27
P3-10,2026-01-10,-7.54
P3-10,2026-01-11,-7.64
P3-10,2026-01-12,2.7500000000000004
P3-11,2025-09-14,2.56
P3-11,2025-09-15,2.27
P3-11,2025-09-21,4.73
P3-11,2025-09-25,2.36
P3-11,2025-09-28,2.17
P3-11,2025-09-29,1.8799999999999994
P3-11,2025-10-05,-10.259999999999998
P3-11,2025-10-09,-7.4399999999999995
P3-11,2025-10-12,5.4
P3-11,2025-10-13,2.8500000000000005
P3-11,2025-10-16,-8.02
P3-11,2025-10-19,5.510000000000001
P3-11,2025-10-26,7.1899999999999995
P3-11,2025-11-02,-3.0100000000000002
P3-11,2025-11-09,2.56
P3-11,2025-11-16,4.1499999999999995
P3-11,2025-11-20,-7.35
P3-11,2025-11-23,7.57
P3-11,2025-11-24,1.8799999999999994
P3-11,2025-11-27,-7.83
P3-11,2025-11-30,-1.0299999999999998
P3-11,2025-12-07,7.0
P3-11,2025-12-14,-0.059999999999999165
P3-11,2025-12-20,2.7500000000000004
P3-11,2025-12-21,-15.66
P3-11,2025-12-22,2.17
P3-11,2025-12-25,2.17
P3-11,2025-12-27,4.83
P3-11,2025-12-28,2.36
P3-11,2026-01-04,-13.0
P3-11,2026-01-10,-7.54
P3-11,2026-01-11,-7.64
P3-11,2026-01-12,2.7500000000000004
P3-12,2025-09-12,2.6500000000000004
P3-12,2025-09-13,6.24
P3-12,2025-09-20,-22.12
P3-12,2025-09-26,-8.21
P3-12,2025-09-27,-8.91
P3-12,2025-10-04,-16.34
P3-12,2025-10-09,4.049999999999999
P3-12,2025-10-10,2.46
P3-12,2025-10-11,11.989999999999998
P3-12,2025-10-17,2.46
P3-12,2025-10-18,15.73
P3-12,2025-10-22,2.46
P3-12,2025-10-24,1.8799999999999994
P3-12,2025-10-25,-0.7400000000000002
P3-12,2025-10-30,-7.930000000000001
P3-12,2025-10-31,-7.4399999999999995
P3-12,2025-11-01,-5.719999999999999
P3-12,2025-11-07,2.7500000000000004
P3-12,2025-11-08,-15.909999999999998
P3-12,2025-11-11,-7.83
P3-12,2025-11-12,2.6500000000000004
P3-12,2025-11-15,7.210000000000001
P3-12,2025-11-21,2.36
P3-12,2025-11-22,-0.8999999999999995
P3-12,2025-11-25,2.17
P3-12,2025-11-29,-7.420000000000002
P3-12,2025-12-05,2.17
P3-12,2025-12-06,-2.33
P3-12,2025-12-13,2.17
P3-12,2025-12-18,2.07
P3-12,2025-12-22,2.6500000000000004
P3-12,2025-12-31,1.9799999999999995
P3-12,2026-01-01,-7.35
P3-12,2026-01-02,2.36
P3-12,2026-01-09,2.27
P3-13,2025-09-11,1.31
P3-13,2025-09-13,-6.53
P3-13,2025-09-14,5.82
P3-13,2025-09-20,-1.859999999999998
P3-13,2025-09-21,-6.16
P3-13,2025-09-27,19.53
P3-13,2025-09-28,4.96
P3-13,2025-09-29,1.1199999999999999
P3-13,2025-10-02,2.56
P3-13,2025-10-03,3.2899999999999996
P3-13,2025-10-04,-9.889999999999999
P3-13,2025-10-05,-15.969999999999999
P3-13,2025-10-06,-8.78
P3-13,2025-10-08,0.8399999999999996
P3-13,2025-10-09,0.9299999999999997
P3-13,2025-10-11,0.9399999999999995
P3-13,2025-10-12,5.8100000000000005
P3-13,2025-10-14,-7.179999999999999
P3-13,2025-10-17,1.5000000000000002
P3-13,2025-10-18,9.17
P3-13,2025-10-19,3.3699999999999997
P3-13,2025-10-20,1.7899999999999994
P3-13,2025-10-21,0.9299999999999997
P3-13,2025-10-23,0.8399999999999996
P3-13,2025-10-24,1.31
P3-13,2025-10-25,-21.830000000000002
P3-13,2025-10-26,-5.869999999999999
P3-13,2025-10-27,1.31
P3-13,2025-10-28,1.4100000000000001
P3-13,2025-10-30,1.0299999999999998
P3-13,2025-11-01,8.700000000000003
P3-13,2025-11-02,-7.09
P3-13,2025-11-05,1.7899999999999994
P3-13,2025-11-07,1.9799999999999995
P3-13,2025-11-08,-2.1599999999999984
P3-13,2025-11-09,-7.089999999999999
P3-13,2025-11-15,9.93
P3-13,2025-11-16,-7.750000000000001
P3-13,2025-11-17,1.6900000000000004
P3-13,2025-11-22,6.309999999999998
P3-13,2025-11-23,3.0999999999999996
P3-13,2025-11-27,-8.59
P3-13,2025-11-28,8.17
P3-13,2025-11-29,10.06
P3-13,2025-11-30,1.6900000000000004
P3-13,2025-12-06,1.7899999999999994
P3-13,2025-12-07,-5.7799999999999985
P3-13,2025-12-13,-8.5
P3-13,2025-12-14,-17.37
P3-13,2025-12-19,-8.88
P3-13,2025-12-21,1.1199999999999999
P3-13,2025-12-23,1.31
P3-13,2025-12-24,-9.07
P3-13,2025-12-26,3.0999999999999996
P3-13,2025-12-28,-3.8999999999999986
P3-13,2025-12-29,1.22
P3-13,2026-01-01,1.5000000000000002
P3-13,2026-01-02,1.1199999999999999
P3-13,2026-01-03,1.6900000000000004
P3-13,2026-01-04,1.6000000000000003
P3-13,2026-01-17,0.8399999999999996
P3-14,2025-09-11,1.31
P3-14,2025-09-14,5.82
P3-14,2025-09-21,-6.16
P3-14,2025-09-28,4.96
P3-14,2025-09-29,1.1199999999999999
P3-14,2025-10-05,-15.969999999999999
P3-14,2025-10-06,-8.78
P3-14,2025-10-12,5.8100000000000005
P3-14,2025-10-19,3.3699999999999997
P3-14,2025-10-20,1.7899999999999994
P3-14,2025-10-26,-5.869999999999999
P3-14,2025-10-27,1.31
P3-14,2025-10-30,1.0299999999999998
P3-14,2025-11-02,-7.09
P3-14,2025-11-09,-7.089999999999999
P3-14,2025-11-16,-7.750000000000001
P3-14,2025-11-17,1.6900000000000004
P3-14,2025-11-23,3.0999999999999996
P3-14,2025-11-27,-8.59
P3-14,2025-11-30,1.6900000000000004
P3-14,2025-12-07,-5.7799999999999985
P3-14,2025-12-14,-17.37
P3-14,2025-12-21,1.1199999999999999
P3-14,2025-12-28,-3.8999999999999986
P3-14,2026-01-03,1.6900000000000004
P3-14,2026-01-04,1.6000000000000003
P3-14,2026-01-17,0.8399999999999996
P3-15,2025-09-13,-6.53
P3-15,2025-09-20,-1.859999999999998
P3-15,2025-09-27,19.53
P3-15,2025-10-02,2.56
P3-15,2025-10-03,3.2899999999999996
P3-15,2025-10-04,-9.889999999999999
P3-15,2025-10-08,0.8399999999999996
P3-15,2025-10-09,0.9299999999999997
P3-15,2025-10-11,0.9399999999999995
P3-15,2025-10-14,-7.179999999999999
P3-15,2025-10-17,1.5000000000000002
P3-15,2025-10-18,9.17
P3-15,2025-10-21,0.9299999999999997
P3-15,2025-10-23,0.8399999999999996
P3-15,2025-10-24,1.31
P3-15,2025-10-25,-21.830000000000002
P3-15,2025-10-28,1.4100000000000001
P3-15,2025-11-01,8.700000000000003
P3-15,2025-11-05,1.7899999999999994
P3-15,2025-11-07,1.9799999999999995
P3-15,2025-11-08,-2.1599999999999984
P3-15,2025-11-15,9.93
P3-15,2025-11-22,6.309999999999998
P3-15,2025-11-28,8.17
P3-15,2025-11-29,10.06
P3-15,2025-12-06,1.7899999999999994
P3-15,2025-12-13,-8.5
P3-15,2025-12-19,-8.88
P3-15,2025-12-23,1.31
P3-15,2025-12-24,-9.07
P3-15,2025-12-26,3.0999999999999996
P3-15,2025-12-29,1.22
P3-15,2026-01-01,1.5000000000000002
P3-15,2026-01-02,1.1199999999999999
P3-16,2025-09-12,0.9299999999999997
P3-16,2025-09-13,-17.119999999999997
P3-16,2025-09-18,0.7399999999999995
P3-16,2025-09-20,7.429999999999996
P3-16,2025-09-25,0.46000000000000046
P3-16,2025-09-27,1.299999999999999
P3-16,2025-09-28,-3.15
P3-16,2025-10-04,3.170000000000001
P3-16,2025-10-05,0.7399999999999995
P3-16,2025-10-11,-9.549999999999999
P3-16,2025-10-12,0.46000000000000046
P3-16,2025-10-16,0.5600000000000005
P3-16,2025-10-18,3.0599999999999983
P3-16,2025-10-19,0.7399999999999995
P3-16,2025-10-20,0.8399999999999996
P3-16,2025-10-23,0.8399999999999996
P3-16,2025-10-25,3.050000000000002
P3-16,2025-10-26,1.3900000000000001
P3-16,2025-10-28,0.6499999999999995
P3-16,2025-11-01,2.1399999999999997
P3-16,2025-11-02,0.8399999999999996
P3-16,2025-11-04,0.6499999999999995
P3-16,2025-11-05,0.46000000000000046
P3-16,2025-11-08,2.409999999999999
P3-16,2025-11-13,1.299999999999999
P3-16,2025-11-15,-4.520000000000002
P3-16,2025-11-22,6.76
P3-16,2025-11-23,-9.439999999999998
P3-16,2025-11-29,3.51
P3-16,2025-11-30,1.8599999999999994
P3-16,2025-12-01,0.7399999999999995
P3-16,2025-12-05,0.6499999999999995
P3-16,2025-12-07,2.2299999999999986
P3-16,2025-12-14,0.5600000000000005
P3-16,2025-12-20,0.46000000000000046
P3-16,2025-12-21,1.0299999999999998
P3-16,2025-12-25,0.37000000000000033
P3-16,2025-12-27,0.5600000000000005
P3-16,2026-01-02,0.5600000000000005
P3-16,2026-01-04,2.2299999999999986
P3-16,2026-01-10,0.8399999999999996
P3-17,2025-09-18,0.7399999999999995
P3-17,2025-09-28,-3.15
P3-17,2025-10-05,0.7399999999999995
P3-17,2025-10-12,0.46000000000000046
P3-17,2025-10-19,0.7399999999999995
P3-17,2025-10-20,0.8399999999999996
P3-17,2025-10-23,0.8399999999999996
P3-17,2025-10-26,1.3900000000000001
P3-17,2025-11-02,0.8399999999999996
P3-17,2025-11-13,0.6499999999999995
P3-17,2025-11-23,-9.439999999999998
P3-17,2025-11-30,1.8599999999999994
P3-17,2025-12-01,0.7399999999999995
P3-17,2025-12-07,2.2299999999999986
P3-17,2025-12-14,0.5600000000000005
P3-17,2025-12-21,1.0299999999999998
P3-17,2025-12-25,0.37000000000000033
P3-17,2026-01-04,2.2299999999999986
P3-17,2026-01-10,0.8399999999999996
P3-18,2025-09-12,0.9299999999999997
P3-18,2025-09-13,-17.119999999999997
P3-18,2025-09-20,7.429999999999996
P3-18,2025-09-25,0.46000000000000046
P3-18,2025-09-27,1.299999999999999
P3-18,2025-10-04,3.170000000000001
P3-18,2025-10-11,-9.549999999999999
P3-18,2025-10-16,0.5600000000000005
P3-18,2025-10-18,3.0599999999999983
P3-18,2025-10-25,3.050000000000002
P3-18,2025-10-28,0.6499999999999995
P3-18,2025-11-01,2.1399999999999997
P3-18,2025-11-04,0.6499999999999995
P3-18,2025-11-05,0.46000000000000046
P3-18,2025-11-08,2.409999999999999
P3-18,2025-11-13,0.6499999999999995
P3-18,2025-11-15,-4.520000000000002
P3-18,2025-11-22,6.76
P3-18,2025-11-29,3.51
P3-18,2025-12-05,0.6499999999999995
P3-18,2025-12-20,0.46000000000000046
P3-18,2025-12-27,0.5600000000000005
P3-18,2026-01-02,0.5600000000000005
P3-19,2025-09-12,2.6500000000000004
P3-19,2025-09-13,0.3200000000000003
P3-19,2025-09-14,-5.57
P3-19,2025-09-15,2.46
P3-19,2025-09-18,2.27
P3-19,2025-09-20,7.870000000000001
P3-19,2025-09-21,-5.47
P3-19,2025-09-26,-7.83
P3-19,2025-09-27,-15.409999999999998
P3-19,2025-09-28,0.020000000000000018
P3-19,2025-10-04,0.5699999999999998
P3-19,2025-10-05,-4.89
P3-19,2025-10-09,2.07
P3-19,2025-10-11,13.03
P3-19,2025-10-12,5.210000000000001
P3-19,2025-10-14,-8.12
P3-19,2025-10-16,1.9799999999999995
P3-19,2025-10-17,4.049999999999999
P3-19,2025-10-18,-22.35
P3-19,2025-10-19,1.7899999999999994
P3-19,2025-10-20,1.8799999999999994
P3-19,2025-10-21,2.17
P3-19,2025-10-22,2.46
P3-19,2025-10-24,-7.54
P3-19,2025-10-25,-10.84
P3-19,2025-10-30,-8.21
P3-19,2025-11-01,-23.65
P3-19,2025-11-02,-3.3900000000000006
P3-19,2025-11-06,1.8799999999999994
P3-19,2025-11-07,-7.25
P3-19,2025-11-08,-0.35000000000000053
P3-19,2025-11-09,2.17
P3-19,2025-11-11,-7.35
P3-19,2025-11-15,2.719999999999999
P3-19,2025-11-16,2.9500000000000006
P3-19,2025-11-19,2.27
P3-19,2025-11-22,-2.5799999999999983
P3-19,2025-11-23,1.8799999999999994
P3-19,2025-11-28,-22.62
P3-19,2025-11-29,9.739999999999998
P3-19,2025-11-30,1.8799999999999994
P3-19,2025-12-05,1.9799999999999995
P3-19,2025-12-06,-7.4399999999999995
P3-19,2025-12-07,-5.079999999999999
P3-19,2025-12-08,2.7500000000000004
P3-19,2025-12-11,-7.05
P3-19,2025-12-14,-4.789999999999999
P3-19,2025-12-18,-7.83
P3-19,2025-12-20,2.27
P3-19,2025-12-21,1.9799999999999995
P3-19,2025-12-23,2.27
P3-19,2025-12-27,-10.93
P3-19,2025-12-28,2.6500000000000004
P3-19,2025-12-30,-4.98
P3-19,2026-01-01,1.9799999999999995
P3-19,2026-01-03,1.8799999999999994
P3-19,2026-01-04,2.36
P3-19,2026-01-10,2.6500000000000004
P3-19,2026-01-11,2.46
P3-20,2025-09-14,-5.57
P3-20,2025-09-15,2.46
P3-20,2025-09-21,-5.47
P3-20,2025-09-28,0.020000000000000018
P3-20,2025-10-05,-4.89
P3-20,2025-10-12,5.210000000000001
P3-20,2025-10-16,1.9799999999999995
P3-20,2025-10-19,1.7899999999999994
P3-20,2025-10-20,1.8799999999999994
P3-20,2025-11-02,-3.3900000000000006
P3-20,2025-11-06,1.8799999999999994
P3-20,2025-11-09,2.17
P3-20,2025-11-16,2.9500000000000006
P3-20,2025-11-23,1.8799999999999994
P3-20,2025-11-30,1.8799999999999994
P3-20,2025-12-07,-5.079999999999999
P3-20,2025-12-08,2.7500000000000004
P3-20,2025-12-11,-7.05
P3-20,2025-12-14,-4.789999999999999
P3-20,2025-12-18,-7.83
P3-20,2025-12-20,2.27
P3-20,2025-12-21,1.9799999999999995
P3-20,2025-12-28,2.6500000000000004
P3-20,2026-01-03,1.8799999999999994
P3-20,2026-01-04,2.36
P3-20,2026-01-10,2.6500000000000004
P3-20,2026-01-11,2.46
P3-21,2025-09-12,2.6500000000000004
P3-21,2025-09-13,0.3200000000000003
P3-21,2025-09-18,2.27
P3-21,2025-09-20,7.870000000000001
P3-21,2025-09-26,-7.83
P3-21,2025-09-27,-15.409999999999998
P3-21,2025-10-04,0.5699999999999998
P3-21,2025-10-09,2.07
P3-21,2025-10-11,13.03
P3-21,2025-10-14,-8.12
P3-21,2025-10-17,4.049999999999999
P3-21,2025-10-18,-22.35
P3-21,2025-10-21,2.17
P3-21,2025-10-22,2.46
P3-21,2025-10-24,-7.54
P3-21,2025-10-25,-10.84
P3-21,2025-10-30,-8.21
P3-21,2025-11-01,-23.65
P3-21,2025-11-07,-7.25
P3-21,2025-11-08,-0.35000000000000053
P3-21,2025-11-11,-7.35
P3-21,2025-11-15,2.719999999999999
P3-21,2025-11-19,2.27
P3-21,2025-11-22,-2.5799999999999983
P3-21,2025-11-28,-22.62
P3-21,2025-11-29,9.739999999999998
P3-21,2025-12-05,1.9799999999999995
P3-21,2025-12-06,-7.4399999999999995
P3-21,2025-12-23,2.27
P3-21,2025-12-27,-10.93
P3-21,2025-12-30,-4.98
P3-21,2026-01-01,1.9799999999999995
P3-22,2025-09-08,-8.97
P3-22,2025-09-12,1.1199999999999999
P3-22,2025-09-13,5.15
P3-22,2025-09-19,1.6900000000000004
P3-22,2025-09-20,0.5900000000000014
P3-22,2025-09-21,3.839999999999999
P3-22,2025-09-27,-2.6899999999999977
P3-22,2025-09-28,3.75
P3-22,2025-10-02,1.1199999999999999
P3-22,2025-10-04,0.8799999999999994
P3-22,2025-10-11,-19.220000000000002
P3-22,2025-10-12,3.290000000000001
P3-22,2025-10-15,1.4100000000000001
P3-22,2025-10-18,12.37
P3-22,2025-10-19,-4.09
P3-22,2025-10-20,1.0299999999999998
P3-22,2025-10-21,1.31
P3-22,2025-10-24,1.1199999999999999
P3-22,2025-10-25,-15.199999999999998
P3-22,2025-10-26,4.039999999999999
P3-22,2025-10-28,2.25
P3-22,2025-10-30,1.0299999999999998
P3-22,2025-11-01,4.500000000000001
P3-22,2025-11-02,1.1199999999999999
P3-22,2025-11-06,1.31
P3-22,2025-11-07,1.1199999999999999
P3-22,2025-11-08,-1.4000000000000012
P3-22,2025-11-09,-4.9399999999999995
P3-22,2025-11-15,2.4599999999999995
P3-22,2025-11-16,-5.019999999999998
P3-22,2025-11-19,1.0299999999999998
P3-22,2025-11-21,1.22
P3-22,2025-11-22,1.049999999999999
P3-22,2025-11-23,-7.470000000000001
P3-22,2025-11-28,2.62
P3-22,2025-11-29,11.26
P3-22,2025-11-30,3.65
P3-22,2025-12-04,1.0299999999999998
P3-22,2025-12-06,3.93
P3-22,2025-12-07,1.31
P3-22,2025-12-14,-8.399999999999999
P3-22,2025-12-22,1.0299999999999998
P3-22,2025-12-23,-6.420000000000002
P3-22,2025-12-24,-8.309999999999999
P3-22,2025-12-25,2.4299999999999997
P3-22,2025-12-27,3.85
P3-22,2025-12-28,1.5000000000000002
P3-22,2025-12-29,2.1499999999999995
P3-22,2026-01-01,-8.69
P3-22,2026-01-03,1.5000000000000002
P3-22,2026-01-04,-8.309999999999999
P3-22,2026-01-18,1.31
P3-23,2025-09-08,-8.97
P3-23,2025-09-21,3.839999999999999
P3-23,2025-09-28,3.75
P3-23,2025-10-12,3.290000000000001
P3-23,2025-10-19,-4.09
P3-23,2025-10-20,1.0299999999999998
P3-23,2025-10-26,4.039999999999999
P3-23,2025-11-02,1.1199999999999999
P3-23,2025-11-09,-4.9399999999999995
P3-23,2025-11-16,-5.019999999999998
P3-23,2025-11-23,-7.470000000000001
P3-23,2025-11-30,3.65
P3-23,2025-12-04,1.0299999999999998
P3-23,2025-12-07,1.31
P3-23,2025-12-14,-8.399999999999999
P3-23,2025-12-22,1.0299999999999998
P3-23,2025-12-25,2.4299999999999997
P3-23,2025-12-27,2.8200000000000003
P3-23,2025-12-28,1.5000000000000002
P3-23,2025-12-29,1.1199999999999999
P3-23,2026-01-03,1.5000000000000002
P3-23,2026-01-04,-8.309999999999999
P3-23,2026-01-18,1.31
P3-24,2025-09-12,1.1199999999999999
P3-24,2025-09-13,5.15
P3-24,2025-09-19,1.6900000000000004
P3-24,2025-09-20,0.5900000000000014
P3-24,2025-09-27,-2.6899999999999977
P3-24,2025-10-02,1.1199999999999999
P3-24,2025-10-04,0.8799999999999994
P3-24,2025-10-11,-19.220000000000002
P3-24,2025-10-15,1.4100000000000001
P3-24,2025-10-18,12.37
P3-24,2025-10-21,1.31
P3-24,2025-10-24,1.1199999999999999
P3-24,2025-10-25,-15.199999999999998
P3-24,2025-10-28,2.25
P3-24,2025-10-30,1.0299999999999998
P3-24,2025-11-01,4.500000000000001
P3-24,2025-11-06,1.31
P3-24,2025-11-07,1.1199999999999999
P3-24,2025-11-08,-1.4000000000000012
P3-24,2025-11-15,2.4599999999999995
P3-24,2025-11-19,1.0299999999999998
P3-24,2025-11-21,1.22
P3-24,2025-11-22,1.049999999999999
P3-24,2025-11-28,2.62
P3-24,2025-11-29,11.26
P3-24,2025-12-06,3.93
P3-24,2025-12-23,-6.420000000000002
P3-24,2025-12-24,-8.309999999999999
P3-24,2025-12-27,1.0299999999999998
P3-24,2025-12-29,1.0299999999999998
P3-24,2026-01-01,-8.69
P3-25,2025-09-11,0.8399999999999996
P3-25,2025-09-13,3.1599999999999997
P3-25,2025-09-14,0.5600000000000005
P3-25,2025-09-15,0.6499999999999995
P3-25,2025-09-18,0.5600000000000005
P3-25,2025-09-20,-25.749999999999996
P3-25,2025-09-21,-8.24
P3-25,2025-09-25,0.7399999999999995
P3-25,2025-09-27,4.6499999999999995
P3-25,2025-09-28,1.3
P3-25,2025-09-29,0.9299999999999997
P3-25,2025-10-04,2.1399999999999997
P3-25,2025-10-05,-9.16
P3-25,2025-10-09,1.0299999999999998
P3-25,2025-10-10,0.5600000000000005
P3-25,2025-10-11,-6.1099999999999985
P3-25,2025-10-12,2.789999999999999
P3-25,2025-10-14,0.6499999999999995
P3-25,2025-10-16,0.5600000000000005
P3-25,2025-10-18,3.079999999999999
P3-25,2025-10-22,0.6499999999999995
P3-25,2025-10-23,0.5600000000000005
P3-25,2025-10-24,0.46000000000000046
P3-25,2025-10-25,3.91
P3-25,2025-10-26,-8.14
P3-25,2025-10-27,0.37000000000000033
P3-25,2025-11-01,6.03
P3-25,2025-11-02,0.8399999999999996
P3-25,2025-11-03,0.7399999999999995
P3-25,2025-11-07,0.7399999999999995
P3-25,2025-11-08,-4.350000000000001
P3-25,2025-11-09,-8.32
P3-25,2025-11-12,0.6499999999999995
P3-25,2025-11-13,0.6499999999999995
P3-25,2025-11-15,4.72
P3-25,2025-11-18,0.6499999999999995
P3-25,2025-11-22,-7.039999999999999
P3-25,2025-11-23,0.6499999999999995
P3-25,2025-11-24,0.6499999999999995
P3-25,2025-11-25,0.7399999999999995
P3-25,2025-11-28,1.389999999999999
P3-25,2025-11-29,4.349999999999998
P3-25,2025-11-30,0.6499999999999995
P3-25,2025-12-05,2.0399999999999983
P3-25,2025-12-07,0.46000000000000046
P3-25,2025-12-14,0.8300000000000007
P3-25,2025-12-17,0.46000000000000046
P3-25,2025-12-21,0.7399999999999995
P3-25,2025-12-26,0.37000000000000033
P3-25,2025-12-28,0.8399999999999996
P3-25,2025-12-31,0.46000000000000046
P3-25,2026-01-01,0.46000000000000046
P3-25,2026-01-02,1.2
P3-25,2026-01-04,1.8499999999999994
P3-25,2026-01-10,-9.350000000000001
P3-25,2026-01-17,0.5600000000000005
P3-26,2025-09-11,0.8399999999999996
P3-26,2025-09-14,0.5600000000000005
P3-26,2025-09-15,0.6499999999999995
P3-26,2025-09-18,0.5600000000000005
P3-26,2025-09-21,-8.24
P3-26,2025-09-25,0.7399999999999995
P3-26,2025-09-28,1.3
P3-26,2025-09-29,0.9299999999999997
P3-26,2025-10-05,-9.16
P3-26,2025-10-12,2.789999999999999
P3-26,2025-10-26,-8.14
P3-26,2025-10-27,0.37000000000000033
P3-26,2025-11-02,0.8399999999999996
P3-26,2025-11-03,0.7399999999999995
P3-26,2025-11-09,-8.32
P3-26,2025-11-13,0.6499999999999995
P3-26,2025-11-23,0.6499999999999995
P3-26,2025-11-24,0.6499999999999995
P3-26,2025-11-30,0.6499999999999995
P3-26,2025-12-07,0.46000000000000046
P3-26,2025-12-14,0.8300000000000007
P3-26,2025-12-21,0.7399999999999995
P3-26,2025-12-28,0.8399999999999996
P3-26,2026-01-04,1.8499999999999994
P3-26,2026-01-10,-9.350000000000001
P3-26,2026-01-17,0.5600000000000005
P3-27,2025-09-13,3.1599999999999997
P3-27,2025-09-20,-25.749999999999996
P3-27,2025-09-27,4.6499999999999995
P3-27,2025-10-04,2.1399999999999997
P3-27,2025-10-09,1.0299999999999998
P3-27,2025-10-10,0.5600000000000005
P3-27,2025-10-11,-6.1099999999999985
P3-27,2025-10-14,0.6499999999999995
P3-27,2025-10-16,0.5600000000000005
P3-27,2025-10-18,3.079999999999999
P3-27,2025-10-22,0.6499999999999995
P3-27,2025-10-23,0.5600000000000005
P3-27,2025-10-24,0.46000000000000046
P3-27,2025-10-25,3.91
P3-27,2025-11-01,6.03
P3-27,2025-11-07,0.7399999999999995
P3-27,2025-11-08,-4.350000000000001
P3-27,2025-11-12,0.6499999999999995
P3-27,2025-11-15,4.72
P3-27,2025-11-18,0.6499999999999995
P3-27,2025-11-22,-7.039999999999999
P3-27,2025-11-25,0.7399999999999995
P3-27,2025-11-28,1.389999999999999
P3-27,2025-11-29,4.349999999999998
P3-27,2025-12-05,2.0399999999999983
P3-27,2025-12-17,0.46000000000000046
P3-27,2025-12-26,0.37000000000000033
P3-27,2025-12-31,0.46000000000000046
P3-27,2026-01-01,0.46000000000000046
P3-27,2026-01-02,1.2
P5-01,2025-09-11,2.46
P5-01,2025-10-04,-7.25
P5-01,2025-10-11,4.049999999999999
P5-01,2025-10-18,-3.01
P5-01,2025-10-22,1.9799999999999995
P5-01,2025-10-25,-5.279999999999999
P5-01,2025-11-01,-5.5600000000000005
P5-01,2025-11-08,-16.11
P5-01,2025-11-13,2.07
P5-01,2025-11-15,-1.1300000000000008
P5-01,2025-11-22,18.04
P5-01,2025-11-29,-21.47
P5-01,2025-12-13,2.6500000000000004
P5-01,2025-12-20,2.17
P5-01,2025-12-27,2.27
P5-02,2025-09-13,-6.54
P5-02,2025-09-20,1.0299999999999998
P5-02,2025-09-26,1.6000000000000003
P5-02,2025-10-04,1.6900000000000004
P5-02,2025-10-11,1.22
P5-02,2025-10-16,1.0299999999999998
P5-02,2025-10-18,-7.95
P5-02,2025-10-25,1.1199999999999999
P5-02,2025-11-04,1.6000000000000003
P5-02,2025-11-06,1.31
P5-02,2025-11-15,8.139999999999999
P5-02,2025-11-22,5.99
P5-02,2025-11-29,8.09
P5-02,2025-12-20,1.0299999999999998
P5-03,2025-09-13,0.5600000000000005
P5-03,2025-10-03,0.7399999999999995
P5-03,2025-10-18,1.8599999999999994
P5-03,2025-11-01,0.46000000000000046
P5-03,2025-11-15,1.1099999999999999
P5-03,2025-11-22,0.5600000000000005
P5-03,2025-11-29,1.1099999999999999
P5-04,2025-09-13,1.9799999999999995
P5-04,2025-09-20,-12.71
P5-04,2025-10-11,4.43
P5-04,2025-10-18,2.7500000000000004
P5-04,2025-10-22,2.46
P5-04,2025-10-25,-7.35
P5-04,2025-10-30,-7.930000000000001
P5-04,2025-11-01,-5.27
P5-04,2025-11-08,-2.52
P5-04,2025-11-11,-7.83
P5-04,2025-11-15,2.36
P5-04,2025-11-22,-0.9299999999999997
P5-04,2025-11-29,-7.930000000000001
P5-04,2025-12-06,-7.25
P5-04,2025-12-13,2.17
P5-04,2025-12-18,2.07
P5-04,2025-12-20,2.7500000000000004
P5-04,2025-12-27,2.27
P5-05,2025-09-13,1.22
P5-05,2025-09-20,1.3
P5-05,2025-09-27,5.8999999999999995
P5-05,2025-10-04,-15.94
P5-05,2025-10-09,0.9299999999999997
P5-05,2025-10-11,1.1199999999999999
P5-05,2025-10-18,-0.9799999999999995
P5-05,2025-10-23,0.8399999999999996
P5-05,2025-10-25,2.34
P5-05,2025-11-01,2.7500000000000004
P5-05,2025-11-08,-7.369999999999999
P5-05,2025-11-15,2.9099999999999993
P5-05,2025-11-22,2.44
P5-05,2025-11-29,-1.4600000000000006
P5-05,2025-12-06,1.7899999999999994
P5-06,2025-09-13,-7.960000000000001
P5-06,2025-09-20,1.8599999999999994
P5-06,2025-09-25,0.46000000000000046
P5-06,2025-09-27,0.6499999999999995
P5-06,2025-10-04,1.4000000000000001
P5-06,2025-10-16,0.5600000000000005
P5-06,2025-10-18,1.7599999999999993
P5-06,2025-10-25,0.8399999999999996
P5-06,2025-11-01,0.8399999999999996
P5-06,2025-11-04,0.6499999999999995
P5-06,2025-11-13,0.6499999999999995
P5-06,2025-11-15,1.3
P5-06,2025-11-22,1.3
P5-06,2025-11-29,0.7399999999999995
P5-06,2025-12-27,0.5600000000000005
P5-06,2026-01-10,0.8399999999999996
P5-07,2025-09-18,2.27
P5-07,2025-09-27,5.41
P5-07,2025-10-04,-13.49
P5-07,2025-10-11,4.82
P5-07,2025-10-18,3.959999999999999
P5-07,2025-10-30,-8.21
P5-07,2025-11-11,-7.35
P5-07,2025-11-22,-0.5500000000000003
P5-07,2025-11-29,4.4399999999999995
P5-07,2025-12-06,-7.4399999999999995
P5-07,2025-12-20,2.27
P5-07,2025-12-27,-3.2
P5-07,2026-01-03,1.8799999999999994
P5-07,2026-01-10,2.6500000000000004
P5-08,2025-09-19,1.6900000000000004
P5-08,2025-09-20,2.62
P5-08,2025-09-27,-6.429999999999999
P5-08,2025-10-04,0.9299999999999997
P5-08,2025-10-11,1.4100000000000001
P5-08,2025-10-18,3.46
P5-08,2025-10-25,-7.089999999999999
P5-08,2025-10-30,1.0299999999999998
P5-08,2025-11-01,1.6900000000000004
P5-08,2025-11-06,1.31
P5-08,2025-11-08,-5.890000000000001
P5-08,2025-11-15,4.790000000000001
P5-08,2025-11-22,3.46
P5-08,2025-11-29,2.4299999999999997
P5-08,2025-12-06,1.31
P5-08,2025-12-27,1.22
P5-09,2025-09-13,2.05
P5-09,2025-09-20,1.299999999999999
P5-09,2025-09-27,0.5600000000000005
P5-09,2025-10-09,1.0299999999999998
P5-09,2025-10-11,-9.54
P5-09,2025-10-16,0.5600000000000005
P5-09,2025-10-18,1.0299999999999998
P5-09,2025-10-23,0.5600000000000005
P5-09,2025-10-25,0.5600000000000005
P5-09,2025-11-08,-7.870000000000002
P5-09,2025-11-15,1.0099999999999998
P5-09,2025-11-18,0.6499999999999995
P5-09,2025-11-25,0.7399999999999995
P5-09,2025-11-29,0.6499999999999995
P4-01,2025-09-20,8.969999999999999
P4-01,2025-09-21,2.46
P4-01,2025-09-28,-2.73
P4-01,2025-10-11,9.45
P4-01,2025-10-25,-5.279999999999999
P4-01,2025-11-01,-1.990000000000001
P4-01,2025-11-08,-10.65
P4-01,2025-11-15,6.709999999999999
P4-01,2025-11-22,-2.81
P4-01,2025-11-29,14.18
P4-01,2025-11-30,2.56
P4-01,2025-12-27,2.56
P4-02,2025-09-13,-7.66
P4-02,2025-09-20,-2.8600000000000017
P4-02,2025-10-04,5.630000000000001
P4-02,2025-10-11,3.9400000000000004
P4-02,2025-10-18,-9.07
P4-02,2025-10-25,4.220000000000001
P4-02,2025-11-01,-6.709999999999998
P4-02,2025-11-15,-3.99
P4-02,2025-11-22,4.6099999999999985
P4-02,2025-11-29,-8.5
P4-03,2025-09-20,0.6499999999999995
P4-03,2025-10-18,0.6499999999999995
P4-03,2025-11-01,0.5600000000000005
P4-03,2025-11-08,-18.610000000000003
P4-03,2025-11-22,1.2
P4-03,2025-11-29,0.5600000000000005
P4-04,2025-09-20,8.969999999999999
P4-04,2025-10-11,9.45
P4-04,2025-11-01,-1.990000000000001
P4-04,2025-11-08,-7.35
P4-04,2025-11-15,1.9799999999999995
P4-04,2025-11-22,-2.81
P4-04,2025-11-29,4.34
P4-05,2025-09-13,-7.66
P4-05,2025-09-20,-2.8600000000000017
P4-05,2025-10-04,5.630000000000001
P4-05,2025-10-11,3.9400000000000004
P4-05,2025-10-18,-9.07
P4-05,2025-10-25,1.5000000000000002
P4-05,2025-11-01,-6.709999999999998
P4-05,2025-11-22,4.6099999999999985
P4-06,2025-09-20,0.6499999999999995
P4-06,2025-10-18,0.6499999999999995
P4-06,2025-11-01,0.5600000000000005
P4-06,2025-11-08,-9.350000000000001
P4-06,2025-11-22,1.2
W-P1,2025-12-31,-6.27
W-P1,2026-01-01,4.62
W-P1,2026-01-04,-6.57
W-P3,2025-09-20,-1.859999999999998
W-P3,2025-09-21,-6.16
W-P3,2025-09-26,-7.54
W-P3,2025-09-27,-1.3100000000000005
W-P3,2025-09-28,-8.19
W-P3,2025-09-29,1.1199999999999999
W-P3,2025-10-02,2.56
W-P3,2025-10-03,3.2899999999999996
W-P3,2025-10-04,-9.889999999999999
W-P3,2025-10-05,-15.969999999999999
W-P3,2025-10-11,-19.220000000000002
W-P3,2025-10-13,-7.35
W-P3,2025-10-19,7.09
W-P3,2025-10-20,1.7899999999999994
W-P3,2025-10-21,0.9299999999999997
W-P3,2025-10-23,0.8399999999999996
W-P3,2025-10-24,1.31
W-P3,2025-10-25,-21.830000000000002
W-P3,2025-10-26,-5.869999999999999
W-P3,2025-11-02,-3.0100000000000002
W-P3,2025-11-09,2.56
W-P3,2025-11-16,4.1499999999999995
W-P3,2025-11-20,-7.35
W-P3,2025-11-23,7.57
W-P3,2025-11-28,8.17
W-P3,2025-11-29,10.06
W-P3,2025-12-06,1.7899999999999994
W-P3,2025-12-13,-8.5
W-P3,2025-12-19,-8.88
W-P3,2025-12-23,1.6900000000000004
W-P3,2025-12-26,1.7899999999999994
W-P3,2025-12-27,-8.399999999999999
W-P3,2025-12-31,1.4100000000000001
W-P3,2026-01-02,1.0299999999999998
W-P3,2026-01-10,1.6000000000000003
W-P5,2025-11-29,-1.4600000000000006
W-P5,2025-12-20,1.0299999999999998
