round,trial_id,method,params,trades,roc,roc_ci_lo,roc_ci_hi,c_per_contract,excl_top5_roc,excl_top5_c,win_rate,mean_fill,sharpe_x365,max_dd,net_pnl
1,P1-01,P1_drift,d=3c mode=mom league=ALL,29,-0.047165316817532096,-0.39580547654421105,0.3121854773178342,-2.731034482758617,-0.2597577388963661,-16.08333333333333,0.5517241379310345,0.5624137931034482,-1.1142449486983548,27.639999999999993,-7.919999999999989
1,P1-02,P1_drift,d=3c mode=mom league=NFL,6,0.013513513513513587,-0.7179921037789058,1.2341376228775693,0.6666666666666702,-1.0,-64.7,0.5,0.47666666666666674,0.17581832997854102,12.149999999999999,0.40000000000000213
1,P1-03,P1_drift,d=3c mode=mom league=CFB,23,-0.06015037593984958,-0.4068845858835024,0.27229388367891944,-3.617391304347823,-0.30452925323828567,-19.46111111111111,0.5652173913043478,0.5847826086956521,-1.657622384259497,21.759999999999998,-8.319999999999993
1,P1-04,P1_drift,d=3c mode=rev league=ALL,28,-0.06910132474042247,-0.4494679524510715,0.3606163865302171,-3.44642857142857,-0.33615467596050114,-17.613043478260867,0.4642857142857143,0.4817857142857143,-1.4131993507276241,20.99,-9.649999999999995
1,P1-05,P1_drift,d=3c mode=rev league=NFL,6,-0.12739965095986036,-0.7591522157996147,0.7445917655268667,-7.299999999999998,-1.0,-83.99999999999999,0.5,0.5566666666666668,-1.986950745123007,15.129999999999999,-4.379999999999999
1,P1-06,P1_drift,d=3c mode=rev league=CFB,22,-0.050061745986510815,-0.48108685539163715,0.40521687625213487,-2.3954545454545424,-0.41948217810286764,-21.252941176470586,0.45454545454545453,0.4613636363636363,-1.0975652038325492,16.73,-5.269999999999993
1,P1-07,P1_drift,d=5c mode=mom league=ALL,4,-0.526290857413548,-1.0,0.6224986479177935,-27.774999999999995,,,0.25,0.51,-22.943377478151167,11.109999999999998,-11.109999999999998
1,P1-08,P1_drift,d=5c mode=mom league=NFL,1,-1.0,-1.0,-1.0,-56.8,,,0.0,0.55,,5.68,-5.68
1,P1-09,P1_drift,d=5c mode=mom league=CFB,3,-0.35191186001296165,-1.0,1.34192037470726,-18.099999999999994,,,0.3333333333333333,0.49666666666666665,-14.29927106190198,5.429999999999998,-5.429999999999998
1,P1-10,P1_drift,d=5c mode=rev league=ALL,4,0.3947001394700141,-0.5848899958489,1.0491803278688527,21.225000000000005,,,0.75,0.52,15.659910477217272,1.1499999999999995,8.490000000000002
1,P1-11,P1_drift,d=5c mode=rev league=NFL,1,1.0080321285140563,1.0080321285140563,1.0080321285140563,50.2,,,1.0,0.48,,0.0,5.0200000000000005
1,P1-12,P1_drift,d=5c mode=rev league=CFB,3,0.20992135511191776,-1.0,1.092050209205021,11.566666666666668,,,0.6666666666666666,0.5333333333333333,8.124283989391483,1.1499999999999995,3.4700000000000006
1,P3-01,P3_longshot,time=ko-5m band=0.70-0.80 league=ALL,217,-0.0785982688452165,-0.1605270305752531,0.00016310196026219037,-6.034101382488479,-0.08883966646009614,-6.829716981132079,0.7050691244239631,0.7541935483870967,-5.3780633303715675,135.95999999999998,-130.94
1,P3-02,P3_longshot,time=ko-5m band=0.70-0.80 league=NFL,74,-0.05700285543060595,-0.19252155080038963,0.07554992938557228,-4.370270270270269,-0.08678378429268108,-6.679710144927535,0.7162162162162162,0.753108108108108,-2.926944573799119,49.4,-32.33999999999999
1,P3-03,P3_longshot,time=ko-5m band=0.70-0.80 league=CFB,143,-0.08975059166211542,-0.18780262032342734,0.005516400826193141,-6.895104895104895,-0.10584027483646292,-8.148550724637682,0.6993006993006993,0.7547552447552446,-6.810630582511724,110.07000000000004,-98.6
1,P3-04,P3_longshot,time=ko-5m band=0.80-0.90 league=ALL,153,0.031913440672564755,-0.029502553682184338,0.08637312084559037,2.7490196078431373,0.025930189757927463,2.237162162162162,0.8888888888888888,0.8522875816993465,2.638553631931312,26.759999999999994,42.059999999999995
1,P3-05,P3_longshot,time=ko-5m band=0.80-0.90 league=NFL,37,0.0018785222291797057,-0.12991123038790978,0.1231625942510204,0.1621621621621616,-0.029649595687331536,-2.578125,0.8648648648648649,0.8543243243243243,0.10598223341996035,26.66,0.5999999999999979
1,P3-06,P3_longshot,time=ko-5m band=0.80-0.90 league=CFB,116,0.041520620105353796,-0.025627647969981304,0.1024468847510815,3.574137931034481,0.033953357215218964,2.9288288288288293,0.896551724137931,0.8516379310344827,4.014049400742012,25.28,41.45999999999998
1,P3-07,P3_longshot,time=ko-5m band=0.90-0.95 league=ALL,46,-0.023437500000000007,-0.1166698919722032,0.048317537836583165,-2.191304347826088,-0.037160403872176555,-3.4829268292682944,0.9130434782608695,0.9299999999999998,-1.7316055440972227,29.590000000000003,-10.080000000000005
1,P3-08,P3_longshot,time=ko-5m band=0.90-0.95 league=NFL,6,0.08597285067873299,0.07816711590296489,0.09170305676855893,7.916666666666663,0.06951871657754004,6.499999999999995,1.0,0.915,188.81393874182956,0.0,4.749999999999998
1,P3-09,P3_longshot,time=ko-5m band=0.90-0.95 league=CFB,40,-0.039564602619854346,-0.1460751813941678,0.042837212460827355,-3.707500000000001,-0.05783667142813726,-5.437142857142859,0.9,0.93225,-2.9752115784462965,31.17,-14.830000000000005
1,P3-10,P3_longshot,time=ko+60m band=0.70-0.80 league=ALL,175,-0.03598251317116915,-0.12257854641284217,0.050568166469184,-2.751428571428571,-0.04797733571850837,-3.675882352941174,0.7371428571428571,0.7510857142857142,-1.9796530973077788,64.61999999999999,-48.14999999999999
1,P3-11,P3_longshot,time=ko+60m band=0.70-0.80 league=NFL,58,-0.026554682724741357,-0.16836644898547728,0.11253521116184911,-2.022413793103448,-0.06353196313273202,-4.864150943396226,0.7413793103448276,0.7479310344827585,-1.0953622562154244,32.31,-11.729999999999997
1,P3-12,P3_longshot,time=ko+60m band=0.70-0.80 league=CFB,117,-0.04062827692376342,-0.145899749373665,0.06443269808422446,-3.112820512820513,-0.05864305139111637,-4.505357142857142,0.7350427350427351,0.7526495726495728,-2.570351519215044,57.37,-36.42
1,P3-13,P3_longshot,time=ko+60m band=0.80-0.90 league=ALL,219,-0.01679379628601785,-0.07080162182802328,0.03501205517507508,-1.4506849315068489,-0.023516527387394192,-2.0369158878504674,0.8493150684931506,0.8548401826484018,-1.4264283339502424,63.78,-31.76999999999999
1,P3-14,P3_longshot,time=ko+60m band=0.80-0.90 league=NFL,54,-0.12036043767431882,-0.26516114725566164,0.006547385994275542,-10.388888888888891,-0.1524426133019423,-13.214285714285715,0.7592592592592593,0.854074074074074,-6.37554863759807,67.36,-56.10000000000001
1,P3-15,P3_longshot,time=ko+60m band=0.80-0.90 league=CFB,165,0.017065660356183406,-0.04381203979087172,0.07469489562833678,1.4745454545454542,0.009016281198423065,0.7818750000000011,0.8787878787878788,0.8550909090909091,1.8540833378476478,25.140000000000004,24.329999999999995
1,P3-16,P3_longshot,time=ko+60m band=0.90-0.95 league=ALL,106,0.012839376776248156,-0.03305881260079716,0.05055035215825497,1.2018867924528296,0.00843708091783613,0.7910891089108905,0.9433962264150944,0.931132075471698,1.4384526962690511,17.119999999999997,12.739999999999995
1,P3-17,P3_longshot,time=ko+60m band=0.90-0.95 league=NFL,28,0.017313524511497553,-0.07989748511297072,0.07804984823897379,1.610714285714285,-0.00027899190923463455,-0.026086956521739344,0.9285714285714286,0.925,1.7529992468968576,9.439999999999998,4.509999999999998
1,P3-18,P3_longshot,time=ko+60m band=0.90-0.95 league=CFB,78,0.011246703199092606,-0.05358524517449661,0.05411981225123799,1.0551282051282045,0.005611017998979815,0.5273972602739725,0.9487179487179487,0.9333333333333335,1.3550758483180785,17.119999999999997,8.229999999999995
1,P3-19,P3_longshot,time=ko+120m band=0.70-0.80 league=ALL,142,-0.10138248847926268,-0.20131999053687832,-0.008319658116808583,-7.746478873239436,-0.1204548912216644,-9.246715328467154,0.6830985915492958,0.7504929577464788,-4.9112111559516425,131.33,-110.0
1,P3-20,P3_longshot,time=ko+120m band=0.70-0.80 league=NFL,36,-0.003514874805232458,-0.18033682310340007,0.16858121909699827,-0.2694444444444449,-0.061013271012436414,-4.716129032258069,0.75,0.7530555555555556,-0.1819984021482882,21.999999999999996,-0.9700000000000015
1,P3-21,P3_longshot,time=ko+120m band=0.70-0.80 league=CFB,106,-0.1347663251053731,-0.2583809900550638,-0.02131671253393046,-10.285849056603775,-0.16194994907234309,-12.436633663366338,0.660377358490566,0.749622641509434,-7.2274260174681295,124.12,-109.03
1,P3-22,P3_longshot,time=ko+120m band=0.80-0.90 league=ALL,161,-0.008389453258760412,-0.06725118923629186,0.049176583767299074,-0.7304347826086954,-0.01542259678616299,-1.3455128205128184,0.8633540372670807,0.8619875776397514,-0.7663540191353199,27.669999999999998,-11.759999999999996
1,P3-23,P3_longshot,time=ko+120m band=0.80-0.90 league=NFL,43,-0.03337539940391481,-0.16845493562231756,0.07813878208614047,-2.8906976744186035,-0.06395313726674313,-5.573684210526315,0.8372093023255814,0.8572093023255813,-2.3293444657780342,19.839999999999996,-12.429999999999994
1,P3-24,P3_longshot,time=ko+120m band=0.80-0.90 league=CFB,118,0.0006509088436167216,-0.0707309282042843,0.06759193513254637,0.05677966101694915,-0.008659059642308,-0.7575221238938051,0.8728813559322034,0.8637288135593221,0.06593147995486026,21.36,0.6699999999999999
1,P3-25,P3_longshot,time=ko+120m band=0.90-0.95 league=ALL,141,-0.01708012309181228,-0.06433560466221136,0.0251085866633637,-1.6021276595744685,-0.02148046092184369,-2.01764705882353,0.9219858156028369,0.9331914893617023,-1.5803980205465145,37.91,-22.590000000000003
1,P3-26,P3_longshot,time=ko+120m band=0.90-0.95 league=NFL,38,-0.07044871975437313,-0.1844574456891665,0.03927402658010951,-6.581578947368423,-0.09499337405863151,-8.90606060606061,0.868421052631579,0.9292105263157895,-4.762473165199401,28.180000000000007,-25.010000000000005
1,P3-27,P3_longshot,time=ko+120m band=0.90-0.95 league=CFB,103,0.0025010851815870545,-0.04968519530658865,0.04589051897330787,0.23495145631067976,-0.0025370253919378915,-0.23877551020408108,0.941747572815534,0.9346601941747572,0.2735425933019662,25.749999999999996,2.4200000000000017
1,P5-01,P5_lowvol,time=ko-5m band=0.70-0.80 league=ALL,42,-0.07441688263606074,-0.25754175160628373,0.08242094290753074,-5.742857142857143,-0.1301019520512196,-10.105405405405406,0.7142857142857143,0.7583333333333334,-3.351365425324058,33.67,-24.12
1,P5-02,P5_lowvol,time=ko-5m band=0.80-0.90 league=ALL,31,0.07153414129470882,-0.04129970249146271,0.1523306817337001,6.245161290322581,0.04712041884816754,4.153846153846154,0.9354838709677419,0.8645161290322579,5.88040604904545,7.95,19.36
1,P5-03,P5_lowvol,time=ko-5m band=0.90-0.95 league=ALL,11,0.061776061776061764,0.05232695822057799,0.07233378826281922,5.8181818181818175,0.048584411045089176,4.633333333333336,1.0,0.9372727272727271,35.425041448805494,0.0,6.3999999999999995
1,P5-04,P5_lowvol,time=ko+60m band=0.70-0.80 league=ALL,27,-0.1766757070902751,-0.41891926083642284,0.05855747485925995,-13.511111111111113,-0.2914501653282947,-22.436363636363634,0.6296296296296297,0.7511111111111113,-7.2814106385674355,47.72,-36.480000000000004
1,P5-05,P5_lowvol,time=ko+60m band=0.80-0.90 league=ALL,35,-0.00731279573806295,-0.14553228085273834,0.10902608734810915,-0.6314285714285724,-0.046238364108042135,-4.040000000000001,0.8571428571428571,0.8545714285714285,-0.5384110417365773,16.31,-2.2100000000000035
1,P5-06,P5_lowvol,time=ko+60m band=0.90-0.95 league=ALL,25,0.027617212588310843,-0.059105294671114535,0.07342206955775007,2.5799999999999987,0.012523314681588071,1.1750000000000007,0.96,0.9292,3.3898384738572953,7.960000000000001,6.449999999999997
1,P5-07,P5_lowvol,time=ko+120m band=0.70-0.80 league=ALL,25,-0.06512932377687755,-0.31970207635080056,0.1472375346843265,-5.016000000000002,-0.16565047172838712,-12.905,0.72,0.7567999999999999,-2.8556746231534156,24.75,-12.540000000000004
1,P5-08,P5_lowvol,time=ko+120m band=0.80-0.90 league=ALL,30,0.03029840494543235,-0.09979843753288745,0.1458724246604171,2.6466666666666674,-0.0023580627607473147,-0.2079999999999991,0.9,0.865,2.6190028965762107,9.579999999999998,7.940000000000002
1,P5-09,P5_lowvol,time=ko+120m band=0.90-0.95 league=ALL,20,-0.03593808580151038,-0.19867621304830832,0.07562446996063409,-3.355000000000001,-0.07860231058189808,-7.3933333333333335,0.9,0.9285000000000002,-2.598616173131868,14.7,-6.710000000000003
1,P4-01,P4_slate,K>=1 band=0.70-0.80 league=ALL,34,0.08957449248767059,-0.07162236883667401,0.23382008834795923,6.891176470588234,0.04607166703761406,3.5689655172413786,0.8235294117647058,0.7558823529411766,5.2759322944366875,17.92,23.429999999999996
1,P4-02,P4_slate,K>=1 band=0.80-0.90 league=ALL,28,-0.08482050002079954,-0.26345770487100756,0.07957283296065557,-7.2821428571428575,-0.14675767918088736,-12.713043478260868,0.7857142857142857,0.8492857142857142,-6.462457438487795,20.39,-20.39
1,P4-03,P4_slate,K>=1 band=0.90-0.95 league=ALL,8,-0.19989331910921457,-0.5969908651262763,0.06666666666666665,-18.7375,-0.6447602131438721,-60.50000000000001,0.75,0.9324999999999999,-6.044324090734918,18.610000000000003,-14.990000000000002
1,P4-04,P4_slate,K>=2 band=0.70-0.80 league=ALL,19,0.0854080455871379,-0.1315586779588013,0.2832787165570081,6.626315789473683,-0.0018148820326679184,-0.14285714285714615,0.8421052631578947,0.7626315789473685,5.481761464129031,10.170000000000003,12.589999999999996
1,P4-05,P4_slate,K>=2 band=0.80-0.90 league=ALL,21,-0.05879747536263981,-0.28180763493729627,0.112730757915304,-5.05714285714286,-0.13904433921653034,-12.112499999999999,0.8095238095238095,0.850952380952381,-4.237339625891658,15.229999999999997,-10.620000000000005
1,P4-06,P4_slate,K>=2 band=0.90-0.95 league=ALL,6,-0.11174276070349975,-0.4669533269116186,0.07276953334525295,-10.483333333333336,-1.0,-93.50000000000001,0.8333333333333334,0.9333333333333332,-5.304733757047147,9.350000000000001,-6.290000000000002
1,W-P1,WF_select_P1,"cum-net-pnl past weeks, >=30 trades",3,-0.4511525795828759,-1.0,0.8587360594795539,-27.399999999999995,,,0.3333333333333333,0.59,-8.21047574864154,8.219999999999999,-8.219999999999999
1,W-P3,WF_select_P3,"cum-net-pnl past weeks, >=30 trades",112,-0.0852175384420144,-0.17962355330873525,0.0005812855996645954,-7.194642857142856,-0.10344979318841854,-8.788785046728972,0.7678571428571429,0.834375,-5.895019744619987,89.91,-80.57999999999998
1,W-P5,WF_select_P5,"cum-net-pnl past weeks, >=30 trades",7,-0.007115671024325681,-0.33166248955722644,0.16725029181257298,-0.6142857142857154,-0.4179278230500583,-35.90000000000001,0.8571428571428571,0.8542857142857142,-2.332923741777397,1.4600000000000006,-0.4300000000000008
