ctx,cell,trades,pnl_total,net_c_per_contract,mean_roc,book,label
CFB|early|hi,I12:signal,57,28.65,5.026315789473684,0.06652766735561871,N=20,"post-hoc, exploratory; context map over strategies already seen; walk-forward on training only; holdout not run"
CFB|early|hi,I9:signal,44,14.530000000000001,3.3022727272727264,0.05388441343325807,N=20,"post-hoc, exploratory; context map over strategies already seen; walk-forward on training only; holdout not run"
CFB|early|lo,I12:signal,50,-11.879999999999999,-2.3760000000000003,-0.25954861541813856,N=20,"post-hoc, exploratory; context map over strategies already seen; walk-forward on training only; holdout not run"
CFB|early|lo,I9:signal,41,-18.9,-4.609756097560975,-0.36843769253445663,N=20,"post-hoc, exploratory; context map over strategies already seen; walk-forward on training only; holdout not run"
CFB|early|mid,I12:signal,50,-60.21,-12.042,-0.20880275532995551,N=20,"post-hoc, exploratory; context map over strategies already seen; walk-forward on training only; holdout not run"
CFB|early|mid,I9:placebo,14,-56.96,-40.68571428571429,-0.7359552295815023,N=20,"post-hoc, exploratory; context map over strategies already seen; walk-forward on training only; holdout not run"
CFB|early|mid,I9:signal,10,-15.639999999999999,-15.639999999999997,-0.38860424056417164,N=20,"post-hoc, exploratory; context map over strategies already seen; walk-forward on training only; holdout not run"
CFB|late|lo,I4:placebo,57,-27.419999999999998,-4.810526315789473,-0.33383312342812027,N=20,"post-hoc, exploratory; context map over strategies already seen; walk-forward on training only; holdout not run"
CFB|late|lo,I9:signal,14,24.19,17.27857142857143,0.40204722387361475,N=20,"post-hoc, exploratory; context map over strategies already seen; walk-forward on training only; holdout not run"
CFB|late|mid,I10:fade,26,-5.800000000000001,-2.2307692307692313,-0.04894077992212615,N=20,"post-hoc, exploratory; context map over strategies already seen; walk-forward on training only; holdout not run"
CFB|late|mid,I9:signal,9,-9.700000000000001,-10.777777777777779,-0.22238108197994708,N=20,"post-hoc, exploratory; context map over strategies already seen; walk-forward on training only; holdout not run"
CFB|pre|hi,A:favorite,9,1.260000000000001,1.4000000000000012,0.013711991653006272,N=20,"post-hoc, exploratory; context map over strategies already seen; walk-forward on training only; holdout not run"
CFB|pre|hi,I7:placebo,19,-7.82,-4.115789473684212,-0.060303946116878705,N=20,"post-hoc, exploratory; context map over strategies already seen; walk-forward on training only; holdout not run"
CFB|pre|hi,I8:placebo,11,-16.78,-15.254545454545452,-0.20961827542704983,N=20,"post-hoc, exploratory; context map over strategies already seen; walk-forward on training only; holdout not run"
CFB|pre|lo,I7:placebo,32,-19.45,-6.078125,-0.5047514340425387,N=20,"post-hoc, exploratory; context map over strategies already seen; walk-forward on training only; holdout not run"
CFB|pre|mid,I7:placebo,22,-9.880000000000003,-4.490909090909093,-0.1095142189916546,N=20,"post-hoc, exploratory; context map over strategies already seen; walk-forward on training only; holdout not run"
CFB|pre|mid,I8:fade,99,-26.010000000000005,-2.627272727272728,-0.05636503323047,N=20,"post-hoc, exploratory; context map over strategies already seen; walk-forward on training only; holdout not run"
NFL|early|hi,I12:placebo,17,-8.399999999999999,-4.941176470588237,-0.05863225596481302,N=20,"post-hoc, exploratory; context map over strategies already seen; walk-forward on training only; holdout not run"
NFL|early|hi,I12:signal,38,-14.469999999999997,-3.8078947368421048,-0.040919557397951535,N=20,"post-hoc, exploratory; context map over strategies already seen; walk-forward on training only; holdout not run"
NFL|early|hi,I9:placebo,12,11.309999999999999,9.424999999999999,0.12314531575864678,N=20,"post-hoc, exploratory; context map over strategies already seen; walk-forward on training only; holdout not run"
NFL|early|lo,I12:placebo,11,6.660000000000001,6.054545454545454,-0.06849976468908349,N=20,"post-hoc, exploratory; context map over strategies already seen; walk-forward on training only; holdout not run"
NFL|early|lo,I4:placebo,65,-14.88,-2.289230769230769,-0.16815222649923225,N=20,"post-hoc, exploratory; context map over strategies already seen; walk-forward on training only; holdout not run"
NFL|early|mid,I12:placebo,26,-20.490000000000002,-7.880769230769232,-0.1342369561646646,N=20,"post-hoc, exploratory; context map over strategies already seen; walk-forward on training only; holdout not run"
NFL|early|mid,I12:signal,5,-15.669999999999998,-31.339999999999996,-0.6758508914100486,N=20,"post-hoc, exploratory; context map over strategies already seen; walk-forward on training only; holdout not run"
NFL|early|mid,I9:signal,8,-8.700000000000001,-10.875,-0.3173151509178663,N=20,"post-hoc, exploratory; context map over strategies already seen; walk-forward on training only; holdout not run"
NFL|late|hi,I4:favorite,67,-17.07,-2.547761194029851,-0.031122138049873488,N=20,"post-hoc, exploratory; context map over strategies already seen; walk-forward on training only; holdout not run"
NFL|late|lo,I4:placebo,38,-23.82,-6.268421052631578,-0.4955658602354345,N=20,"post-hoc, exploratory; context map over strategies already seen; walk-forward on training only; holdout not run"
NFL|pre|hi,A:favorite,1,1.6000000000000003,16.000000000000004,0.1904761904761905,N=20,"post-hoc, exploratory; context map over strategies already seen; walk-forward on training only; holdout not run"
NFL|pre|hi,I8:placebo,21,-13.180000000000001,-6.276190476190477,-0.0813196245400912,N=20,"post-hoc, exploratory; context map over strategies already seen; walk-forward on training only; holdout not run"
NFL|pre|lo,I8:placebo,35,-7.549999999999999,-2.1571428571428566,-0.25222154159950727,N=20,"post-hoc, exploratory; context map over strategies already seen; walk-forward on training only; holdout not run"
NFL|pre|mid,I7:placebo,8,23.21,29.0125,0.6749206799184299,N=20,"post-hoc, exploratory; context map over strategies already seen; walk-forward on training only; holdout not run"
NFL|pre|mid,I8:fade,58,-23.73,-4.091379310344828,-0.08797212465453157,N=20,"post-hoc, exploratory; context map over strategies already seen; walk-forward on training only; holdout not run"
CFB|early|hi,I12:signal,49,-9.43,-1.9244897959183678,-0.03190124816088819,N=50,"post-hoc, exploratory; context map over strategies already seen; walk-forward on training only; holdout not run"
CFB|early|hi,I9:signal,33,8.71,2.6393939393939383,0.045650459957254336,N=50,"post-hoc, exploratory; context map over strategies already seen; walk-forward on training only; holdout not run"
CFB|early|lo,I12:signal,41,-7.57,-1.8463414634146342,-0.2504082670001843,N=50,"post-hoc, exploratory; context map over strategies already seen; walk-forward on training only; holdout not run"
CFB|early|lo,I9:signal,41,-18.9,-4.609756097560975,-0.36843769253445663,N=50,"post-hoc, exploratory; context map over strategies already seen; walk-forward on training only; holdout not run"
CFB|early|mid,I12:signal,28,-43.88,-15.671428571428573,-0.2657391287885352,N=50,"post-hoc, exploratory; context map over strategies already seen; walk-forward on training only; holdout not run"
CFB|late|lo,I4:placebo,57,-27.419999999999998,-4.810526315789473,-0.33383312342812027,N=50,"post-hoc, exploratory; context map over strategies already seen; walk-forward on training only; holdout not run"
CFB|pre|hi,A:favorite,9,1.260000000000001,1.4000000000000012,0.013711991653006272,N=50,"post-hoc, exploratory; context map over strategies already seen; walk-forward on training only; holdout not run"
CFB|pre|hi,I7:placebo,3,-13.760000000000002,-45.866666666666674,-0.6324880558618156,N=50,"post-hoc, exploratory; context map over strategies already seen; walk-forward on training only; holdout not run"
CFB|pre|lo,I7:placebo,6,-5.59,-9.316666666666668,-0.503968253968254,N=50,"post-hoc, exploratory; context map over strategies already seen; walk-forward on training only; holdout not run"
CFB|pre|mid,I7:placebo,22,-9.880000000000003,-4.490909090909093,-0.1095142189916546,N=50,"post-hoc, exploratory; context map over strategies already seen; walk-forward on training only; holdout not run"
CFB|pre|mid,I8:fade,77,-25.400000000000002,-3.2987012987012996,-0.07225528206534029,N=50,"post-hoc, exploratory; context map over strategies already seen; walk-forward on training only; holdout not run"
NFL|early|hi,I12:signal,8,-12.7,-15.874999999999998,-0.20381818284063258,N=50,"post-hoc, exploratory; context map over strategies already seen; walk-forward on training only; holdout not run"
NFL|early|hi,I9:placebo,57,-2.7799999999999976,-0.48771929824561366,-0.012581378483885713,N=50,"post-hoc, exploratory; context map over strategies already seen; walk-forward on training only; holdout not run"
NFL|early|lo,I12:placebo,8,3.630000000000001,4.537500000000001,-0.17539155600953354,N=50,"post-hoc, exploratory; context map over strategies already seen; walk-forward on training only; holdout not run"
NFL|early|lo,I4:placebo,56,-13.17,-2.351785714285714,-0.14677148033126297,N=50,"post-hoc, exploratory; context map over strategies already seen; walk-forward on training only; holdout not run"
NFL|early|mid,I12:placebo,5,-15.59,-31.18,-0.647887323943662,N=50,"post-hoc, exploratory; context map over strategies already seen; walk-forward on training only; holdout not run"
NFL|late|hi,I4:favorite,58,-6.040000000000003,-1.0413793103448283,-0.014770032318884912,N=50,"post-hoc, exploratory; context map over strategies already seen; walk-forward on training only; holdout not run"
NFL|late|lo,I4:placebo,38,-23.82,-6.268421052631578,-0.4955658602354345,N=50,"post-hoc, exploratory; context map over strategies already seen; walk-forward on training only; holdout not run"
NFL|pre|hi,I8:placebo,3,-3.4800000000000004,-11.600000000000003,-0.18213006786367167,N=50,"post-hoc, exploratory; context map over strategies already seen; walk-forward on training only; holdout not run"
NFL|pre|lo,I8:placebo,3,1.1700000000000004,3.900000000000001,-0.06367041198501881,N=50,"post-hoc, exploratory; context map over strategies already seen; walk-forward on training only; holdout not run"
NFL|pre|mid,I8:fade,44,-35.68,-8.109090909090911,-0.17118764366426598,N=50,"post-hoc, exploratory; context map over strategies already seen; walk-forward on training only; holdout not run"
