ctx,cell,c_per_contract,trades,note,label
CFB|early|hi,I4:placebo,8.399999999999999,1,"DESCRIPTIVE ONLY, in-sample on all training; not a result","post-hoc, exploratory; context map over strategies already seen; walk-forward on training only; holdout not run"
CFB|early|lo,I9:signal,-0.41257861635220155,159,"DESCRIPTIVE ONLY, in-sample on all training; not a result","post-hoc, exploratory; context map over strategies already seen; walk-forward on training only; holdout not run"
CFB|early|mid,I4:favorite,35.3,1,"DESCRIPTIVE ONLY, in-sample on all training; not a result","post-hoc, exploratory; context map over strategies already seen; walk-forward on training only; holdout not run"
CFB|late|hi,I9:signal,-2.4999999999999987,33,"DESCRIPTIVE ONLY, in-sample on all training; not a result","post-hoc, exploratory; context map over strategies already seen; walk-forward on training only; holdout not run"
CFB|late|lo,I12:placebo,20.7,8,"DESCRIPTIVE ONLY, in-sample on all training; not a result","post-hoc, exploratory; context map over strategies already seen; walk-forward on training only; holdout not run"
CFB|late|mid,I12:signal,15.25,6,"DESCRIPTIVE ONLY, in-sample on all training; not a result","post-hoc, exploratory; context map over strategies already seen; walk-forward on training only; holdout not run"
CFB|pre|hi,I7:signal,8.4,3,"DESCRIPTIVE ONLY, in-sample on all training; not a result","post-hoc, exploratory; context map over strategies already seen; walk-forward on training only; holdout not run"
CFB|pre|lo,I7:placebo,0.36607142857142855,56,"DESCRIPTIVE ONLY, in-sample on all training; not a result","post-hoc, exploratory; context map over strategies already seen; walk-forward on training only; holdout not run"
CFB|pre|mid,I7:signal,42.68,5,"DESCRIPTIVE ONLY, in-sample on all training; not a result","post-hoc, exploratory; context map over strategies already seen; walk-forward on training only; holdout not run"
NFL|early|hi,I9:signal,28.48,5,"DESCRIPTIVE ONLY, in-sample on all training; not a result","post-hoc, exploratory; context map over strategies already seen; walk-forward on training only; holdout not run"
NFL|early|lo,I12:placebo,2.286440677966102,59,"DESCRIPTIVE ONLY, in-sample on all training; not a result","post-hoc, exploratory; context map over strategies already seen; walk-forward on training only; holdout not run"
NFL|early|mid,I13:placebo,-0.8041666666666681,48,"DESCRIPTIVE ONLY, in-sample on all training; not a result","post-hoc, exploratory; context map over strategies already seen; walk-forward on training only; holdout not run"
NFL|late|hi,I4:favorite,0.30731707317073126,205,"DESCRIPTIVE ONLY, in-sample on all training; not a result","post-hoc, exploratory; context map over strategies already seen; walk-forward on training only; holdout not run"
NFL|late|lo,I4:favorite,64.4,1,"DESCRIPTIVE ONLY, in-sample on all training; not a result","post-hoc, exploratory; context map over strategies already seen; walk-forward on training only; holdout not run"
NFL|late|mid,I10:fade,-2.6785714285714284,70,"DESCRIPTIVE ONLY, in-sample on all training; not a result","post-hoc, exploratory; context map over strategies already seen; walk-forward on training only; holdout not run"
NFL|pre|hi,A:favorite,1.5999999999999992,44,"DESCRIPTIVE ONLY, in-sample on all training; not a result","post-hoc, exploratory; context map over strategies already seen; walk-forward on training only; holdout not run"
NFL|pre|lo,I8:placebo,3.548275862068966,58,"DESCRIPTIVE ONLY, in-sample on all training; not a result","post-hoc, exploratory; context map over strategies already seen; walk-forward on training only; holdout not run"
NFL|pre|mid,I7:placebo,15.196774193548386,31,"DESCRIPTIVE ONLY, in-sample on all training; not a result","post-hoc, exploratory; context map over strategies already seen; walk-forward on training only; holdout not run"
