game_id,league,team,fill_price,contracts_at_or_better,contracts_in_window,trades_at_or_better,trades_in_window
cfb_20250823_idst_unlv,CFB,UNLV,0.97,199.0,199.0,2,2
cfb_20250823_fres_ku,CFB,KU,0.85,10158.0,10158.0,22,22
cfb_20250829_oh_wis,CFB,WIS,0.93,559.0,559.0,5,5
cfb_20250828_cark_mizz,CFB,MIZZ,0.98,26.0,26.0,2,2
cfb_20250829_buff_minn,CFB,MINN,0.89,4016.0,4016.0,23,23
cfb_20250828_ecu_ncst,CFB,NCST,0.84,2838.0,2838.0,8,8
cfb_20250828_jvst_ucf,CFB,UCF,0.92,33.0,33.0,1,1
cfb_20250828_ohio_rutg,CFB,RUTG,0.89,1421.0,1421.0,7,7
cfb_20250828_utm_okst,CFB,OKST,0.97,25.0,25.0,1,1
cfb_20250829_wag_ku,CFB,KU,0.99,99.0,99.0,1,1
cfb_20250829_wmu_msu,CFB,MSU,0.95,50808.0,50808.0,20,20
cfb_20250830_cmu_sjsu,CFB,SJSU,0.86,586.0,586.0,2,2
cfb_20250829_tarl_army,CFB,ARMY,0.86,2051.0,2051.0,12,12
cfb_20250829_kenn_wake,CFB,WAKE,0.92,3789.0,3789.0,12,12
cfb_20250830_ball_pur,CFB,PUR,0.88,407.0,407.0,10,10
cfb_20250830_syr_tenn,CFB,TENN,0.85,35539.0,35539.0,25,25
cfb_20250831_haw_ariz,CFB,ARIZ,0.87,1310.0,1310.0,10,10
cfb_20250830_utsa_txam,CFB,TXAM,0.94,250.0,11803.0,1,4
cfb_20250830_sdak_isu,CFB,ISU,0.9,9173.0,9173.0,16,16
cfb_20250830_odu_ind,CFB,IND,0.97,19.0,19.0,4,4
cfb_20250831_csu_wash,CFB,WASH,0.96,185.0,185.0,3,3
cfb_20250830_ccar_uva,CFB,UVA,0.84,63616.0,63616.0,32,32
cfb_20250830_msst_usm,CFB,MSST,0.85,75.0,75.0,2,2
cfb_20250830_mtst_ore,CFB,ORE,0.99,4753.0,4753.0,5,5
cfb_20250830_fau_md,CFB,MD,0.83,3123.0,3123.0,8,8
cfb_20250830_ala_fsu,CFB,ALA,0.85,61637.0,61637.0,122,122
cfb_20250830_ilst_okla,CFB,OKLA,0.99,1018.0,1018.0,1,1
cfb_20250905_jmu_lou,CFB,LOU,0.88,19515.0,19515.0,22,22
cfb_20250905_niu_md,CFB,MD,0.9,783.0,783.0,7,7
cfb_20250906_sjsu_tex,CFB,TEX,0.99,1.0,1.0,1,1
cfb_20250906_unc_char,CFB,UNC,0.87,539.0,539.0,4,4
cfb_20250906_tuln_usa,CFB,TULN,0.84,25.0,25.0,1,1
cfb_20250906_gaso_usc,CFB,USC,0.99,2.0,2.0,1,1
cfb_20250906_wcu_wake,CFB,WAKE,0.9,217.0,217.0,6,6
cfb_20250906_okst_ore,CFB,ORE,0.99,646.0,646.0,3,3
cfb_20250906_etsu_tenn,CFB,TENN,0.99,5341.0,5341.0,3,3
cfb_20250906_oh_rutg,CFB,RUTG,0.88,39.0,39.0,6,6
cfb_20250906_troy_clem,CFB,CLEM,0.99,5494.0,5494.0,2,2
cfb_20250906_del_colo,CFB,COLO,0.96,5.0,5.0,1,1
cfb_20250906_usu_txam,CFB,TXAM,0.99,101.0,101.0,2,2
cfb_20250906_army_ksu,CFB,KSU,0.89,7716.0,7716.0,7,7
cfb_20250906_usf_fla,CFB,FLA,0.91,13748.0,13748.0,19,19
cfb_20250906_hou_rice,CFB,HOU,0.86,120.0,120.0,2,2
cfb_20250906_cmu_pitt,CFB,PITT,0.95,25339.0,25339.0,5,5
cfb_20250907_web_ariz,CFB,ARIZ,0.98,1000.0,1000.0,1,1
cfb_20250906_siu_pur,CFB,PUR,0.94,104.0,104.0,4,4
cfb_20250906_kenn_ind,CFB,IND,0.99,5.0,5.0,1,1
cfb_20250907_stan_byu,CFB,BYU,0.94,113.0,113.0,5,5
nfl_20250907_ten_den,NFL,DEN,0.82,59786.0,59786.0,54,54
cfb_20250913_unm_ucla,CFB,UCLA,0.86,23909.0,23909.0,11,11
cfb_20250912_inst_ind,CFB,IND,0.99,3301.0,3301.0,6,6
cfb_20250912_colg_syr,CFB,SYR,0.99,6742.0,6742.0,8,8
cfb_20250913_cmu_mich,CFB,MICH,0.98,1038.0,1038.0,2,2
cfb_20250913_wis_ala,CFB,ALA,0.92,66225.0,66225.0,50,50
cfb_20250913_buff_kent,CFB,BUFF,0.95,110.0,110.0,2,2
cfb_20250913_ull_mizz,CFB,MIZZ,0.97,1912.0,1912.0,2,2
cfb_20250914_utah_wyo,CFB,UTAH,0.96,324.0,324.0,3,3
cfb_20250913_usf_mia,CFB,MIA,0.88,9775.0,9775.0,11,11
cfb_20250913_utep_tex,CFB,TEX,0.99,1000.0,1000.0,1,1
cfb_20250913_usa_aub,CFB,AUB,0.98,60.0,60.0,2,2
cfb_20250913_smu_mosu,CFB,SMU,0.99,601.0,601.0,3,3
cfb_20250913_isu_arst,CFB,ISU,0.94,7416.0,7416.0,15,15
cfb_20250913_okla_tem,CFB,OKLA,0.97,402.0,402.0,8,8
cfb_20250914_txst_asu,CFB,ASU,0.9,520.0,520.0,3,3
cfb_20250913_ysu_msu,CFB,MSU,0.96,14309.0,14309.0,21,21
cfb_20250913_orst_ttu,CFB,TTU,0.97,956.0,956.0,4,4
cfb_20250913_ore_nw,CFB,ORE,0.97,100.0,100.0,4,4
cfb_20250913_usc_pur,CFB,USC,0.94,1655.0,1655.0,5,5
cfb_20250913_emu_uk,CFB,UK,0.97,1.0,1.0,1,1
cfb_20250914_bc_stan,CFB,BC,0.85,2617.0,2617.0,8,8
cfb_20250913_rich_unc,CFB,UNC,0.96,865.0,865.0,7,7
cfb_20250913_wm_uva,CFB,UVA,0.98,5.0,5.0,1,1
nfl_20250914_cle_bal,NFL,BAL,0.9,12022.0,12022.0,55,55
cfb_20250914_prst_haw,CFB,HAW,0.99,575.0,575.0,2,2
nfl_20250919_mia_buf,NFL,BUF,0.87,222761.0,222761.0,468,468
cfb_20250920_tuln_miss,CFB,MISS,0.82,4609.0,4609.0,29,29
cfb_20250920_pur_nd,CFB,ND,0.95,3875.0,3875.0,10,10
cfb_20250921_cal_sdsu,CFB,CAL,0.84,37643.0,37643.0,32,32
cfb_20250920_bgsu_lou,CFB,LOU,0.97,442.0,442.0,7,7
cfb_20250920_wash_wsu,CFB,WASH,0.93,5442.0,5442.0,20,20
cfb_20250920_wvu_ku,CFB,KU,0.81,1745.0,1745.0,9,9
cfb_20250920_kent_fsu,CFB,FSU,0.99,388.0,388.0,9,9
cfb_20250920_syr_clem,CFB,CLEM,0.88,20575.0,20575.0,52,52
cfb_20250920_orst_ore,CFB,ORE,0.99,219.0,219.0,1,1
cfb_20250921_shsu_tex,CFB,TEX,0.99,10.0,10.0,1,1
cfb_20250921_wyo_colo,CFB,COLO,0.81,4479.0,4479.0,40,40
cfb_20250920_stan_uva,CFB,UVA,0.89,212.0,212.0,4,4
cfb_20250920_wof_vt,CFB,VT,0.98,1501.0,1501.0,8,8
cfb_20250921_msu_usc,CFB,USC,0.89,11905.0,11905.0,31,31
cfb_20250927_hou_orst,CFB,HOU,0.83,32874.0,32874.0,70,70
cfb_20250927_usu_van,CFB,VAN,0.94,11722.0,11722.0,13,13
cfb_20250927_mass_mizz,CFB,MIZZ,0.99,50300.0,50300.0,3,3
cfb_20250927_mem_fau,CFB,MEM,0.85,11.0,11.0,1,1
cfb_20250927_bay_okst,CFB,BAY,0.92,368.0,368.0,8,8
cfb_20250927_nmsu_unm,CFB,UNM,0.86,1.0,1.0,1,1
cfb_20250927_utah_wvu,CFB,UTAH,0.83,1533.0,1533.0,5,5
cfb_20250927_gt_wake,CFB,GT,0.84,16830.0,16830.0,55,55
cfb_20250927_usa_unt,CFB,UNT,0.82,75.0,75.0,2,2
cfb_20250927_app_bsu,CFB,BSU,0.88,1313.0,1313.0,8,8
nfl_20250928_cle_det,NFL,DET,0.84,72501.0,72501.0,137,137
nfl_20250928_no_buf,NFL,BUF,0.91,66557.0,66557.0,123,123
nfl_20250930_cin_den,NFL,DEN,0.81,123457.0,123457.0,145,145
nfl_20251003_sf_la,NFL,LA,0.81,107387.0,107387.0,325,325
cfb_20251004_wvu_byu,CFB,BYU,0.92,11543.0,11543.0,67,67
cfb_20251003_char_usf,CFB,USF,0.98,7373.0,7373.0,10,10
cfb_20251004_bsu_nd,CFB,ND,0.93,4013.0,4013.0,11,11
cfb_20251004_psu_ucla,CFB,PSU,0.97,5383.0,5383.0,13,13
cfb_20251004_uk_uga,CFB,UGA,0.93,8887.0,8887.0,36,36
cfb_20251004_clem_unc,CFB,CLEM,0.87,12563.0,12563.0,42,42
cfb_20251004_ohio_ball,CFB,OHIO,0.86,11.0,11.0,1,1
cfb_20251005_nev_fres,CFB,FRES,0.83,212.0,212.0,3,3
cfb_20251004_colo_tcu,CFB,TCU,0.84,87955.0,87955.0,71,71
cfb_20251004_msu_neb,CFB,NEB,0.82,9632.0,9632.0,23,23
cfb_20251004_okst_ariz,CFB,ARIZ,0.93,208.0,208.0,5,5
cfb_20251004_wis_mich,CFB,MICH,0.91,52119.0,52119.0,60,60
cfb_20251004_kent_okla,CFB,OKLA,0.99,50.0,50.0,1,1
cfb_20251004_syr_smu,CFB,SMU,0.88,829.0,829.0,5,5
cfb_20251004_ttu_hou,CFB,TTU,0.84,21107.0,21107.0,26,26
cfb_20251004_ulm_nw,CFB,NW,0.82,108.0,108.0,3,3
cfb_20251004_minn_osu,CFB,OSU,0.96,67879.0,67879.0,46,46
cfb_20251004_msst_txam,CFB,TXAM,0.89,14997.0,14997.0,55,55
cfb_20251004_afa_navy,CFB,NAVY,0.83,183.0,183.0,7,7
nfl_20251005_det_cin,NFL,DET,0.83,316948.0,316948.0,246,246
nfl_20251005_ten_ari,NFL,ARI,0.81,32318.0,32318.0,38,38
cfb_20251011_hou_okst,CFB,HOU,0.86,3697.0,3697.0,25,25
cfb_20251011_char_army,CFB,ARMY,0.9,113.0,113.0,3,3
cfb_20251011_stan_smu,CFB,SMU,0.91,1237.0,1237.0,8,8
cfb_20251011_vt_gt,CFB,GT,0.86,4592.0,4592.0,13,13
cfb_20251011_clem_bc,CFB,CLEM,0.86,6919.0,6919.0,13,13
cfb_20251012_unm_bsu,CFB,BSU,0.87,50016.0,50016.0,7,7
cfb_20251011_ku_ttu,CFB,TTU,0.85,27784.0,27784.0,40,40
cfb_20251011_ull_jmu,CFB,JMU,0.91,110.0,110.0,1,1
cfb_20251011_ncst_nd,CFB,ND,0.95,1948.0,1948.0,8,8
cfb_20251011_wsu_miss,CFB,MISS,0.97,76.0,76.0,3,3
cfb_20251011_osu_ill,CFB,OSU,0.87,74283.0,74283.0,83,83
cfb_20251011_oh_akr,CFB,M-OH,0.81,141.0,141.0,2,2
cfb_20251011_nw_psu,CFB,PSU,0.93,9113.0,9113.0,3,3
nfl_20251012_cin_gb,NFL,GB,0.89,216048.0,216048.0,207,207
cfb_20251016_tlsa_ecu,CFB,ECU,0.89,18.0,18.0,2,2
cfb_20251017_lou_mia,CFB,MIA,0.82,17334.0,17334.0,80,80
cfb_20251018_osu_wis,CFB,OSU,0.97,6356.0,6356.0,12,12
cfb_20251018_emu_oh,CFB,M-OH,0.82,1018.0,1018.0,3,3
cfb_20251018_fau_usf,CFB,USF,0.93,25.0,25.0,1,1
cfb_20251019_fsu_stan,CFB,FSU,0.9,2338.0,2338.0,5,5
cfb_20251018_wsu_uva,CFB,UVA,0.88,3840.0,3840.0,12,12
cfb_20251018_tex_uk,CFB,TEX,0.83,91310.0,91310.0,48,48
cfb_20251019_laf_orst,CFB,ORST,0.93,15001.0,15001.0,4,4
cfb_20251018_ore_rutg,CFB,ORE,0.91,7031.0,7031.0,9,9
cfb_20251019_cin_okst,CFB,CIN,0.96,37829.0,37829.0,10,10
cfb_20251018_unlv_bsu,CFB,BSU,0.82,3452.0,3452.0,11,11
cfb_20251018_msu_ind,CFB,IND,0.97,3117.0,3117.0,9,9
nfl_20251019_lv_kc,NFL,KC,0.87,68227.0,68227.0,128,128
cfb_20251025_bsu_nev,CFB,BSU,0.94,7553.0,7553.0,13,13
cfb_20251024_unt_char,CFB,UNT,0.97,8106.0,8106.0,12,12
cfb_20251025_stan_mia,CFB,MIA,0.96,142.0,142.0,6,6
cfb_20251026_colo_utah,CFB,UTAH,0.84,98335.0,98335.0,97,97
cfb_20251025_okst_ttu,CFB,TTU,0.99,430.0,430.0,3,3
cfb_20251025_ulm_usm,CFB,USM,0.84,1.0,1.0,1,1
cfb_20251025_wis_ore,CFB,ORE,0.99,1806.0,1806.0,6,6
cfb_20251025_ohio_emu,CFB,OHIO,0.81,2.0,2.0,2,2
cfb_20251025_ucla_ind,CFB,IND,0.95,96762.0,96762.0,49,49
cfb_20251025_bc_lou,CFB,LOU,0.97,521.0,521.0,3,3
cfb_20251025_syr_gt,CFB,GT,0.9,53577.0,53577.0,44,44
cfb_20251025_ala_scar,CFB,ALA,0.82,138760.0,138760.0,62,62
cfb_20251025_app_odu,CFB,ODU,0.83,3290.0,3290.0,6,6
cfb_20251025_uva_unc,CFB,UVA,0.81,21806.0,21806.0,55,55
cfb_20251025_tcu_wvu,CFB,TCU,0.88,23856.0,23856.0,13,13
cfb_20251025_mich_msu,CFB,MICH,0.83,46593.0,46593.0,49,49
cfb_20251025_fau_navy,CFB,NAVY,0.86,2.0,2.0,2,2
nfl_20251026_ten_ind,NFL,IND,0.92,81120.0,81120.0,65,65
nfl_20251028_was_kc,NFL,KC,0.84,129705.0,129705.0,234,234
cfb_20251029_utep_kenn,CFB,KENN,0.82,12095.0,12095.0,40,40
cfb_20251101_shsu_lt,CFB,LT,0.9,34146.0,34146.0,46,46
cfb_20251031_mem_rice,CFB,MEM,0.86,23603.0,23603.0,59,59
cfb_20251101_rutg_ill,CFB,ILL,0.83,2295.0,2295.0,21,21
cfb_20251101_okst_ku,CFB,KU,0.95,34.0,34.0,10,10
cfb_20251101_psu_osu,CFB,OSU,0.94,174609.0,174609.0,89,89
cfb_20251101_wvu_hou,CFB,HOU,0.85,22929.0,22929.0,60,60
cfb_20251101_uk_aub,CFB,AUB,0.82,1323.0,1323.0,20,20
cfb_20251101_scar_miss,CFB,MISS,0.83,14438.0,14438.0,31,31
cfb_20251101_pitt_stan,CFB,PITT,0.85,1976.0,1976.0,9,9
cfb_20251101_pur_mich,CFB,MICH,0.94,7146.0,7146.0,16,16
cfb_20251101_ind_md,CFB,IND,0.96,19664.0,19664.0,26,26
cfb_20251101_fres_bsu,CFB,BSU,0.91,6918.0,6918.0,13,13
cfb_20251101_nd_bc,CFB,ND,0.99,866.0,866.0,5,5
cfb_20251101_odu_ulm,CFB,ODU,0.88,615.0,615.0,6,6
nfl_20251102_car_gb,NFL,GB,0.88,13159.0,13159.0,57,57
nfl_20251102_lac_ten,NFL,LAC,0.83,18889.0,18889.0,67,67
nfl_20251102_min_det,NFL,DET,0.82,189347.0,189347.0,150,150
nfl_20251102_no_la,NFL,LA,0.91,136924.0,136924.0,34,34
cfb_20251105_mass_akr,CFB,AKR,0.83,9429.0,9429.0,26,26
cfb_20251106_niu_tol,CFB,TOL,0.87,30963.0,30963.0,30,30
nfl_20251107_lv_den,NFL,DEN,0.81,215865.0,215865.0,275,275
cfb_20251107_utsa_usf,CFB,USF,0.86,14042.0,14042.0,24,24
cfb_20251108_nw_usc,CFB,USC,0.86,16009.0,16009.0,46,46
cfb_20251108_byu_ttu,CFB,TTU,0.81,51891.0,51891.0,77,77
cfb_20251109_cal_lou,CFB,LOU,0.92,173.0,173.0,3,3
cfb_20251108_osu_pur,CFB,OSU,0.99,5013.0,5013.0,3,3
cfb_20251108_ind_psu,CFB,IND,0.87,41845.0,41845.0,97,97
cfb_20251108_smu_bc,CFB,SMU,0.81,14671.0,14671.0,52,52
cfb_20251109_shsu_orst,CFB,ORST,0.93,109.0,109.0,4,4
cfb_20251108_jmu_mrsh,CFB,JMU,0.84,3718.0,3718.0,12,12
cfb_20251109_navy_nd,CFB,ND,0.98,778.0,778.0,8,8
nfl_20251114_nyj_ne,NFL,NE,0.87,99465.0,99465.0,254,254
cfb_20251115_minn_ore,CFB,ORE,0.97,4394.0,4394.0,16,16
cfb_20251115_utsa_char,CFB,UTSA,0.9,1475.0,1475.0,4,4
cfb_20251115_unt_uab,CFB,UNT,0.9,2623.0,2623.0,11,11
cfb_20251115_scar_txam,CFB,TXAM,0.91,46692.0,46692.0,60,60
cfb_20251115_fau_tuln,CFB,TULN,0.9,5364.0,5364.0,4,4
cfb_20251115_ucf_ttu,CFB,TTU,0.95,27632.0,27632.0,19,19
cfb_20251115_mtu_wku,CFB,WKU,0.83,11001.0,11001.0,3,3
cfb_20251115_tntc_uk,CFB,UK,0.93,142.0,142.0,2,2
cfb_20251115_csu_unm,CFB,UNM,0.87,257.0,257.0,4,4
cfb_20251116_del_shsu,CFB,DEL,0.81,3525.0,3525.0,12,12
cfb_20251116_pur_wash,CFB,WASH,0.88,31507.0,31507.0,25,25
cfb_20251115_md_ill,CFB,ILL,0.88,161.0,161.0,2,2
cfb_20251115_nmsu_tenn,CFB,TENN,0.99,10.0,10.0,1,1
cfb_20251115_ncst_mia,CFB,MIA,0.86,2070.0,2070.0,11,11
cfb_20251115_mich_nw,CFB,MICH,0.81,6446.0,6446.0,75,75
cfb_20251116_vt_fsu,CFB,FSU,0.85,5742.0,5742.0,10,10
cfb_20251116_ucla_osu,CFB,OSU,0.99,37.0,37.0,2,2
cfb_20251116_fla_miss,CFB,MISS,0.82,98010.0,98010.0,105,105
cfb_20251115_nd_pitt,CFB,ND,0.82,33755.0,33755.0,107,107
cfb_20251115_gt_bc,CFB,GT,0.89,6473.0,6473.0,18,18
cfb_20251115_wis_ind,CFB,IND,0.98,2112.0,2112.0,7,7
cfb_20251115_ksu_okst,CFB,KSU,0.93,3346.0,3346.0,9,9
nfl_20251116_bal_cle,NFL,BAL,0.81,166986.0,166986.0,170,170
cfb_20251119_mass_ohio,CFB,OHIO,0.99,8.0,8.0,1,1
cfb_20251122_del_wake,CFB,WAKE,0.91,929.0,929.0,9,9
cfb_20251122_usf_uab,CFB,USF,0.94,2.0,2.0,2,2
cfb_20251122_ccar_scar,CFB,SCAR,0.96,20.0,20.0,3,3
cfb_20251122_rutg_osu,CFB,OSU,0.99,5921.0,5921.0,5,5
cfb_20251122_msu_iowa,CFB,IOWA,0.9,4324.0,4324.0,5,5
cfb_20251122_mer_aub,CFB,AUB,0.96,4.0,4.0,1,1
cfb_20251123_wku_lsu,CFB,LSU,0.95,13746.0,13746.0,8,8
cfb_20251123_wash_ucla,CFB,WASH,0.81,16582.0,16582.0,43,43
cfb_20251122_syr_nd,CFB,ND,0.99,98.0,98.0,1,1
cfb_20251123_csu_bsu,CFB,BSU,0.89,2420.0,2420.0,5,5
cfb_20251122_wsu_jmu,CFB,JMU,0.87,2180.0,2180.0,10,10
cfb_20251122_ball_tol,CFB,TOL,0.98,5.0,5.0,1,1
cfb_20251123_unt_rice,CFB,UNT,0.92,2060.0,2060.0,13,13
cfb_20251122_mich_md,CFB,MICH,0.84,4085.0,4085.0,25,25
cfb_20251122_okst_ucf,CFB,UCF,0.85,1020.0,1020.0,3,3
cfb_20251122_ksu_utah,CFB,UTAH,0.9,2188.0,2188.0,15,15
cfb_20251122_char_uga,CFB,UGA,0.99,32.0,32.0,1,1
cfb_20251123_sjsu_sdsu,CFB,SDSU,0.81,50241.0,50241.0,33,33
cfb_20251122_mia_vt,CFB,MIA,0.9,19991.0,19991.0,37,37
nfl_20251123_nyj_bal,NFL,BAL,0.91,6484.0,6484.0,56,56
nfl_20251123_sea_ten,NFL,SEA,0.89,63741.0,63741.0,41,41
nfl_20251123_nyg_det,NFL,DET,0.89,8820.0,21011.0,31,80
cfb_20251125_bgsu_mass,CFB,BGSU,0.86,60274.0,60274.0,22,22
cfb_20251128_tem_unt,CFB,UNT,0.94,423.0,423.0,9,9
cfb_20251129_ind_pur,CFB,IND,0.98,993.0,993.0,4,4
cfb_20251128_uga_gt,CFB,UGA,0.88,51065.0,51065.0,56,56
cfb_20251128_utah_ku,CFB,UTAH,0.81,8923.0,8923.0,43,43
cfb_20251129_ball_moh,CFB,MOH,0.9,201.0,201.0,2,2
cfb_20251129_fiu_shsu,CFB,FIU,0.81,1045.0,1045.0,2,2
cfb_20251129_ucf_byu,CFB,BYU,0.92,15769.0,15769.0,11,11
cfb_20251129_isu_okst,CFB,ISU,0.86,8806.0,8806.0,42,42
cfb_20251130_nd_stan,CFB,ND,0.99,1468.0,1468.0,2,2
cfb_20251130_smu_cal,CFB,SMU,0.84,13330.0,13330.0,25,25
cfb_20251129_lsu_okla,CFB,OKLA,0.82,24796.0,24796.0,72,72
cfb_20251129_psu_rutg,CFB,PSU,0.85,680.0,680.0,12,12
cfb_20251129_ucla_usc,CFB,USC,0.94,2226.0,2226.0,28,28
cfb_20251129_colo_ksu,CFB,KSU,0.9,2652.0,2652.0,15,15
cfb_20251129_ball_oh,CFB,M-OH,0.89,5.0,7.0,1,3
cfb_20251129_jmu_ccar,CFB,JMU,0.96,36.0,36.0,3,3
cfb_20251130_char_tuln,CFB,TULN,0.99,2964.0,2964.0,3,3
cfb_20251129_tol_cmu,CFB,TOL,0.81,2.0,2.0,2,2
cfb_20251129_ttu_wvu,CFB,TTU,0.95,2371.0,2371.0,13,13
cfb_20251129_orst_wsu,CFB,WSU,0.85,619.0,619.0,4,4
cfb_20251129_ulm_ull,CFB,ULL,0.81,22.0,22.0,3,3
nfl_20251130_la_car,NFL,LA,0.83,53213.0,53213.0,158,158
nfl_20251130_min_sea,NFL,SEA,0.87,153887.0,153887.0,142,142
nfl_20251130_lv_lac,NFL,LAC,0.81,127986.0,127986.0,244,244
cfb_20251206_troy_jmu,CFB,JMU,0.95,72041.0,72041.0,29,29
cfb_20251206_byu_ttu,CFB,TTU,0.83,32595.0,32595.0,212,212
nfl_20251207_la_ari,NFL,LA,0.82,123857.0,123857.0,214,214
nfl_20251214_ten_sf,NFL,SF,0.89,65043.0,65043.0,129,129
nfl_20251214_ari_hou,NFL,HOU,0.83,71841.0,71841.0,133,133
nfl_20251214_ind_sea,NFL,SEA,0.87,137621.0,137621.0,221,221
nfl_20251214_nyj_jac,NFL,JAC,0.88,10699.0,10699.0,95,95
nfl_20251214_lv_phi,NFL,PHI,0.89,22217.0,22217.0,106,106
cfb_20251220_tuln_miss,CFB,MISS,0.89,188167.0,188167.0,106,106
cfb_20251221_jmu_ore,CFB,ORE,0.93,391302.0,391302.0,229,229
nfl_20251221_lv_hou,NFL,HOU,0.91,159435.0,159435.0,118,118
nfl_20251221_buf_cle,NFL,BUF,0.84,161108.0,161108.0,245,245
cfb_20251223_tol_lou,CFB,LOU,0.82,93316.0,93316.0,94,94
nfl_20251225_den_kc,NFL,DEN,0.87,522574.0,522574.0,555,555
cfb_20251226_cmu_nw,CFB,NW,0.81,37831.0,37831.0,87,87
cfb_20251227_pitt_ecu,CFB,PITT,0.83,26308.0,26308.0,95,95
nfl_20251228_ne_nyj,NFL,NE,0.89,101918.0,101918.0,172,172
cfb_20251231_neb_utah,CFB,UTAH,0.85,43579.0,43579.0,38,38
cfb_20260102_rice_txst,CFB,TXST,0.89,77681.0,77681.0,60,60
nfl_20260104_gb_min,NFL,MIN,0.85,28458.0,28458.0,66,66
nfl_20260104_ari_la,NFL,LA,0.93,6746.0,6746.0,66,66
nfl_20260104_mia_ne,NFL,NE,0.9,52942.0,52942.0,168,168
nfl_20260104_ind_hou,NFL,HOU,0.83,7439.0,7439.0,69,69
nfl_20260104_nyj_buf,NFL,BUF,0.87,44023.0,44023.0,169,169
nfl_20260104_lac_den,NFL,DEN,0.9,107480.0,107480.0,164,164
nfl_20260104_ten_jac,NFL,JAC,0.87,31921.0,31921.0,51,51
nfl_20260110_la_car,NFL,LA,0.83,108645.0,108645.0,531,531
