jump_idx,jump_ts,t_s,jump_cents,direction,planted_lag_s
0,1790529500000000000,1100,9.83,-1,2
1,1790530173000000000,1773,9.69,-1,2
2,1790531296000000000,2896,5.3,-1,2
3,1790531978000000000,3578,8.23,1,2
4,1790532487000000000,4087,4.96,1,2
5,1790533753000000000,5353,5.53,1,2
6,1790534252000000000,5852,6.7,1,2
7,1790534807000000000,6407,7.51,-1,2
8,1790535269000000000,6869,8.01,1,2
9,1790536444000000000,8044,7.65,-1,2
10,1790536960000000000,8560,7.81,1,2
11,1790538369000000000,9969,7.95,1,2
12,1790538824000000000,10424,4.58,-1,2
13,1790539287000000000,10887,3.15,-1,2
14,1790540249000000000,11849,3.79,-1,2
