trial,trades,games,alt_roc,alt_roc_lo,alt_roc_hi,alt_c_per_contract,roc,roc_lo,roc_hi,pnl,c_per_contract,sharpe_daily,sharpe_x365,max_dd,excl5_pnl,excl5_roc,game_days,win_rate,breakeven,holm_p,raw_p,label
U.gmm.k16.m1.n100.maker.secondary,143,58,0.03814781247425229,-0.022441792864010685,0.08499223250031948,3.237762237762239,0.035656162154164825,-0.024516571987453363,0.08214279008543587,43.38,3.033566433566434,0.41054021480328234,7.843359790887748,16.1,3.959999999999999,0.004099209142478572,15.0,0.8811188811188811,0.8507832167832168,1.0,0.06522152857905616,"post-hoc, exploratory; clusters fit on past weeks only; training only; holdout not run"
U.gmm.k16.m1.n300.maker.secondary,122,48,0.03730664240218381,-0.022087243347456854,0.08086762557719317,3.360655737704918,0.03518728717366628,-0.02397868148596087,0.07845856016964088,38.75,3.1762295081967213,0.5083153344724954,9.711350829305776,16.1,6.859999999999998,0.008040884262840796,10.0,0.9344262295081968,0.9026639344262296,1.0,0.06798720062935437,"post-hoc, exploratory; clusters fit on past weeks only; training only; holdout not run"
U.gmm.k16.m0.n300.taker.secondary,126,49,0.025446586296931428,-0.03836053517390006,0.07440105939930203,2.3436507936507955,0.02544658629693142,-0.038360535173900076,0.07440105939930203,29.52999999999999,2.343650793650793,0.4504348385390369,8.605545507167816,15.810000000000002,-2.45,-0.0026274867285109122,6.0,0.9444444444444444,0.9210079365079366,1.0,0.1401951717991845,"post-hoc, exploratory; clusters fit on past weeks only; training only; holdout not run"
U.gmm.k16.m0.n100.taker.secondary,136,52,0.022486101922102035,-0.0437494352528729,0.07042187439527674,1.924264705882354,0.022486101922102028,-0.04374943525287292,0.07042187439527672,26.169999999999998,1.9242647058823528,0.3576181461655551,6.832285089222656,15.810000000000002,-5.81,-0.006208525234823307,7.0,0.875,0.8557573529411764,1.0,0.17134593729400893,"post-hoc, exploratory; clusters fit on past weeks only; training only; holdout not run"
U.gmm.k16.m1.n100.maker.primary,37,37,0.01929377502730251,-0.10981236560250239,0.13676836235293788,1.4324324324324331,0.01581773327528661,-0.11322223827395211,0.13259654770682966,4.359999999999999,1.178378378378378,0.07763235981531644,1.483164151748075,11.45,-14.020000000000001,-0.057454307024014425,13.0,0.7567567567567568,0.7449729729729728,1.0,0.3864838621318447,"post-hoc, exploratory; clusters fit on past weeks only; training only; holdout not run"
U.kmeans.k16.m1.n300.maker.primary,105,105,0.018027571580063614,-0.15070382681178143,0.19497914727315221,0.809523809523809,0.010526315789473665,-0.157545085192258,0.18651212755649357,4.999999999999991,0.4761904761904754,0.024354841868576865,0.4652986005693928,25.389999999999997,-34.13000000000001,-0.07353543188330859,23.0,0.45714285714285713,0.4523809523809524,1.0,0.45279930397178136,"post-hoc, exploratory; clusters fit on past weeks only; training only; holdout not run"
U.kmeans.k16.m0.n300.maker.secondary,3822,608,0.0003990030705888496,-0.05553771691080875,0.05503382095826429,0.018053375196232277,-0.006481416608184984,-0.062148618999838,0.04781159173441729,-112.86000000000013,-0.2952904238618528,-0.025941846498515997,-0.49561828145225517,505.93000000000006,-581.3500000000001,-0.03352391826472565,75.0,0.45264259549973834,0.4555954997383569,1.0,0.5888572684396461,"post-hoc, exploratory; clusters fit on past weeks only; training only; holdout not run"
U.gmm.k8.m0.n300.maker.secondary,335,133,-0.005811104109780847,-0.07636155785700563,0.04891357340648666,-0.4955223880597014,-0.008397199769557105,-0.07882866464579318,0.04619457435466917,-24.049999999999997,-0.717910447761194,-0.061726993016703216,-1.1792925457293055,106.07999999999998,-83.15000000000002,-0.03134010515801972,15.0,0.8477611940298507,0.8549402985074628,1.0,0.5968996601026093,"post-hoc, exploratory; clusters fit on past weeks only; training only; holdout not run"
U.gmm.k8.m0.n100.maker.secondary,335,133,-0.005811104109780847,-0.07636155785700563,0.04891357340648666,-0.4955223880597014,-0.008397199769557105,-0.07882866464579318,0.04619457435466917,-24.049999999999997,-0.717910447761194,-0.061726993016703216,-1.1792925457293055,106.07999999999998,-83.15000000000002,-0.03134010515801972,15.0,0.8477611940298507,0.8549402985074628,1.0,0.5968996601026093,"post-hoc, exploratory; clusters fit on past weeks only; training only; holdout not run"
U.gmm.k16.m1.n300.maker.primary,27,27,-0.007337073802330595,-0.13722438854368943,0.10310886259402863,-0.6296296296296293,-0.010028838290362847,-0.13974419576082184,0.10007860027002752,-2.33,-0.8629629629629629,-0.07391217615796386,-1.4120901427699815,11.45,-12.760000000000002,-0.06619630628761154,8.0,0.8518518518518519,0.8604814814814814,1.0,0.5875798047805496,"post-hoc, exploratory; clusters fit on past weeks only; training only; holdout not run"
U.kmeans.k16.m0.n100.maker.secondary,3864,618,-0.0035489252891026763,-0.05717228563297262,0.0508256717444027,-0.16019668737060064,-0.010436535275261484,-0.06382623146597782,0.04349762965166888,-183.30000000000027,-0.4743788819875783,-0.04147964068148187,-0.7924674225093853,505.93,-651.7900000000001,-0.03726262435119562,79.0,0.4497929606625259,0.45453674948240164,1.0,0.6436887307187742,"post-hoc, exploratory; clusters fit on past weeks only; training only; holdout not run"
U.gmm.k16.m0.n300.taker.primary,36,36,-0.011338709179102154,-0.12576374215086816,0.07875031409331595,-1.0194444444444426,-0.011338709179102164,-0.12576374215086822,0.07875031409331594,-3.6699999999999973,-1.0194444444444437,-0.11224791747052111,-2.1444934521726,14.77,-13.889999999999997,-0.04892740145831131,6.0,0.8888888888888888,0.8990833333333332,1.0,0.6167642862619663,"post-hoc, exploratory; clusters fit on past weeks only; training only; holdout not run"
U.gmm.k16.m0.n100.taker.primary,39,39,-0.016866877630649157,-0.12710993489326172,0.07164339061194926,-1.407692307692306,-0.016866877630649167,-0.12710993489326172,0.07164339061194923,-5.489999999999997,-1.407692307692307,-0.15700219016668437,-2.999522631478972,14.77,-15.709999999999997,-0.054985824787371795,7.0,0.8205128205128205,0.8345897435897434,1.0,0.669878572682543,"post-hoc, exploratory; clusters fit on past weeks only; training only; holdout not run"
U.kmeans.k16.m1.n100.maker.primary,121,121,-0.011351153423654366,-0.17504628285791674,0.16063676471287683,-0.5123966942148771,-0.01880621422730989,-0.18206090401609806,0.15107422426008002,-10.35,-0.8553719008264463,-0.04340676249821412,-0.8292850331221311,44.43000000000001,-49.480000000000004,-0.09171795061911472,26.0,0.4462809917355372,0.45483471074380166,1.0,0.5886236206022997,"post-hoc, exploratory; clusters fit on past weeks only; training only; holdout not run"
U.gmm.k16.m0.n100.maker.secondary,2040,369,-0.024253731343283576,-0.07277127794897521,0.02288259714753072,-1.2745098039215683,-0.030082285370933267,-0.07815881170495809,0.01681961282341896,-324.4200000000001,-1.5902941176470593,-0.1702807373702706,-3.2532089196003873,441.1599999999999,-557.39,-0.05319931776902454,61.0,0.5127450980392156,0.5286480392156863,1.0,0.9062358037040122,"post-hoc, exploratory; clusters fit on past weeks only; training only; holdout not run"
U.gmm.k16.m0.n300.maker.secondary,2018,365,-0.025668086389506614,-0.07754503060785901,0.022201927674229373,-1.3498513379583743,-0.03148788376355942,-0.08317752230896185,0.016094589563683176,-336.17,-1.6658572844400397,-0.1796795475405869,-3.4327729357769003,452.9099999999999,-569.14,-0.0548878691964811,59.0,0.512388503468781,0.5290470763131814,1.0,0.9140681980468227,"post-hoc, exploratory; clusters fit on past weeks only; training only; holdout not run"
U.gmm.k8.m0.n300.taker.secondary,80,29,-0.04455598767342653,-0.18445721675133372,0.05202372277315767,-4.138749999999999,-0.04455598767342655,-0.18445721675133378,0.05202372277315767,-33.11,-4.13875,,,33.11,-53.78,-0.09212374524649695,1.0,0.8875,0.9288875000000001,1.0,0.840257246388289,"post-hoc, exploratory; clusters fit on past weeks only; training only; holdout not run"
U.gmm.k8.m0.n100.taker.secondary,80,29,-0.04455598767342653,-0.18445721675133372,0.05202372277315767,-4.138749999999999,-0.04455598767342655,-0.18445721675133378,0.05202372277315767,-33.11,-4.13875,,,33.11,-53.78,-0.09212374524649695,1.0,0.8875,0.9288875000000001,1.0,0.840257246388289,"post-hoc, exploratory; clusters fit on past weeks only; training only; holdout not run"
U.kmeans.k16.m0.n100.maker.primary,425,425,-0.04234625168337573,-0.13008540325845158,0.04584604811973332,-1.9976470588235298,-0.049674315468530364,-0.13669456652269976,0.037777388421212435,-100.35999999999999,-2.361411764705882,-0.1789318250742536,-3.4184877181155993,110.45000000000003,-142.51999999999998,-0.07081668753602448,75.0,0.45176470588235296,0.47537882352941174,1.0,0.9373785798144543,"post-hoc, exploratory; clusters fit on past weeks only; training only; holdout not run"
U.gmm.k8.m0.n100.maker.primary,66,66,-0.046321525885558566,-0.1783699363536457,0.06983551915575295,-3.606060606060604,-0.049761470736531845,-0.18148342975436935,0.06600230588722432,-25.66000000000001,-3.8878787878787895,-0.27551670541362616,-5.2637392660657385,44.760000000000005,-54.31999999999999,-0.10988833144521769,13.0,0.7424242424242424,0.7813030303030303,1.0,0.8387685698464472,"post-hoc, exploratory; clusters fit on past weeks only; training only; holdout not run"
U.gmm.k8.m0.n300.maker.primary,66,66,-0.046321525885558566,-0.1783699363536457,0.06983551915575295,-3.606060606060604,-0.049761470736531845,-0.18148342975436935,0.06600230588722432,-25.66000000000001,-3.8878787878787895,-0.27551670541362616,-5.2637392660657385,44.760000000000005,-54.31999999999999,-0.10988833144521769,13.0,0.7424242424242424,0.7813030303030303,1.0,0.8387685698464472,"post-hoc, exploratory; clusters fit on past weeks only; training only; holdout not run"
U.kmeans.k16.m0.n300.maker.primary,416,416,-0.0431846090871879,-0.128508363443401,0.046590023160418235,-2.028846153846154,-0.050544540631108636,-0.13520167082794485,0.038366320564607356,-99.55000000000004,-2.393028846153847,-0.18840685757710948,-3.599507959910582,100.53000000000003,-141.70999999999998,-0.07223799644187978,70.0,0.4495192307692308,0.47344951923076917,1.0,0.9403735844756651,"post-hoc, exploratory; clusters fit on past weeks only; training only; holdout not run"
U.gmm.k8.m1.n300.maker.secondary,57,23,-0.054641709207789727,-0.19803177055380275,0.05306135241579663,-5.070175438596491,-0.05631888872112341,-0.19971982403184915,0.05141068662177637,-29.84,-5.235087719298245,,,29.840000000000003,-46.280000000000015,-0.1298978331649265,1.0,0.8771929824561403,0.9295438596491227,1.0,0.8402572463882904,"post-hoc, exploratory; clusters fit on past weeks only; training only; holdout not run"
U.gmm.k8.m1.n100.maker.secondary,57,23,-0.054641709207789727,-0.19803177055380275,0.05306135241579663,-5.070175438596491,-0.05631888872112341,-0.19971982403184915,0.05141068662177637,-29.84,-5.235087719298245,,,29.840000000000003,-46.280000000000015,-0.1298978331649265,1.0,0.8771929824561403,0.9295438596491227,1.0,0.8402572463882904,"post-hoc, exploratory; clusters fit on past weeks only; training only; holdout not run"
U.gmm.k16.m0.n300.maker.primary,266,266,-0.05352711804324708,-0.1441836816369299,0.038463380318160774,-2.8383458646616533,-0.05955450357157952,-0.14948550543704728,0.03231033172488551,-84.54,-3.178195488721805,-0.19404931952386037,-3.7073070440416367,104.12999999999997,-124.57,-0.08837446880963698,55.0,0.5018796992481203,0.5336616541353384,1.0,0.9225183163583548,"post-hoc, exploratory; clusters fit on past weeks only; training only; holdout not run"
U.gmm.k16.m0.n100.maker.primary,270,270,-0.055676472653233146,-0.14751735692909293,0.03105004751346211,-2.9370370370370362,-0.06170427988419546,-0.15314095645793277,0.02415124624723202,-88.45000000000003,-3.2759259259259275,-0.19947475345596036,-3.810959813774661,108.03999999999996,-128.48000000000002,-0.09025767836569534,57.0,0.4981481481481482,0.5309074074074073,1.0,0.9314841759007674,"post-hoc, exploratory; clusters fit on past weeks only; training only; holdout not run"
U.kmeans.k16.m1.n300.maker.secondary,696,144,-0.06029456888616139,-0.20161233732405734,0.08079962362640761,-2.258620689655172,-0.06777113591135836,-0.2082511896011247,0.07257609626899394,-178.10999999999999,-2.5590517241379307,-0.17371730451936582,-3.3188644427963663,209.64999999999995,-453.26,-0.18252619540442802,23.0,0.35201149425287354,0.37760201149425293,1.0,0.7979715660257065,"post-hoc, exploratory; clusters fit on past weeks only; training only; holdout not run"
U.kmeans.k16.m1.n100.maker.secondary,733,165,-0.07691185055458259,-0.21490539987340027,0.05945960573391225,-2.875852660300137,-0.08436176757989215,-0.22078203794513593,0.050815592427485325,-233.1,-3.180081855388813,-0.20929316251463131,-3.9985402554572578,238.85000000000002,-508.25,-0.19411820872720328,26.0,0.3451568894952251,0.3769577080491132,1.0,0.8554037946322377,"post-hoc, exploratory; clusters fit on past weeks only; training only; holdout not run"
U.gmm.k8.m0.n100.taker.primary,22,22,-0.08897661706650471,-0.28626051491205706,0.07094432633616554,-7.99090909090909,-0.08897661706650474,-0.28626051491205706,0.07094432633616553,-17.580000000000005,-7.990909090909093,,,17.580000000000002,-27.24,-0.17323836174001528,1.0,0.8181818181818182,0.8980909090909092,1.0,0.8402572463882901,"post-hoc, exploratory; clusters fit on past weeks only; training only; holdout not run"
U.gmm.k8.m0.n300.taker.primary,22,22,-0.08897661706650471,-0.28626051491205706,0.07094432633616554,-7.99090909090909,-0.08897661706650474,-0.28626051491205706,0.07094432633616553,-17.580000000000005,-7.990909090909093,,,17.580000000000002,-27.24,-0.17323836174001528,1.0,0.8181818181818182,0.8980909090909092,1.0,0.8402572463882901,"post-hoc, exploratory; clusters fit on past weeks only; training only; holdout not run"
U.gmm.k8.m1.n100.maker.primary,13,13,-0.13941480206540452,-0.3939525007864107,0.08423686405337782,-12.461538461538463,-0.14148351648351648,-0.3954155152436613,0.08198085726175612,-16.48,-12.676923076923078,,,16.48,-23.340000000000003,-0.3182437960185438,1.0,0.7692307692307693,0.8960000000000001,1.0,0.8402572463882894,"post-hoc, exploratory; clusters fit on past weeks only; training only; holdout not run"
U.gmm.k8.m1.n300.maker.primary,13,13,-0.13941480206540452,-0.3939525007864107,0.08423686405337782,-12.461538461538463,-0.14148351648351648,-0.3954155152436613,0.08198085726175612,-16.48,-12.676923076923078,,,16.48,-23.340000000000003,-0.3182437960185438,1.0,0.7692307692307693,0.8960000000000001,1.0,0.8402572463882894,"post-hoc, exploratory; clusters fit on past weeks only; training only; holdout not run"
U.kmeans.k8.m0.n300.maker.secondary,409,41,-0.16092608898327038,-0.35818659766032634,0.02548144891598457,-7.596577017114916,-0.16771558478255288,-0.363525680262753,0.01765321186065165,-326.45000000000005,-7.9816625916870425,-0.7230256179404387,-13.813385035259312,326.45000000000005,-529.23,-0.337254577085577,9.0,0.3960880195599022,0.47590464547677264,1.0,0.9661566499222711,"post-hoc, exploratory; clusters fit on past weeks only; training only; holdout not run"
U.kmeans.k8.m0.n100.maker.secondary,409,41,-0.16092608898327038,-0.35818659766032634,0.02548144891598457,-7.596577017114916,-0.16771558478255288,-0.363525680262753,0.01765321186065165,-326.45000000000005,-7.9816625916870425,-0.7230256179404387,-13.813385035259312,326.45000000000005,-529.23,-0.337254577085577,9.0,0.3960880195599022,0.47590464547677264,1.0,0.9661566499222711,"post-hoc, exploratory; clusters fit on past weeks only; training only; holdout not run"
U.kmeans.k16.m1.n100.taker.primary,22,22,-0.18083145607208675,-0.5921274803544527,0.22405723636888525,-8.027272727272724,-0.1808314560720868,-0.5921274803544527,0.22405723636888522,-17.659999999999997,-8.027272727272726,-0.4833943859396804,-9.235236776102184,23.08,-43.8,-0.5934959349593496,3.0,0.36363636363636365,0.4439090909090909,1.0,0.8100265606223591,"post-hoc, exploratory; clusters fit on past weeks only; training only; holdout not run"
U.kmeans.k16.m0.n100.taker.primary,35,35,-0.1899256204433316,-0.5508721451779831,0.19799401353311327,-7.368571428571428,-0.1899256204433316,-0.5508721451779831,0.19799401353311327,-25.79,-7.368571428571428,-0.5432077709103886,-10.377969891446165,31.21,-59.220000000000006,-0.4967287367891294,6.0,0.3142857142857143,0.3879714285714285,1.0,0.8940893626281021,"post-hoc, exploratory; clusters fit on past weeks only; training only; holdout not run"
U.kmeans.k8.m0.n300.maker.primary,37,37,-0.20389208314904916,-0.4510597244972245,0.03139123578281514,-12.459459459459461,-0.20903458276574244,-0.4544037321331032,0.02410414256209242,-47.57000000000001,-12.85675675675676,-0.5064535293745891,-9.675781092854049,47.57,-75.24000000000001,-0.366595205612941,8.0,0.4864864864864865,0.6150540540540542,1.0,0.9103779858766956,"post-hoc, exploratory; clusters fit on past weeks only; training only; holdout not run"
U.kmeans.k8.m0.n100.maker.primary,37,37,-0.20389208314904916,-0.4510597244972245,0.03139123578281514,-12.459459459459461,-0.20903458276574244,-0.4544037321331032,0.02410414256209242,-47.57000000000001,-12.85675675675676,-0.5064535293745891,-9.675781092854049,47.57,-75.24000000000001,-0.366595205612941,8.0,0.4864864864864865,0.6150540540540542,1.0,0.9103779858766956,"post-hoc, exploratory; clusters fit on past weeks only; training only; holdout not run"
U.kmeans.k16.m0.n300.taker.primary,13,13,-0.2132179386309993,-0.7850529100529097,0.6400176010681392,-6.253846153846156,-0.2132179386309993,-0.7850529100529097,0.6400176010681392,-8.130000000000003,-6.253846153846156,-3.3174831710408665,-63.38042698973294,8.129999999999999,-26.01,-1.0,3.0,0.23076923076923078,0.29330769230769227,1.0,0.9536449080801114,"post-hoc, exploratory; clusters fit on past weeks only; training only; holdout not run"
U.kmeans.k16.m1.n100.taker.secondary,49,23,-0.33177413965920477,-0.6444739439602523,0.0302932732179752,-12.159183673469387,-0.3317741396592048,-0.6444739439602521,0.030293273217975168,-59.58,-12.159183673469387,-0.619475077757534,-11.835054742855501,65.0,-91.72,-0.6471916454981654,3.0,0.24489795918367346,0.3664897959183674,1.0,0.8513931892439999,"post-hoc, exploratory; clusters fit on past weeks only; training only; holdout not run"
U.kmeans.k16.m0.n100.taker.secondary,163,36,-0.41476660892363876,-0.6778592577512488,-0.11416090978839073,-10.869938650306748,-0.41476660892363876,-0.6778592577512488,-0.11416090978839077,-177.17999999999998,-10.869938650306747,-0.6513843792090545,-12.444681091105199,182.6,-240.56,-0.6862163395709722,6.0,0.15337423312883436,0.26207361963190184,1.0,0.922148779271904,"post-hoc, exploratory; clusters fit on past weeks only; training only; holdout not run"
U.kmeans.k16.m0.n300.taker.secondary,114,13,-0.47495961227786754,-0.881915015594989,-0.034302096861590484,-10.31578947368421,-0.47495961227786754,-0.881915015594989,-0.034302096861590504,-117.6,-10.31578947368421,-0.6334418563775137,-12.101889673724992,117.60000000000001,-144.89,-0.8787070167990781,3.0,0.11403508771929824,0.21719298245614035,1.0,0.8547978000190499,"post-hoc, exploratory; clusters fit on past weeks only; training only; holdout not run"
U.kmeans.k8.m0.n100.taker.primary,0,0,,,,,,,,,,,,,,,,,,1.0,1.0,"post-hoc, exploratory; clusters fit on past weeks only; training only; holdout not run"
U.kmeans.k8.m0.n100.taker.secondary,0,0,,,,,,,,,,,,,,,,,,1.0,1.0,"post-hoc, exploratory; clusters fit on past weeks only; training only; holdout not run"
U.kmeans.k8.m0.n300.taker.primary,0,0,,,,,,,,,,,,,,,,,,1.0,1.0,"post-hoc, exploratory; clusters fit on past weeks only; training only; holdout not run"
U.kmeans.k8.m0.n300.taker.secondary,0,0,,,,,,,,,,,,,,,,,,1.0,1.0,"post-hoc, exploratory; clusters fit on past weeks only; training only; holdout not run"
U.kmeans.k8.m1.n100.taker.primary,0,0,,,,,,,,,,,,,,,,,,1.0,1.0,"post-hoc, exploratory; clusters fit on past weeks only; training only; holdout not run"
U.kmeans.k8.m1.n100.taker.secondary,0,0,,,,,,,,,,,,,,,,,,1.0,1.0,"post-hoc, exploratory; clusters fit on past weeks only; training only; holdout not run"
U.kmeans.k8.m1.n100.maker.primary,0,0,,,,,,,,,,,,,,,,,,1.0,1.0,"post-hoc, exploratory; clusters fit on past weeks only; training only; holdout not run"
U.kmeans.k8.m1.n100.maker.secondary,0,0,,,,,,,,,,,,,,,,,,1.0,1.0,"post-hoc, exploratory; clusters fit on past weeks only; training only; holdout not run"
U.kmeans.k8.m1.n300.taker.primary,0,0,,,,,,,,,,,,,,,,,,1.0,1.0,"post-hoc, exploratory; clusters fit on past weeks only; training only; holdout not run"
U.kmeans.k8.m1.n300.taker.secondary,0,0,,,,,,,,,,,,,,,,,,1.0,1.0,"post-hoc, exploratory; clusters fit on past weeks only; training only; holdout not run"
U.kmeans.k8.m1.n300.maker.primary,0,0,,,,,,,,,,,,,,,,,,1.0,1.0,"post-hoc, exploratory; clusters fit on past weeks only; training only; holdout not run"
U.kmeans.k8.m1.n300.maker.secondary,0,0,,,,,,,,,,,,,,,,,,1.0,1.0,"post-hoc, exploratory; clusters fit on past weeks only; training only; holdout not run"
U.kmeans.k16.m1.n300.taker.primary,0,0,,,,,,,,,,,,,,,,,,1.0,1.0,"post-hoc, exploratory; clusters fit on past weeks only; training only; holdout not run"
U.kmeans.k16.m1.n300.taker.secondary,0,0,,,,,,,,,,,,,,,,,,1.0,1.0,"post-hoc, exploratory; clusters fit on past weeks only; training only; holdout not run"
U.gmm.k8.m1.n100.taker.primary,0,0,,,,,,,,,,,,,,,,,,1.0,1.0,"post-hoc, exploratory; clusters fit on past weeks only; training only; holdout not run"
U.gmm.k8.m1.n100.taker.secondary,0,0,,,,,,,,,,,,,,,,,,1.0,1.0,"post-hoc, exploratory; clusters fit on past weeks only; training only; holdout not run"
U.gmm.k8.m1.n300.taker.primary,0,0,,,,,,,,,,,,,,,,,,1.0,1.0,"post-hoc, exploratory; clusters fit on past weeks only; training only; holdout not run"
U.gmm.k8.m1.n300.taker.secondary,0,0,,,,,,,,,,,,,,,,,,1.0,1.0,"post-hoc, exploratory; clusters fit on past weeks only; training only; holdout not run"
U.gmm.k16.m1.n100.taker.primary,0,0,,,,,,,,,,,,,,,,,,1.0,1.0,"post-hoc, exploratory; clusters fit on past weeks only; training only; holdout not run"
U.gmm.k16.m1.n100.taker.secondary,0,0,,,,,,,,,,,,,,,,,,1.0,1.0,"post-hoc, exploratory; clusters fit on past weeks only; training only; holdout not run"
U.gmm.k16.m1.n300.taker.primary,0,0,,,,,,,,,,,,,,,,,,1.0,1.0,"post-hoc, exploratory; clusters fit on past weeks only; training only; holdout not run"
U.gmm.k16.m1.n300.taker.secondary,0,0,,,,,,,,,,,,,,,,,,1.0,1.0,"post-hoc, exploratory; clusters fit on past weeks only; training only; holdout not run"
